cluster_id	cluster_size	sample	background	enrichment_pvalue_zbinom	enrichment_fdr_zbinom	log_fold_change	sample_usage	background_usage	sample_fraction_in_cluster	log2fc_smooth	fc_smooth	minus_log10_fdr	support_log	enrichment_support_score	enrichment_stat_score	internal_edges_n	internal_mreach_q90	cohesion	external_edges_n	external_mreach_q10	separation	density_validity	geometry_score	has_density_validity	is_sample_knn_closed	log2_odds	odds_ratio	dbcv_with_odds	redcea_auxiliary_validity	is_good_candidate	is_good_candidate_relaxed
0	748	135	613	0.0862004253985395	0.1197570195715424	-0.0640390709934579	0.0009660314711585937	0.0011195161060563448	0.1804812834224599	-0.20857601478107135	0.8653909779174862	0.9216990209460625	4.912654885736052	0.0	0.0	920	23.92089080810547	23.92089080810547	25	24.06528549194336	24.06528549194336	0.0060001234511110274	0.0060001234511110274	True	False	-0.2088015253735538	0.8652557174674956	0.0	0.0	False	False
1	2963	526	2437	0.0001149518800571	0.0002743330143695	-0.0727821500028953	0.0037639448431808914	0.004450670066002141	0.17752278096523794	-0.2407023049706547	0.8463332164554519	3.5617219244562865	6.267200548541362	0.0	0.0	3576	33.7960319519043	33.7960319519043	106	20.806507110595703	20.806507110595703	-0.38435059061946103	0.0	True	False	-0.24170098414390573	0.8457475605420145	0.0	0.0	False	False
2	1931	563	1368	0.0	0.0	0.2075099324951452	0.004028709024165098	0.002498365469959347	0.2915587778353185	0.6900865583352278	1.6133803145937256	300.0	6.335054251498059	4.371735785283248	218.5867892641624	3781	27.79753875732422	27.79753875732422	160	22.650654792785645	22.650654792785645	-0.1851561035482845	0.0	True	False	0.6922977447268099	1.6158550024480827	0.0	0.0	False	False
3	905	168	737	0.1425738636566849	0.1873690302785487	-0.0490705711037503	0.0012021724974418055	0.001345976134035116	0.1856353591160221	-0.15969998042674405	0.8952112176568965	0.7273021908795454	5.1298987149230735	0.0	0.0	1162	27.624540328979492	27.624540328979492	14	25.939722061157227	25.939722061157227	-0.06098991142505307	0.0	True	False	-0.15991155873213891	0.8950799401665326	0.0	0.0	False	False
4	2108	377	1731	0.0020213819970407	0.0040118244737185	-0.0688680826412574	0.0026977323305688136	0.0031613089389617172	0.178842504743833	-0.22727936045682284	0.8542443107879413	2.396658076589575	5.934894195619588	0.0	0.0	2587	27.873249053955078	27.873249053955078	52	21.32463836669922	21.32463836669922	-0.2349424953861503	0.0	True	False	-0.22795397935846218	0.8538449508234601	0.0	0.0	False	False
5	3427	740	2687	0.0379068320070012	0.057376488913321	0.0330516883256755	0.005295283619684144	0.004907242703056114	0.21593230230522323	0.1105013634526264	1.079603353635249	1.24126603141635	6.608000625296087	0.7301930787910254	0.9063638650786222	5062	28.571395111083994	28.571395111083994	118	22.30494785308838	22.30494785308838	-0.2193259108850659	0.0	True	False	0.1110601932282842	1.0800216203827044	0.0	0.0	False	False
6	3990	837	3153	0.2535479118615658	0.3161222362632983	0.0170891222731789	0.005989395121183281	0.005758294098524723	0.20977443609022556	0.05740163988931801	1.04058992181151	0.5001449545027251	6.731018100482083	0.38637147709235387	0.19324174483150602	5804	28.42038803100583	28.42038803100583	55	24.01015625	24.01015625	-0.1551784506317927	0.0	True	False	0.057733150265868005	1.0408290617435136	0.0	0.0	False	False
7	6177	1129	5048	8.197867877646203e-06	2.379828809256995e-05	-0.0573377692833689	0.008078885414355943	0.009219114687393847	0.18277480977820948	-0.189976052671323	0.876620272235641	4.623454282384254	7.029972911706386	0.0	0.0	7820	31.783599853515625	31.783599853515625	83	26.204844284057618	26.204844284057618	-0.17552308722641227	0.0	True	False	-0.19163928192699586	0.8756102317795593	0.0	0.0	False	False
8	1806	380	1426	0.399314542789889	0.4707071428644448	0.0187517061292442	0.00271919969659456	0.002604290321755869	0.21040974529346623	0.06368308944978907	1.0451304957137364	0.32724921133207435	5.942799375126701	0.3784558241883443	0.12384936998966585	2562	26.932968139648438	26.932968139648438	98	22.420180320739746	22.420180320739746	-0.1675562751015677	0.0	True	False	0.06384545602876734	1.045248125432945	0.0	0.0	False	False
9	2611	534	2077	0.8648621951845414	0.8923909653230414	0.0031923955215039	0.003821191152582882	0.0037932054686444176	0.20451934124856377	0.011607853590748007	1.0080784066395667	0.04944483521721253	6.282266746896006	0.0729236326159936	0.003605696998138349	3664	31.616724014282227	31.616724014282227	74	28.0920108795166	28.0920108795166	-0.11148255376405877	0.0	True	False	0.011644523505218274	1.0081040299471289	0.0	0.0	False	False
10	2762	485	2277	6.438835856359404e-05	0.0001595354871416	-0.0785336569847319	0.0034705575074956887	0.004158463578287597	0.17559739319333817	-0.2597133757422583	0.8352538451622586	3.7971426972115845	6.186208623900494	0.0	0.0	3336	34.816707611083984	34.816707611083984	59	27.872161865234375	27.872161865234375	-0.19946015066739958	0.0	True	False	-0.26071347150945545	0.834675036511827	0.0	0.0	False	False
11	4343	1007	3336	8.862975531265249e-08	3.482522708749679e-07	0.0728910636156605	0.007205879195975585	0.006092505268848232	0.23186737278379	0.2426388124302754	1.1831547746014444	6.458106042957834	6.915723448631314	1.6780229246721108	10.836849990046737	7034	32.41617965698242	32.41617965698242	15	35.60217056274414	35.60217056274414	0.08948867036482594	0.08948867036482594	True	False	0.2442519496574782	1.1844784489702944	0.151162376956918	0.15016404037060369	True	True
12	1717	321	1396	0.0612410886615166	0.087583762828419	-0.0452927508537859	0.0022970081647548783	0.002549501605309392	0.18695398951659872	-0.14873045342404012	0.9020438964157336	1.0575764003118087	5.7745515455444085	0.0	0.0	2234	30.92371940612793	30.92371940612793	13	25.26091651916504	25.26091651916504	-0.18312166180891984	0.0	True	False	-0.14909946225468396	0.9018132034499384	0.0	0.0	False	False
13	3388	520	2868	3.9968028886505635e-15	3.455014052633487e-14	-0.1484881683328371	0.003721010111129398	0.005237801292283192	0.15348288075560804	-0.49213197182458845	0.7109736653643061	13.461550181873353	6.255750041753367	0.0	0.0	3632	34.1749954223633	34.1749954223633	8	49.706207275390625	49.706207275390625	0.3124602077760371	0.3124602077760371	True	False	-0.4943339423603206	0.7098893413110713	0.0	0.0	False	False
14	1633	374	1259	0.0032587273191586	0.0061536161512267	0.0659335071208763	0.002676264964543067	0.002299299800203814	0.2290263319044703	0.22038097925247158	1.1650412037498945	2.210869597559362	5.926926025970411	1.3061817615603188	2.887797545520241	2566	26.01783561706543	26.01783561706543	52	22.84245014190674	22.84245014190674	-0.12204648848945435	0.0	True	False	0.2209223261493971	1.1654784477727183	0.0	0.0	False	False
15	1109	200	909	0.0355300343413429	0.0548459657094539	-0.0644462525288501	0.0014311577350497684	0.00166009810832825	0.18034265103697025	-0.21127692366860273	0.8637723713645983	1.260855312201563	5.303304908059076	0.0	0.0	1358	24.690229415893555	24.690229415893555	42	21.528709411621094	21.528709411621094	-0.1280474130482292	0.0	True	False	-0.21161157572764644	0.8635720312573546	0.0	0.0	False	False
16	3327	849	2478	0.0	0.0	0.1278940232316868	0.006075264585286268	0.004525547978478992	0.2551848512173129	0.42541307124185757	1.342956962056849	300.0	6.745236349484363	2.8695117116863584	143.4755855843179	5878	24.910072326660156	24.910072326660156	65	12.842989921569824	12.842989921569824	-0.484425827707271	0.0	True	False	0.4276568838146595	1.3450472778625258	0.0	0.0	False	False
17	1359	229	1130	0.000463152448435	0.0009953939361395	-0.100155326114577	0.001638675606631985	0.002063708319483963	0.16850625459896984	-0.33020045580975754	0.7954259553152742	3.002005009271296	5.438079308923196	0.0	0.0	1592	36.12316131591797	36.12316131591797	11	60.775360107421875	60.775360107421875	0.405628181353933	0.405628181353933	True	False	-0.3308186358082139	0.7950851964790507	0.0	0.0	False	False
18	5028	932	4096	0.0004319316720147	0.0009386671531493	-0.0498564005859905	0.0066691950453319215	0.0074804860854923135	0.18536197295147175	-0.16502170681587902	0.8919150995482917	3.02748837916791	6.838405200847344	0.0	0.0	6424	31.946352767944333	31.946352767944333	100	20.92504711151123	20.92504711151123	-0.34499417622070844	0.0	True	False	-0.16620436129848937	0.8911842485163449	0.0	0.0	False	False
19	2669	396	2273	1.8651746813702643e-14	1.543729683091558e-13	-0.1658166147711103	0.0028336923153985416	0.004151158416094734	0.14837017609591607	-0.5493277555125973	0.683338465582897	12.81142874507515	5.983936280687191	0.0	0.0	2732	34.92447280883789	34.92447280883789	40	30.865806007385252	30.865806007385252	-0.11621268626352932	0.0	True	False	-0.5512389725124605	0.68243380911233	0.0	0.0	False	False
20	5935	1134	4801	0.0087958122532898	0.0158406063265266	-0.0336310163845429	0.008114664357732188	0.00876802092198452	0.19106992417860152	-0.11123409106643667	0.9257957911192006	1.8002281990580735	7.034387929915503	0.0	0.0	7831	26.168270111083984	26.168270111083984	107	21.630035781860354	21.630035781860354	-0.1734250796846288	0.0	True	False	-0.11218858486224104	0.925183482863242	0.0	0.0	False	False
21	5276	1048	4228	0.3424477092747331	0.4124215446064123	-0.0126860609599266	0.007499266531660787	0.007721556437856812	0.19863532979529946	-0.04162463966702212	0.9715602431620759	0.3846586555629109	6.955592608396297	0.0	0.0	7210	28.49876594543457	28.49876594543457	126	23.41143798828125	23.41143798828125	-0.17851046487043756	0.0	True	False	-0.04195166872533029	0.9713400355548524	0.0	0.0	False	False
22	2831	825	2006	0.0	0.0	0.2072106548932782	0.005903525657080295	0.0036635388397210887	0.2914164606146238	0.6888534416612266	1.6120018970382728	300.0	6.716594773520978	4.626749425983733	231.33747129918666	5690	24.734527587890625	24.734527587890625	85	22.585879135131837	22.585879135131837	-0.0868683844930481	0.0	True	False	0.6920967235339868	1.6156298693035	0.0	0.0	False	False
23	1088	216	872	0.6603311003125045	0.7175106089987828	-0.0129750987526812	0.00154565035385375	0.001592525358044262	0.19852941176470587	-0.04059362884232698	0.972254809310226	0.14417167313673332	5.37989735354046	0.0	0.0	1503	32.30370330810547	32.30370330810547	9	24.74400100708008	24.74400100708008	-0.23401967969191168	0.0	True	False	-0.04066521175782967	0.972206569657834	0.0	0.0	False	False
24	880	249	631	4.060529690264048e-12	2.6771966940893467e-11	0.1892576228801004	0.0017817913801369619	0.001152389335924231	0.28295454545454546	0.630451559077672	1.5480494524034136	10.572319719952581	5.521460917862246	3.481013644052687	36.80238919444222	1640	21.05678939819336	21.05678939819336	106	16.111948490142822	16.111948490142822	-0.23483356434551209	0.0	True	False	0.6313570763372898	1.5490214010621808	0.0	0.0	False	False
25	1637	353	1284	0.1617534428759077	0.2097402975957603	0.0322973166833225	0.002525993402362841	0.0023449570639092116	0.2156383628588882	0.10876970743654546	1.0783082912251567	0.6783181201206308	5.869296913133774	0.63840170809978	0.43303944652004245	2461	33.44161605834961	33.44161605834961	10	38.303946304321286	38.303946304321286	0.12694071277515157	0.12694071277515157	True	False	0.10902767092911425	1.0785011171760837	0.08123136426837858	0.08103916786306033	False	False
26	1616	241	1375	4.2182741744056784e-09	2.1310501997971543e-08	-0.1631980205624844	0.0017245450707349711	0.0025111495037968582	0.14913366336633663	-0.539666567952473	0.6879298833218618	7.671406319765802	5.488937726156687	0.0	0.0	1659	39.839866638183594	39.839866638183594	28	27.54013442993164	27.54013442993164	-0.30872925152976194	0.0	True	False	-0.5408076568364759	0.6873859854350812	0.0	0.0	False	False
27	3705	668	3037	0.0001145172802847	0.0002743330143695	-0.0645806944147699	0.004780066835066227	0.005546444394931679	0.18029689608636976	-0.21369046575918915	0.8623285401622764	3.5617219244562865	6.505784060128229	0.0	0.0	4599	26.23876190185547	26.23876190185547	77	20.9632511138916	20.9632511138916	-0.20105791605932483	0.0	True	False	-0.21480571515314661	0.8616621902175529	0.0	0.0	False	False
28	2863	695	2168	1.5861578717135671e-09	8.452265919131201e-09	0.0990131617516316	0.004973273129297946	0.003959397908532065	0.2427523576667831	0.3296194542070996	1.2566818504956632	8.073026847943126	6.54534966033442	2.1574745826340562	17.417350229359627	4850	31.43284034729004	31.43284034729004	15	29.327113342285156	29.327113342285156	-0.06699130532715053	0.0	True	False	0.3310848643882851	1.2579589672233993	0.0	0.0	False	False
29	1298	280	1018	0.2099913454693545	0.2678250275002586	0.0324978883700462	0.002003620829069676	0.001859163778083783	0.21571648690292758	0.10982117317086804	1.0790944708801713	0.572148841822183	5.638354669333745	0.6192107245396736	0.354280698889249	1937	26.481788635253906	26.481788635253906	23	24.42057571411133	24.42057571411133	-0.07783510961184038	0.0	True	False	0.11002613161695862	1.0792477848036184	0.0	0.0	False	False
30	1991	341	1650	9.239551351591936e-05	0.0002232413338987	-0.0916419301929556	0.0024401239382598554	0.0030133794045562297	0.1712707182320442	-0.3027511774044829	0.8107049306594427	3.6512253911763675	5.834810737062605	0.0	0.0	2337	34.431488037109375	34.431488037109375	50	24.882709884643553	24.882709884643553	-0.2773269090831739	0.0	True	False	-0.30358432458082873	0.8102368888958766	0.0	0.0	False	False
31	1841	310	1531	4.308806892794337e-05	0.000110271439559	-0.1005258618354285	0.0022182944893271413	0.002796050829318538	0.1683867463335144	-0.3320857158505124	0.7943872012110429	3.9575369558106503	5.739792912179234	0.0	0.0	2136	34.2064208984375	34.2064208984375	34	32.427711486816406	32.427711486816406	-0.051999284488203866	0.0	True	False	-0.33292518932082515	0.7939250987004857	0.0	0.0	False	False
32	1550	388	1162	1.065440520253702e-07	4.144563623786901e-07	0.1167132325680833	0.002776446005996551	0.002122149617026872	0.2503225806451613	0.38895026505291774	1.3094402811347792	6.382521189060144	5.963579343618446	2.3195357663644995	14.804486177604279	2635	26.001108169555664	26.001108169555664	81	22.218639373779297	22.218639373779297	-0.14547336871607677	0.0	True	False	0.3898926769529254	1.3102959264441272	0.0	0.0	False	False
33	879	174	705	0.6582698355802983	0.7172744146799328	-0.0145522336794765	0.0012451072294932986	0.0012875348364922072	0.19795221843003413	-0.04522456885964843	0.9691389497301384	0.14431466025824238	5.1647859739235145	0.0	0.0	1206	27.513065338134766	27.513065338134766	12	27.848291397094727	27.848291397094727	0.012037580840414985	0.012037580840414985	True	False	-0.045289705716037076	0.9690951946483262	0.0	0.0	False	False
34	2500	565	1935	0.0013392065082815	0.0027274938833587	0.058455113492495	0.004043020601515596	0.0035338722107977603	0.226	0.1950870992254723	1.1447932726388	2.5642362146815243	6.338594078203183	1.2365779318844154	3.1708779152140014	3948	31.96480941772461	31.96480941772461	7	55.67508316040039	55.67508316040039	0.4258686722454689	0.4258686722454689	True	False	0.19582057777645812	1.1453754433497003	0.5285997603203744	0.526619801979664	True	True
35	4490	1091	3399	2.6867397195928788e-14	2.124833642369595e-13	0.0995612210329949	0.007806965444696487	0.006207561573385833	0.24298440979955457	0.3311840381307203	1.2580454448109541	12.672675066097936	6.9957661563048505	2.3168860854632682	29.36114452623961	7393	26.096538543701172	26.096538543701172	244	21.789318084716797	21.789318084716797	-0.1650494931261293	0.0	True	False	0.3335038968927053	1.2600700136858016	0.0	0.0	False	False
36	1141	298	843	1.578889641251635e-08	6.749319455460289e-08	0.1414763244798976	0.002132425025224155	0.001539562932146001	0.26117440841367223	0.47153734050520413	1.3865862319257973	7.170740015559866	5.700443573390687	2.6879720022966267	19.274748397572996	2019	25.547500610351562	25.547500610351562	67	21.911041259765625	21.911041259765625	-0.14234110044849102	0.0	True	False	0.4723903795704363	1.3874063373161325	0.0	0.0	False	False
37	3522	580	2942	4.0536063394824845e-10	2.285294008780705e-09	-0.1121270398005303	0.004150357431644328	0.005372946792851168	0.16467915956842702	-0.37147996553227713	0.7729891314270265	8.64105791893017	6.364750756851911	0.0	0.0	3908	32.82946014404297	32.82946014404297	152	20.999122619628906	20.999122619628906	-0.3603573580712908	0.0	True	False	-0.3732560870688051	0.7720380795139393	0.0	0.0	False	False
38	2156	428	1728	0.5346901364910102	0.608488872751431	-0.0130123341014965	0.0030626775530065045	0.0031558300673170695	0.19851576994434136	-0.04195901662193435	0.9713350883638171	0.21574735917070706	6.061456918928017	0.0	0.0	2961	28.764856338500977	28.764856338500977	35	25.66709976196289	25.66709976196289	-0.10769240562456148	0.0	True	False	-0.04209768254892765	0.9712417321077392	0.0	0.0	False	False
39	3273	673	2600	0.7136134577698534	0.764726267417281	0.0061293512810796	0.004815845778442471	0.004748355425361331	0.20562175374274366	0.021155290394066384	1.014771769821236	0.11649399206756957	6.513230110912307	0.13778927439972705	0.01605162263891797	4622	33.261714935302734	33.261714935302734	89	22.93624076843262	22.93624076843262	-0.3104312025689044	0.0	True	False	0.021249263147681496	1.014837871111269	0.0	0.0	False	False
40	3840	661	3179	1.2004051974656704e-07	4.578015900138685e-07	-0.0890014334011697	0.004729976314339485	0.0058057776527783355	0.17213541666666668	-0.2947923696870589	0.8151896447223841	6.3393227032887145	6.495265555937008	0.0	0.0	4623	31.654569625854492	31.654569625854492	4	64.07587509155273	64.07587509155273	0.5059830305770169	0.5059830305770169	True	False	-0.2963565036687781	0.8143063153692086	0.0	0.0	False	False
41	2272	631	1641	0.0	0.0	0.1780084132189072	0.00451530265408202	0.0029969427896222867	0.2777288732394366	0.5920343667425358	1.5073708165285196	300.0	6.448889394146858	3.8179641486563907	190.89820743281953	4384	25.615432739257812	25.615432739257812	33	24.615520477294922	24.615520477294922	-0.03903554049393203	0.0	True	False	0.5942292924724635	1.5096658858332288	0.0	0.0	False	False
42	1655	299	1356	0.0112863505340057	0.0200474445558366	-0.0635008661780402	0.002139580813899404	0.002476449983380756	0.18066465256797584	-0.20906666196511736	0.8650967165240329	1.697940978955517	5.703782474656201	0.0	0.0	1929	25.937990188598633	25.937990188598633	164	19.745476150512694	19.745476150512694	-0.23874301721372135	0.0	True	False	-0.20955763794797555	0.8648023580954886	0.0	0.0	False	False
43	1273	192	1081	4.289223702880207e-07	1.4897393039467862e-06	-0.1574368302204581	0.0013739114256477777	0.0019742200826213846	0.15082482325216026	-0.5199088368517515	0.6974159011304364	5.826889724046196	5.262690188904886	0.0	0.0	1278	29.695804595947266	29.695804595947266	66	22.773759841918945	22.773759841918945	-0.2330984072737671	0.0	True	False	-0.520780200384058	0.6969948008412613	0.0	0.0	False	False
44	1694	428	1266	5.151337578723769e-09	2.4437442903945684e-08	0.1220976983599498	0.0030626775530065045	0.002312083834041325	0.2526564344746163	0.4067145099279621	1.3256634032663692	7.611944239951835	6.061456918928017	2.4652824802312634	18.76559277525054	2993	38.091556549072266	38.091556549072266	3	38.001807403564456	38.001807403564456	-0.0023561427685998707	0.0	True	False	0.40779644854578834	1.3266579477406737	0.0	0.0	False	False
45	1518	304	1214	0.7399759369747445	0.7907984601186143	-0.0082574681019717	0.002175359757275648	0.002217116725534099	0.2002635046113307	-0.025653879201568586	0.9823752512491238	0.10193418503696888	5.720311776607412	0.0	0.0	2093	29.287336349487305	29.287336349487305	35	27.144982528686523	27.144982528686523	-0.0731494935297619	0.0	True	False	-0.025718107108428256	0.9823315174731868	0.0	0.0	False	False
46	3073	783	2290	2.220446049250313e-16	2.1593837828959294e-15	0.1270139147458628	0.005602982532719843	0.004182205355414403	0.2547998698340384	0.42253709448253574	1.340282477327541	14.665670164529276	6.664409020350408	2.8159600239020635	41.29794090704764	5362	25.388641166687055	25.388641166687055	119	11.229104042053223	11.229104042053223	-0.5577114990782903	0.0	True	False	0.4245930529496791	1.342193851121281	0.0	0.0	False	False
47	1005	162	843	0.000287525926226	0.0006465178341152	-0.1232249250525031	0.0011592377653903126	0.001539562932146001	0.16119402985074627	-0.4057538728437855	0.7548417510483814	3.1894194906583064	5.093750200806762	0.0	0.0	1107	35.511470794677734	35.511470794677734	27	33.88994598388672	33.88994598388672	-0.04566200088321999	0.0	True	False	-0.4063071558607092	0.7545523197855943	0.0	0.0	False	False
48	2751	502	2249	0.0026048245040397	0.0049915109954259	-0.0581981032624983	0.003592205914974919	0.004107327442937552	0.18247909850963287	-0.19221438798479085	0.8752612540829335	2.301767967875025	6.220590170099739	0.0	0.0	3437	28.701454162597656	28.701454162597656	77	24.35959129333496	24.35959129333496	-0.15127675568859503	0.0	True	False	-0.1929642809246701	0.8748064235993378	0.0	0.0	False	False
49	570	115	455	0.9168580760920746	0.9287963322911902	-0.0042259212732362	0.0008229156976536169	0.000830962199438233	0.20175438596491227	-0.009363724858030054	0.9935305779221516	0.0320795082445497	4.7535901911063645	0.0	0.0	774	37.67148208618164	37.67148208618164	31	38.49561309814453	38.49561309814453	0.021408439706149616	0.021408439706149616	True	False	-0.009379190681073624	0.9935199272403996	0.0	0.0	False	False
50	418	91	327	0.4088115838045099	0.4804462419938197	0.0375812746916944	0.0006511767694476447	0.0005971970092665983	0.21770334928229665	0.13054321938719404	1.0947058143295714	0.3183551992785822	4.5217885770490405	0.5902888382362209	0.18792152072861487	634	29.15050506591797	29.15050506591797	3	29.039418029785157	29.039418029785157	-0.0038108099973434744	0.0	True	False	0.13061729737143501	1.0947620255729416	0.0	0.0	False	False
51	5338	1059	4279	0.3149166298120787	0.3828205281153081	-0.0133586913486966	0.007577980207088524	0.007814697255815822	0.198388909704009	-0.04386418240274281	0.9700532283913306	0.4170047819501438	6.966024187106113	0.0	0.0	7349	27.79072265625	27.79072265625	64	24.38058090209961	24.38058090209961	-0.12270791934168962	0.0	True	False	-0.04421221513323825	0.9698192430061229	0.0	0.0	False	False
52	2390	453	1937	0.0624017995294929	0.0889168498790211	-0.0379437836781019	0.0032415722698877257	0.003537524791894192	0.1895397489539749	-0.12482737699247615	0.9171137721924669	1.0510159317624326	6.118097198041348	0.0	0.0	3155	33.372211456298814	33.372211456298814	16	39.13933753967285	39.13933753967285	0.14734858702011241	0.14734858702011241	True	False	-0.12525965490808133	0.9168390165232423	0.0	0.0	False	False
53	2991	525	2466	3.050690326600325e-05	8.184265772741562e-05	-0.0787461338256623	0.003756789054505642	0.004503632491900401	0.17552657973921765	-0.2605081405043519	0.8347938397627083	4.0870202759526695	6.26530121273771	0.0	0.0	3627	33.545980072021486	33.545980072021486	48	30.190114402770995	30.190114402770995	-0.1000377887915518	0.0	True	False	-0.2615939344186504	0.8341657977715919	0.0	0.0	False	False
54	2522	714	1808	0.0	0.0	0.1895874206646404	0.005109233114127674	0.0033019333111743415	0.2831086439333862	0.6304067959680051	1.5480014211629751	300.0	6.5722825426940075	4.143211579936183	207.16057899680914	4914	26.73312759399414	26.73312759399414	84	14.109241771697999	14.109241771697999	-0.4722188145741773	0.0	True	False	0.6330213244696248	1.5508093350311756	0.0	0.0	False	False
55	2983	544	2439	0.0016187315024258	0.0032796174710607	-0.0585252655874879	0.0038927490393353705	0.004454322647098572	0.18236674488769694	-0.19338705168115755	0.874550105820093	2.4841768086955467	6.300785794663244	0.0	0.0	3759	32.06825637817383	32.06825637817383	49	25.32569122314453	25.32569122314453	-0.2102566811090607	0.0	True	False	-0.1942044853352991	0.8740547244826196	0.0	0.0	False	False
56	3100	595	2505	0.078924934498475	0.1104381277694488	-0.0312031294467159	0.004257694261773061	0.004574857823280821	0.19193548387096773	-0.10273064703750023	0.9312686726224925	0.9568809644584294	6.39024066706535	0.0	0.0	4106	27.73412322998047	27.73412322998047	59	23.582525634765627	23.582525634765627	-0.14969276514669058	0.0	True	False	-0.10319410748763769	0.9309695540510295	0.0	0.0	False	False
57	4709	708	4001	0.0	0.0	-0.1590476586612807	0.005066298382076181	0.007306988483411803	0.15035039286472712	-0.5275066734422964	0.6937526712884143	300.0	6.5638555265321274	0.0	0.0	4924	33.86478042602539	33.86478042602539	32	31.06963691711426	31.06963691711426	-0.08253836209028062	0.0	True	False	-0.5307632919589613	0.69218841849363	0.0	0.0	False	False
58	3095	868	2227	0.0	0.0	0.1838871431702015	0.006211224570115996	0.004067149050876802	0.2804523424878837	0.6113667998290717	1.5277058621015915	300.0	6.767343125265392	4.1373289098387716	206.86644549193858	5910	27.4002628326416	27.4002628326416	166	19.328755378723145	19.328755378723145	-0.2945777382946476	0.0	True	False	0.6144721557515691	1.5309977427201351	0.0	0.0	False	False
59	1203	230	973	0.2443923788161308	0.3076654866002424	-0.0332973692218746	0.0016458313953072337	0.0017769807034140675	0.19118869492934332	-0.10821975076299317	0.9277321538976471	0.5119212194488507	5.442417710521793	0.0	0.0	1464	24.26211929321289	24.26211929321289	146	18.676496505737305	18.676496505737305	-0.2302199045339833	0.0	True	False	-0.10841313416323928	0.9276078060835327	0.0	0.0	False	False
60	2812	576	2236	0.8230501733646949	0.8583552746350304	0.0040383192368285	0.004121734276943333	0.004083585665810745	0.20483641536273114	0.01434423217513725	1.0099922565983723	0.06633291975278857	6.3578422665081	0.09119836560369303	0.006049453867175243	3965	30.300884246826172	30.300884246826172	67	25.35016441345215	25.35016441345215	-0.1633853254263555	0.0	True	False	0.0143956353412662	1.0100282432228431	0.0	0.0	False	False
61	1137	212	925	0.116796444635485	0.1566683343558746	-0.0467182367812596	0.0015170271991527546	0.0016893187570997045	0.1864555848724714	-0.15257567131754612	0.8996428782078933	0.8050187738199085	5.3612921657094255	0.0	0.0	1344	23.798059463500977	23.798059463500977	140	18.58836555480957	18.58836555480957	-0.21891255111289643	0.0	True	False	-0.15282848465049526	0.8994852414370322	0.0	0.0	False	False
62	1539	265	1274	0.0008390963308881	0.0017548842619113	-0.0888359190337833	0.0018962839989409433	0.0023266941584270525	0.17218973359324236	-0.29295312969008513	0.8162295634051202	2.7557515208339125	5.583496308781699	0.0	0.0	1813	34.140506744384766	34.140506744384766	42	26.767387199401856	26.767387199401856	-0.21596397499857256	0.0	True	False	-0.2935792453532198	0.8158754045429524	0.0	0.0	False	False
63	727	201	526	8.201752832448506e-09	3.6885540397270273e-08	0.1752979482955273	0.0014383135237250174	0.0009606288283615617	0.2764786795048143	0.5845407850302138	1.4995615975148033	7.433143849461036	5.308267697401205	3.1028989669894256	23.06429437197645	1343	26.601938247680664	26.601938247680664	64	17.185937881469727	17.185937881469727	-0.35395918442265717	0.0	True	False	0.5852269154168841	1.5002749426460045	0.0	0.0	False	False
64	2973	600	2373	0.8185391937637512	0.8559455547690838	-0.004058852805712	0.0042934732051493054	0.004333787470916323	0.20181634712411706	-0.012585421195834279	0.9913143905341752	0.06755385917255967	6.398594934535208	0.0	0.0	4150	30.36766815185547	30.36766815185547	50	21.874060249328615	21.874060249328615	-0.2796924630516253	0.0	True	False	-0.012647695295008532	0.9912716012567618	0.0	0.0	False	False
65	5279	1077	4202	0.8885570954116357	0.902477049908946	0.0018472902557901	0.007706784403243004	0.007674072883603198	0.20401591210456527	0.006634527380894539	1.004609294215028	0.04456383343852062	6.982862751468942	0.04632799412164928	0.0020645530135779406	7461	28.882556915283203	28.882556915283203	78	25.20073699951172	25.20073699951172	-0.12747555303260735	0.0	True	False	0.0066782115597696645	1.0046397138084198	0.0	0.0	False	False
66	2311	343	1968	1.0833556274292278e-12	7.662278892181266e-12	-0.1656433390240642	0.002454435515610353	0.003594139798888885	0.14842059714409347	-0.5485202308129775	0.6837210600580618	11.115642044583293	5.840641657373398	0.0	0.0	2289	29.044954299926758	29.044954299926758	112	21.94114933013916	21.94114933013916	-0.2445796573281408	0.0	True	False	-0.5501733168267133	0.6829380793179766	0.0	0.0	False	False
67	3745	564	3181	0.0	0.0	-0.1581969300959451	0.004035864812840347	0.005809430233874768	0.1506008010680908	-0.5244671579507463	0.6952158321096832	300.0	6.336825731146441	0.0	0.0	3934	33.66685485839844	33.66685485839844	14	41.49383544921875	41.49383544921875	0.18862996168187868	0.18862996168187868	True	False	-0.5270423882574029	0.6939759692913366	0.0	0.0	False	False
68	2312	477	1835	0.6880658465476048	0.7434933730750507	0.007969945480122	0.0034133111980936977	0.0033512431559761706	0.20631487889273356	0.027594001351527453	1.0193107914320405	0.1287228980899271	6.169610732491456	0.17024424689076753	0.021914332842916658	3305	28.770689392089842	28.770689392089842	34	25.23583984375	25.23583984375	-0.12286287270237282	0.0	True	False	0.027679992841813217	1.0193715490168571	0.0	0.0	False	False
69	5034	1403	3631	0.0	0.0	0.1801190571431	0.010039571511374126	0.006631260980571921	0.27870480731029	0.5986579613203951	1.5143072565861806	300.0	7.247080584585756	4.338522488292726	216.9261244146363	9768	26.593400955200195	26.593400955200195	53	23.524224090576173	23.524224090576173	-0.11541122061801809	0.0	True	False	0.6036125619628088	1.519516732978653	0.0	0.0	False	False
70	2041	274	1767	0.0	0.0	-0.2163983516575944	0.0019606860970181827	0.0032270553986974895	0.13424791768740812	-0.716637683163599	0.6085139816570315	300.0	5.616771097666572	0.0	0.0	1837	34.982669830322266	34.982669830322266	81	21.76763916015625	21.76763916015625	-0.37775935153787193	0.0	True	False	-0.7184732696946714	0.6077402424025135	0.0	0.0	False	False
71	6567	1029	5538	0.0	0.0	-0.1378499416193366	0.007363306546831059	0.010113997056019636	0.1566925536774783	-0.4573569944838649	0.728319312239314	300.0	6.937314081223682	0.0	0.0	6978	32.83909606933594	32.83909606933594	225	20.582223892211914	20.582223892211914	-0.37324024240024944	0.0	True	False	-0.4613642580976487	0.7262991223820977	0.0	0.0	False	False
72	265	71	194	0.0022560831968041	0.0044101324801849	0.1565442538201699	0.0005080609959426678	0.00035430036635388396	0.2679245283018868	0.5264394693201613	1.4403700127717036	2.3555483641491515	4.276666119016055	2.251405842154326	5.303295348522465	488	14.938873291015625	14.938873291015625	9	22.328163146972656	22.328163146972656	0.3309403378736464	0.3309403378736464	True	False	0.5266575481397826	1.440587756595145	0.7453896616983726	0.745081010093254	True	True
73	4817	787	4030	4.0634162701280736e-14	3.099350841332981e-13	-0.1162426787541582	0.0056316056874208395	0.0073599509093100635	0.16337969690678847	-0.38541251593171744	0.7655600674011913	12.508729259568822	6.669498089857879	0.0	0.0	5291	25.60921859741211	25.60921859741211	218	19.42688789367676	19.42688789367676	-0.24141036089090562	0.0	True	False	-0.38792615848460965	0.7642273748604976	0.0	0.0	False	False
74	1633	297	1336	0.0171149140542379	0.0284517160987117	-0.0599623737937348	0.0021252692365489063	0.002439924172416438	0.18187385180649113	-0.19730378651980907	0.872179032767652	1.5458915334965426	5.697093486505405	0.0	0.0	2057	28.03412437438965	28.03412437438965	22	22.748884201049805	22.748884201049805	-0.18852881234158086	0.0	True	False	-0.1977626283800742	0.871901684744872	0.0	0.0	False	False
75	3314	547	2767	1.906492741454713e-09	9.888342352345111e-09	-0.1109341977794416	0.003914216405361117	0.005053345946913386	0.16505733252866625	-0.36745796965241606	0.7751471043015149	8.004876505932392	6.306275286948016	0.0	0.0	3820	34.51081848144531	34.51081848144531	9	43.686859893798825	43.686859893798825	0.21004122142585063	0.21004122142585063	True	False	-0.3691126462861112	0.7742585710310104	0.0	0.0	False	False
76	3613	858	2755	4.7599453267821445e-09	2.285949051997845e-08	0.0864533196886925	0.006139666683363507	0.005031430460334795	0.23747578189869914	0.2877703896975916	1.2207522099353567	7.640933453154547	6.755768921984255	1.9441102553862875	14.854817087001914	6004	32.99848937988281	32.99848937988281	2	65.7641372680664	65.7641372680664	0.4982297229054331	0.4982297229054331	True	False	0.2893743477284909	1.222110171327113	0.9740123160782139	0.9686135138387209	True	True
77	934	158	776	0.0044013338817034	0.0081529470475364	-0.0981169992741342	0.001130614610689317	0.0014172014654155358	0.16916488222698073	-0.3223086067199308	0.7997890272601957	2.0886853783600645	5.0689042022202315	0.0	0.0	1038	33.86201095581055	33.86201095581055	68	27.493499755859375	27.493499755859375	-0.1880724452030327	0.0	True	False	-0.32272643992002337	0.7995574259782192	0.0	0.0	False	False
78	1309	257	1052	0.4827434494468297	0.5588904816512403	-0.0189949814577061	0.0018390376895389526	0.0019212576567231234	0.19633307868601987	-0.06098141835521531	0.95861178515562	0.2526732867010454	5.552959584921617	0.0	0.0	1759	29.18136672973634	29.18136672973634	40	25.93167190551758	25.93167190551758	-0.11136198157940502	0.0	True	False	-0.061104111520224436	0.9585302640375115	0.0	0.0	False	False
79	4052	671	3381	5.6461946229546805e-11	3.4863011243323344e-10	-0.1092350155688156	0.0048015342010919735	0.006174688343517947	0.16559723593287265	-0.362009571467512	0.7780800144164542	9.457635104033853	6.51025834052315	0.0	0.0	4694	32.375030517578125	32.375030517578125	3	58.75727081298828	58.75727081298828	0.4490038412331835	0.4490038412331835	True	False	-0.36400540776598245	0.777004356272755	0.0	0.0	False	False
80	922	218	704	0.0042218870588519	0.0078579620377675	0.0839714694913103	0.0015599619312042477	0.0012857085459439914	0.23644251626898047	0.2812280507189264	1.2152288712477746	2.104690073618883	5.389071729816501	1.5155581377607674	3.189780168537407	1510	30.444205474853522	30.444205474853522	16	31.27412509918213	31.27412509918213	0.026536941375549804	0.026536941375549804	True	False	0.28162042770665785	1.2155594280729485	0.040274391082195174	0.04021827745299492	True	True
81	1828	381	1447	0.542150140008089	0.6148583220499902	0.013544079584864	0.002726355485269809	0.0026426424232684027	0.20842450765864332	0.046386091485894454	1.0326748611199217	0.21122494445276666	5.945420608606575	0.27578482427294687	0.058252634187969214	2611	30.952394485473633	30.952394485473633	56	26.78499698638916	26.78499698638916	-0.13463893725702827	0.0	True	False	0.04650333395913364	1.0327587861845142	0.0	0.0	False	False
82	371	58	313	0.0143203184911933	0.0245401052558334	-0.1390287089499683	0.0004150357431644329	0.0005716289415915757	0.15633423180592992	-0.45176243569066976	0.7311491104413133	1.610123578857197	4.07753744390572	0.0	0.0	371	37.958499908447266	37.958499908447266	35	30.829048538208006	30.829048538208006	-0.18782226345706235	0.0	True	False	-0.45199230923009104	0.7310326212042627	0.0	0.0	False	False
83	1079	211	868	0.4789311391434503	0.5561319794829915	-0.0211496348497988	0.0015098714104775058	0.0015852201958513985	0.19555143651529194	-0.06767370806247897	0.954175330392589	0.2548221307931387	5.356586274672012	0.0	0.0	1398	28.80780601501465	28.80780601501465	79	21.40221252441406	21.40221252441406	-0.2570689863275526	0.0	True	False	-0.06778643199411505	0.9541007795070764	0.0	0.0	False	False
84	6153	1196	4957	0.0509248466457696	0.0747538314913374	-0.0244001042250409	0.008558323255597616	0.009052922247506201	0.19437672679993498	-0.08059789804974837	0.9456656520133614	1.1263665427640586	7.087573705557973	0.0	0.0	8093	24.615083694458008	24.615083694458008	279	19.969091415405273	19.969091415405273	-0.18874574373674632	0.0	True	False	-0.08132166963217902	0.945191349234031	0.0	0.0	False	False
85	1078	236	842	0.1496201174462146	0.1946562731992558	0.040687546499224	0.0016887661273587268	0.0015377366415977852	0.2189239332096475	0.13735797479813705	1.099889030067668	0.7107315956862752	5.4680601411351315	0.7510816670607371	0.5338174717207853	1641	40.44728088378906	40.44728088378906	11	45.54800796508789	45.54800796508789	0.11198573349702771	0.11198573349702771	True	False	0.13757236525268723	1.1000524902752291	0.08424171226605356	0.08411043140196701	False	False
86	2810	433	2377	1.5971668432257502e-12	1.08999631932424e-11	-0.146453650346552	0.003098456496382749	0.004341092633109187	0.15409252669039145	-0.4851469649981279	0.7144242889228457	10.96257496857302	6.073044534100405	0.0	0.0	2950	34.56083297729492	34.56083297729492	81	25.342575073242188	25.342575073242188	-0.26672557082489184	0.0	True	False	-0.48695025844013085	0.7135318537444827	0.0	0.0	False	False
87	5693	1221	4472	0.0178990717564027	0.0294196835244247	0.0293015040942166	0.008737217972478837	0.00816717133162149	0.21447391533462146	0.09776685885594905	1.0701157525415959	1.531362003407784	7.108244139731541	0.6949507015227605	1.0642210985535394	8425	26.864078521728516	26.864078521728516	122	23.308579444885254	23.308579444885254	-0.13235142511839598	0.0	True	False	0.09859239364685557	1.070728266316565	0.0	0.0	False	False
88	3196	555	2641	4.307960311589199e-06	1.2990671017117816e-05	-0.0843877830561872	0.0039714627147631075	0.004823233337838183	0.17365456821026282	-0.2793041156353091	0.8239883724542794	4.886368415400802	6.320768294250582	0.0	0.0	3867	30.92093849182129	30.92093849182129	18	28.198821830749512	28.198821830749512	-0.08803473613169235	0.0	True	False	-0.2805422470998149	0.8232815229451861	0.0	0.0	False	False
89	1688	465	1223	0.0	0.0	0.1731141308816897	0.003327441733990712	0.002233553340468042	0.2754739336492891	0.5760334490073689	1.49074494944684	300.0	6.144185634125646	3.5392564421669235	176.9628221083462	3159	25.82280731201172	25.82280731201172	96	23.04368305206299	23.04368305206299	-0.10762285550014522	0.0	True	False	0.5776121381009798	1.4923771106651875	0.0	0.0	False	False
90	704	186	518	2.854507886729252e-06	8.883228543501431e-06	0.1482708195016223	0.0013309766935962848	0.0009460185039758346	0.26420454545454547	0.4950261189699745	1.4093462701251975	5.051429164424333	5.231108616854587	2.5895353965119177	13.080854624249431	1214	22.228153228759766	22.228153228759766	88	14.004149436950684	14.004149436950684	-0.36998142433031744	0.0	True	False	0.4955782792207959	1.4098857700913472	0.0	0.0	False	False
91	4151	700	3451	9.959506552803532e-10	5.3809000681119086e-09	-0.0997592842492929	0.0050090520726741895	0.006302528681893059	0.16863406408094436	-0.330572050986464	0.7952211037163713	8.269145073419137	6.55250788703459	0.0	0.0	4871	35.031150817871094	35.031150817871094	29	31.245568466186523	31.245568466186523	-0.1080633168851924	0.0	True	False	-0.33245261984150254	0.7941851995633765	0.0	0.0	False	False
92	869	169	700	0.4698861775629064	0.5472626439280557	-0.0241237003711914	0.0012093282861170545	0.0012784033837511277	0.19447640966628307	-0.07690529976651028	0.9480891967985772	0.26180419572668284	5.135798437050262	0.0	0.0	1170	26.169593811035156	26.169593811035156	13	23.742082595825195	23.742082595825195	-0.09276075252594602	0.0	True	False	-0.07700892715348928	0.9480210989158939	0.0	0.0	False	False
93	2597	545	2052	0.3512718040168456	0.420445328500163	0.0173067808648915	0.0038999048280106193	0.00374754820493902	0.2098575279168271	0.05846335718640283	1.0413560012100165	0.3762904685327596	6.302618975744905	0.36847226438877473	0.13865260100817892	3793	40.64360046386719	40.64360046386719	22	34.86839714050293	34.86839714050293	-0.14209379231789535	0.0	True	False	0.0586801453629997	1.0415124934864188	0.0	0.0	False	False
94	4892	980	3912	0.5586170962310075	0.6298610157503244	-0.0080851353952943	0.0070126729017438655	0.007144448624620588	0.20032706459525756	-0.02630673898723046	0.9819307995912561	0.20075527078721603	6.8885724595653635	0.0	0.0	6823	31.547210693359375	31.547210693359375	37	29.741623306274413	29.741623306274413	-0.05723445424812264	0.0	True	False	-0.026502077869198892	0.9817978565406735	0.0	0.0	False	False
95	2046	390	1656	0.1117922375901985	0.1509971542450945	-0.0349080903940683	0.0027907575833470487	0.003024337147845525	0.1906158357771261	-0.11454927241107171	0.9236708394144668	0.8210312375233758	5.968707559985366	0.0	0.0	2716	33.333980560302734	33.333980560302734	14	39.25606269836426	39.25606269836426	0.15085777153877153	0.15085777153877153	True	False	-0.114891094007195	0.9234520175351543	0.0	0.0	False	False
96	3386	761	2625	0.0004215559287066	0.0009212654846453	0.0553429840564449	0.005445555181864369	0.004794012689066729	0.2247489663319551	0.1845182236870162	1.1364374058042317	3.0356151994428062	6.635946555686647	1.2244530709372734	3.7169683531416076	5304	29.748732566833482	29.748732566833482	23	17.310596084594728	17.310596084594728	-0.4181064337546228	0.0	True	False	0.18545917176114646	1.137178849664654	0.0	0.0	False	False
97	1018	209	809	0.8602373457660875	0.8899795944228936	0.0052853995277653	0.0014955598331270082	0.0014774690535066604	0.20530451866404714	0.020113640924749987	1.014039352408993	0.05061995080579676	5.3471075307174685	0.10754980085887772	0.005444165628649628	1461	26.95956802368164	26.95956802368164	2	25.90967712402344	25.90967712402344	-0.03894316476940445	0.0	True	False	0.020135929064126756	1.0140550183843804	0.0	0.0	False	False
98	1427	356	1071	5.59622897133849e-07	1.909590412149713e-06	0.1147481621692764	0.002547460768388588	0.0019559571771392255	0.24947442186405044	0.382536609295304	1.303631944083098	5.719059774542214	5.877735781779639	2.248449116295666	12.859014896111532	2463	37.10667419433594	37.10667419433594	29	23.43459548950195	23.43459548950195	-0.3684533578307303	0.0	True	False	0.38338803945849875	1.304401530946529	0.0	0.0	False	False
99	719	186	533	1.816316577518684e-05	5.119906874309914e-05	0.1358733702203066	0.0013309766935962848	0.000973412862199073	0.25869262865090403	0.45388183695877515	1.3697207892407026	4.290737938309548	5.231108616854587	2.3743051883488375	10.187521348773554	1251	27.465177536010742	27.465177536010742	51	22.142515182495117	22.142515182495117	-0.1937967576046745	0.0	True	False	0.45439443757496	1.3702075480148712	0.0	0.0	False	False
100	1976	309	1667	1.565217999655033e-08	6.749319455460289e-08	-0.1388894853745831	0.0022111387006518925	0.0030444263438759	0.15637651821862347	-0.4594809693297197	0.7272478496667284	7.170740015559866	5.736572297479192	0.0	0.0	2123	32.641788482666016	32.641788482666016	40	25.88106327056885	25.88106327056885	-0.20711871274110363	0.0	True	False	-0.4606901685684406	0.7266385600431202	0.0	0.0	False	False
101	1415	217	1198	3.750011905445661e-07	1.3141933614579835e-06	-0.1489094491756817	0.001552806142528999	0.0021878960767626444	0.15335689045936396	-0.49194812538507904	0.711064272389332	5.881340730943592	5.384495062789089	0.0	0.0	1519	37.72262191772461	37.72262191772461	0					False	True	-0.4928699329691799	0.7106100841782833			False	False
102	1833	349	1484	0.1259029133373463	0.1671543798233028	-0.0355208389554341	0.002497370247661846	0.002710215173552391	0.19039825422804146	-0.1164182550832571	0.9224750170002995	0.7768822394233612	5.857933154483459	0.0	0.0	2375	26.758943557739258	26.758943557739258	68	23.938461685180663	23.938461685180663	-0.1054033342711264	0.0	True	False	-0.11672998079293073	0.922275717698157	0.0	0.0	False	False
103	964	171	793	0.0272472409465331	0.0429116466728802	-0.0731894418960153	0.0012236398634675521	0.0014482484047352061	0.17738589211618258	-0.23982716913440605	0.8468467561793156	1.367424819719858	5.147494476813453	0.0	0.0	1125	25.896541595458984	25.896541595458984	72	22.179678535461427	22.179678535461427	-0.1435273913428393	0.0	True	False	-0.24015549306988682	0.8466540554237688	0.0	0.0	False	False
104	4970	959	4011	0.0424512670209749	0.0635136264275355	-0.0283464197831961	0.00686240133956364	0.007325251388893962	0.19295774647887323	-0.09359260819652615	0.9371860544326334	1.1971330897092824	6.866933284461882	0.0	0.0	6633	33.859920501708984	33.859920501708984	80	26.62312889099121	26.62312889099121	-0.21372736567271375	0.0	True	False	-0.09426900079270961	0.9367467674636849	0.0	0.0	False	False
105	1716	308	1408	0.0066835833458596	0.0123218669267269	-0.066964303277105	0.0022039829119766437	0.002571417091887983	0.1794871794871795	-0.22062269169754956	0.858194944965444	1.9093234857958368	5.733341276897746	0.0	0.0	1968	36.82528305053711	36.82528305053711	188	26.453695487976074	26.453695487976074	-0.2816431186238978	0.0	True	False	-0.22115790832805438	0.8578766275081301	0.0	0.0	False	False
106	5297	1173	4124	0.0001932723784645	0.0004448695575308	0.0470669905317577	0.008393740116066892	0.007531622220842358	0.22144610156692468	0.15679308275592874	1.1148063171635536	3.351767312050867	7.068172000388042	1.1082404773899805	3.7145642060073847	8209	34.06272888183594	34.06272888183594	2	67.86793975830078	67.86793975830078	0.4981028007753867	0.4981028007753867	True	False	0.15804296120226624	1.1157725477919158	0.5564181031067003	0.552017685720601	True	True
107	2682	458	2224	4.027823206964598e-06	1.2240806464915849e-05	-0.0931816698779552	0.00327735121326397	0.004061670179232154	0.17076808351976136	-0.30829298205276956	0.8075967544617276	4.912189968487438	6.129050210060545	0.0	0.0	3170	35.88969802856445	35.88969802856445	36	33.98622131347656	33.98622131347656	-0.05303685513243722	0.0	True	False	-0.3094325386710386	0.8069591014361929	0.0	0.0	False	False
108	1071	315	756	0.0	0.0	0.2128763933166406	0.0022540734327033854	0.0013806756544512179	0.29411764705882354	0.708494400293775	1.634097878826069	300.0	5.755742213586912	4.077911127860824	203.89555639304123	2147	27.27400016784668	27.27400016784668	58	21.55846176147461	21.55846176147461	-0.20955996081242667	0.0	True	False	0.7097528869121685	1.6355239511915862	0.0	0.0	False	False
109	1445	322	1123	0.0363901474087178	0.0557313674881544	0.0505637504627776	0.0023041639534301275	0.002050924285646452	0.22283737024221453	0.16956541865867258	1.1247196356742453	1.2539003004702083	5.777652323222656	0.979690035051502	1.2284336293187472	2141	34.81833267211914	34.81833267211914	113	20.705949783325195	20.705949783325195	-0.40531472376029276	0.0	True	False	0.16992770994490947	1.1250021120667886	0.0	0.0	False	False
110	894	148	746	0.0021090041043252	0.0041434474574874	-0.1093894770479166	0.0010590567239368287	0.001362412748969059	0.16554809843400448	-0.3594848518058118	0.7794428483765883	2.382638164016605	5.003946305945459	0.0	0.0	966	26.52611541748047	26.52611541748047	70	20.332985877990723	20.332985877990723	-0.23347291686020977	0.0	True	False	-0.3599268806495548	0.7792040706479264	0.0	0.0	False	False
111	1819	363	1456	0.6551370768971476	0.7158660755982877	-0.0101671149125652	0.00259755128911533	0.0026590790382023458	0.19956019791094007	-0.03228395469279022	0.9778709875956973	0.14516821801177576	5.8971538676367405	0.0	0.0	2519	34.537111663818415	34.537111663818415	22	35.627926635742185	35.627926635742185	0.03061685242243248	0.03061685242243248	True	False	-0.03237680873274229	0.9778080523618121	0.0	0.0	False	False
112	1531	311	1220	0.9834005042027664	0.9834005042027664	-0.0005118066194277	0.00222545027800239	0.002228074468823394	0.20313520574787722	2.6250770812197288e-05	1.0000181958133179	0.007269573377133414	5.7430031878094825	0.00015075826045690514	1.0959482366004627e-06	2007	33.367889404296875	33.367889404296875	170	29.811278915405275	29.811278915405275	-0.10658781698172393	0.0	True	False	1.8603431833241757e-05	1.0000128949994638	0.0	0.0	False	False
113	2923	605	2318	0.5807928053477427	0.6510904936030891	0.0097295780528647	0.00432925214852555	0.004233341490764449	0.20697913102976395	0.03320161584776571	1.0232804626310428	0.18635864562355509	6.406879986069314	0.2127187680802119	0.03964198151813941	4230	32.700523376464844	32.700523376464844	5	49.7459213256836	49.7459213256836	0.3426491558498544	0.3426491558498544	True	False	0.03333671937284066	1.0233762938824107	0.07318450070849268	0.07288790631610555	False	False
114	3904	921	2983	6.509162986390038e-09	3.0143623829830056e-08	0.0826940118625547	0.006590481369904184	0.00544782470532802	0.23591188524590165	0.27524477160377625	1.2101993975564658	7.520804538527889	6.826545223556594	1.8789708809006844	14.131372728839613	6360	26.024797439575195	26.024797439575195	87	23.510427474975586	23.510427474975586	-0.09661439134877092	0.0	True	False	0.27689938814190374	1.2115881627481055	0.0	0.0	False	False
115	1323	409	914	0.0	0.0	0.2438647473015396	0.0029267175681767766	0.0016692295610693296	0.309145880574452	0.8110747594202561	1.7545180129726201	300.0	6.016157159698354	4.879553220936794	243.9776610468397	2860	24.29204559326172	24.29204559326172	3	35.903202056884766	35.903202056884766	0.3234016967407647	0.3234016967407647	True	False	0.8128892525331892	1.7567260774628661	1.5815861330818342	1.5780557909878223	True	True
116	1288	201	1087	4.3722545306490446e-06	1.3083130864788297e-05	-0.139945851636602	0.0014383135237250174	0.00198517782591068	0.15605590062111802	-0.4619691795675216	0.725994649279581	4.883288314529009	5.308267697401205	0.0	0.0	1325	27.88606834411621	27.88606834411621	82	22.267097663879394	22.267097663879394	-0.20149741479861163	0.0	True	False	-0.46276334004205744	0.7255951209111651	0.0	0.0	False	False
117	2610	468	2142	0.0007472425054406	0.0015884007356088	-0.067485978393545	0.0033489091000164584	0.003911914354278451	0.1793103448275862	-0.22297977381271217	0.8567939666998986	2.7990399204807503	6.150602768446279	0.0	0.0	3228	33.31549072265625	33.31549072265625	48	25.343421936035156	25.343421936035156	-0.23929015042842147	0.0	True	False	-0.22379883483272422	0.8563076772546498	0.0	0.0	False	False
118	3194	607	2587	0.0377742668950067	0.057376488913321	-0.0365201026132956	0.004343563725876048	0.004724613648234525	0.19004383218534754	-0.1204080712529434	0.9199274091907083	1.24126603141635	6.410174881966167	0.0	0.0	4096	29.819902420043945	29.819902420043945	153	23.386093139648438	23.386093139648438	-0.21575554439342884	0.0	True	False	-0.12096417468692255	0.9195728808993971	0.0	0.0	False	False
119	3847	1084	2763	0.0	0.0	0.1867360323135427	0.007756874923969746	0.005046040784720523	0.28177800883805565	0.6207279179860761	1.5376508139268124	300.0	6.98933526597456	4.338475527755046	216.9237763877523	7407	26.976425170898438	26.976425170898438	181	21.871294021606445	21.871294021606445	-0.1892441684526567	0.0	True	False	0.6246601461167263	1.5418475715019249	0.0	0.0	False	False
120	3410	939	2471	0.0	0.0	0.1728804818917607	0.006719285566058663	0.004512763944641481	0.27536656891495603	0.5747726378082465	1.4894427152124912	300.0	6.84587987526405	3.9348244340239074	196.74122170119537	6392	23.844938278198242	23.844938278198242	181	10.652538299560547	10.652538299560547	-0.5532578790820226	0.0	True	False	0.5779700822374307	1.4927474272564143	0.0	0.0	False	False
121	1165	240	925	0.7983177628881695	0.8393124588202646	0.0071571440013559	0.0017173892820597223	0.0016893187570997045	0.20600858369098712	0.025998381427431383	1.0181840574541097	0.07607633013754074	5.484796933490655	0.14259584272889606	0.010848168407684334	1642	24.825700759887695	24.825700759887695	38	22.249326705932617	22.249326705932617	-0.10377850272480015	0.0	True	False	0.026035096670941726	1.018209969618657	0.0	0.0	False	False
122	1353	243	1110	0.0165595657232562	0.0277658235618391	-0.0666290701595067	0.0017388566480854687	0.0020271825085196454	0.17960088691796008	-0.21902123793667627	0.8591481073211196	1.5564894403957086	5.497168225293202	0.0	0.0	1678	42.00530242919922	42.00530242919922	23	37.607293701171876	37.607293701171876	-0.10470127516496934	0.0	True	False	-0.21944183970581221	0.8588976687089195	0.0	0.0	False	False
123	1370	290	1080	0.386474106912674	0.4583488646007018	0.0220618774405442	0.002075178715822164	0.0019723937920731686	0.2116788321167883	0.07510547407298596	1.053438049001272	0.33880384012552645	5.673323267171493	0.4260976335502165	0.1443635145152127	2011	36.52286911010742	36.52286911010742	19	34.08208236694336	34.08208236694336	-0.06682899790281241	0.0	True	False	0.07525020954126305	1.0535437383488973	0.0	0.0	False	False
124	1560	285	1275	0.0249343627229778	0.0397519143411409	-0.0575776897328381	0.00203939977244592	0.0023285204489752686	0.18269230769230768	-0.1893057707116661	0.8770276481918182	1.4006419520949325	5.655991810819852	0.0	0.0	1971	37.47986602783203	37.47986602783203	24	34.354489135742185	34.354489135742185	-0.08338815538371948	0.0	True	False	-0.18972764851813828	0.8767712222687295	0.0	0.0	False	False
125	2585	428	2157	1.6804130664738184e-07	6.346414396682673e-07	-0.1093187410611171	0.0030626775530065045	0.0039393087125016895	0.1655705996131528	-0.3617989724258539	0.7781936038177784	6.197471573534568	6.061456918928017	0.0	0.0	2976	35.372596740722656	35.372596740722656	20	32.61147556304932	32.61147556304932	-0.0780581984950684	0.0	True	False	-0.36307198229515514	0.777507241715803	0.0	0.0	False	False
126	844	143	701	0.0072244456657215	0.0132561762451211	-0.0972943454717369	0.0010232777805605844	0.0012802296742993437	0.16943127962085308	-0.31919788941624816	0.801515380806719	1.8775817304657016	4.969813299576001	0.0	0.0	968	44.10581970214844	44.10581970214844	33	42.62598495483398	42.62598495483398	-0.03355191576322459	0.0	True	False	-0.3195728681025365	0.801307081671796	0.0	0.0	False	False
127	1235	292	943	0.0009279996551934	0.0019201694993097	0.0839587937395592	0.002089490293172662	0.0017221919869675906	0.23643724696356275	0.2806085843982853	1.2147071866632302	2.716660433085103	5.680172609017068	1.5939051949541942	4.330099177220857	1967	26.106395721435547	26.106395721435547	77	21.415576934814453	21.415576934814453	-0.17968082751344863	0.0	True	False	0.28113564273470537	1.2151510354953696	0.0	0.0	False	False
128	1016	220	796	0.2369013718296777	0.3001779597450965	0.0345972481134081	0.0015742735085547454	0.0014537272763798538	0.21653543307086615	0.11729877156017565	1.0847020194161219	0.522621198543386	5.3981627015177525	0.6331978535699915	0.3309226211478483	1531	34.853599548339844	34.853599548339844	9	49.2196044921875	49.2196044921875	0.2918756680811593	0.2918756680811593	True	False	0.11746909608039147	1.0848300868538656	0.18508340854850092	0.18481504653829733	False	False
129	865	171	694	0.6453219058801836	0.709124919173422	-0.0152757250333445	0.0012236398634675521	0.0012674456404618323	0.1976878612716763	-0.04757164028061567	0.9675635723949423	0.14927725292844193	5.147494476813453	0.0	0.0	1187	33.84714126586914	33.84714126586914	10	27.487662506103515	27.487662506103515	-0.1878882092231054	0.0	True	False	-0.04763876653600896	0.9675185542818493	0.0	0.0	False	False
130	2538	424	2114	6.244509938024834e-07	2.112273361644922e-06	-0.1046514913504134	0.0030340543983055092	0.003860778218928406	0.16706067769897556	-0.34628562394780005	0.786606697987746	5.675249877913068	6.052089168924417	0.0	0.0	2965	34.98746871948242	34.98746871948242	3	44.28146743774414	44.28146743774414	0.2098846144005563	0.2098846144005563	True	False	-0.34748631538037245	0.7859523122830937	0.0	0.0	False	False
131	2155	480	1675	0.0109744257758432	0.0196730489714425	0.0503140610308111	0.0034347785641194446	0.0030590366682616272	0.22273781902552203	0.1682111270972424	1.1236643304564817	1.7061283269714749	6.175867270105761	1.0388495943074596	1.7724107203107815	3321	25.618844985961914	25.618844985961914	39	23.161642837524415	23.161642837524415	-0.09591385364109686	0.0	True	False	0.16875111573373758	1.1240849872968763	0.0	0.0	False	False
132	1876	348	1528	0.0332971639522772	0.0520184609535575	-0.0494564752646839	0.002490214458986597	0.00279057195767389	0.18550106609808104	-0.16269151349058397	0.8933568553493646	1.2838425012225199	5.855071922202427	0.0	0.0	2417	30.06093978881836	30.06093978881836	19	29.423651885986327	29.423651885986327	-0.021199866248662033	0.0	True	False	-0.16312983855431007	0.8930854735190304	0.0	0.0	False	False
133	3499	649	2850	0.0035735209586287	0.0067154572604182	-0.0495125281801817	0.004644106850236499	0.005204928062415306	0.1854815661617605	-0.16361909315721768	0.8927826568565222	2.172924410558134	6.476972362889683	0.0	0.0	4447	35.54288864135742	35.54288864135742	96	22.42741107940674	22.42741107940674	-0.36900426676884157	0.0	True	False	-0.16443605287874608	0.8922772409658679	0.0	0.0	False	False
134	2807	497	2310	0.0001334874309768	0.000314706731212	-0.0741679561306839	0.003556426971598675	0.0042187311663787214	0.1770573566084788	-0.24524218120755936	0.843674159005561	3.5020939679321414	6.210600077024653	0.0	0.0	3322	26.737621307373047	26.737621307373047	157	19.708967208862305	19.708967208862305	-0.26287507096125085	0.0	True	False	-0.24620527056420372	0.8431111415751403	0.0	0.0	False	False
135	956	228	728	0.0019479993408384	0.0038860089414674	0.0888911027161673	0.001631519817956736	0.0013295395191011729	0.2384937238493724	0.2974596705215209	1.228978494369905	2.4104962044502134	5.43372200355424	1.6163131568827827	3.89611672986889	1528	25.536815643310547	25.536815643310547	68	21.314403343200684	21.314403343200684	-0.1653460775645274	0.0	True	False	0.2978921308833975	1.2293469465624003	0.0	0.0	False	False
136	896	159	737	0.0337588775932236	0.0525288135350559	-0.0729827285090153	0.001137770399364566	0.001345976134035116	0.17745535714285715	-0.23889214784373358	0.8473957816989611	1.2796024084677347	5.075173815233827	0.0	0.0	1111	37.709102630615234	37.709102630615234	2	57.537583923339845	57.537583923339845	0.3446178991308198	0.3446178991308198	True	False	-0.2391967472358747	0.8472168880407137	0.0	0.0	False	False
137	2250	347	1903	2.905686802279206e-10	1.687033083711359e-09	-0.1460216784676809	0.0024830586703113483	0.0034754309132548514	0.15422222222222223	-0.4833752094234285	0.7153022033443985	8.77287640055705	5.8522024797744745	0.0	0.0	2373	34.26839828491211	34.26839828491211	56	22.873825073242188	22.873825073242188	-0.33250965268157257	0.0	True	False	-0.4848150308237109	0.7145886820292222	0.0	0.0	False	False
138	3404	575	2829	4.12503999847047e-08	1.7254199563494764e-07	-0.098877467739316	0.004114578488268085	0.005166575960902772	0.16891891891891891	-0.3274648264225739	0.7969356679790834	6.7631051831833044	6.3561076606958915	0.0	0.0	3940	38.223976135253906	38.223976135253906	85	32.01191329956055	32.01191329956055	-0.1625174422909914	0.0	True	False	-0.3289934728913666	0.7960917004860774	0.0	0.0	False	False
139	919	129	790	3.084844184542135e-07	1.1111151738767504e-06	-0.193949745960933	0.0009230967391071007	0.0014427695330905585	0.14036996735582155	-0.639618887143854	0.6418824907523424	5.954240921449199	4.867534450455582	0.0	0.0	894	38.15682601928711	38.15682601928711	9	45.63815155029297	45.63815155029297	0.1639270057368884	0.1639270057368884	True	False	-0.6403733517310464	0.6415469028497978	0.0	0.0	False	False
140	975	269	706	3.5723646263363656e-11	2.2413707091045908e-10	0.1740352139790459	0.0019249071536419386	0.001289361127040423	0.27589743589743587	0.5797901899465305	1.4946318696413226	9.64948630785413	5.598421958998375	3.2459101310084955	31.32136536569148	1815	20.979551315307617	20.979551315307617	68	17.275176429748534	17.275176429748534	-0.17657073928250344	0.0	True	False	0.5807047123643017	1.4955796150995093	0.0	0.0	False	False
141	1091	295	796	1.1291168000582276e-10	6.654945988221972e-10	0.161996583268863	0.0021109576591984086	0.0014537272763798538	0.27039413382218147	0.5396782461801859	1.4536482845236447	9.176855464924444	5.69035945432406	3.0709632104444484	28.181785520349052	2012	25.90606117248535	25.90606117248535	53	20.800189971923828	20.800189971923828	-0.19709176036318612	0.0	True	False	0.5406242688197924	1.4546018021580298	0.0	0.0	False	False
142	730	142	588	0.50989710037512	0.5868342368222536	-0.0240013466633196	0.0010161219918853356	0.0010738588423509473	0.19452054794520549	-0.07588601845837672	0.948759269839374	0.2314845566739528	4.962844630259907	0.0	0.0	994	39.654441833496094	39.654441833496094	0					False	True	-0.0759732505072801	0.9487019051776576			False	False
143	1134	189	945	0.0007711435684212	0.0016214856654911	-0.105882369306738	0.0013524440596220312	0.0017258445680640225	0.16666666666666666	-0.3486851322507061	0.7852994913445175	2.7900868862914296	5.247024072160486	0.0	0.0	1316	35.790733337402344	35.790733337402344	7	49.37861633300781	49.37861633300781	0.27517747569047335	0.27517747569047335	True	False	-0.3492285148632561	0.7850037685986797	0.0	0.0	False	False
144	1574	377	1197	4.214100135868648e-05	0.0001085619174074	0.0913348348276138	0.0026977323305688136	0.0021860697862144283	0.23951715374841168	0.3047173711168636	1.2351766381038172	3.9643224948241884	5.934894195619588	1.8084653571459337	7.169339896443885	2626	27.376038551330566	27.376038551330566	13	27.976346588134767	27.976346588134767	0.021457699450249206	0.021457699450249206	True	False	0.3054534956180994	1.23580703868593	0.038899250948430934	0.038805506099825034	True	True
145	3431	577	2854	1.8637804855003992e-08	7.880550096300602e-08	-0.1011905205948537	0.004128890065618582	0.005212233224608169	0.1681725444476829	-0.33515073316379507	0.7927013106385357	7.103443465829047	6.359573868672378	0.0	0.0	3972	36.55918884277344	36.55918884277344	67	31.586687088012695	31.586687088012695	-0.13601236548615722	0.0	True	False	-0.3367248600645407	0.7918368646368463	0.0	0.0	False	False
146	2570	481	2089	0.023639348651673	0.0378424140967111	-0.0447057285783392	0.0034419343527946934	0.0038151209552230083	0.18715953307392996	-0.14735557795098764	0.9029039459273874	1.4220211662597197	6.1779441140506	0.0	0.0	3359	28.193925857543945	28.193925857543945	8	21.876585006713867	21.876585006713867	-0.22406744214161028	0.0	True	False	-0.14789979030586586	0.9025634174005839	0.0	0.0	False	False
147	2257	584	1673	2.731148640577885e-14	2.124833642369595e-13	0.1360045411779316	0.004178980586345324	0.003055384087165195	0.25875055383252105	0.452600856373091	1.3685051428537767	12.672675066097936	6.371611847231857	2.8837969785340705	36.54542206555728	3869	25.510051727294922	25.510051727294922	219	16.92562026977539	16.92562026977539	-0.33651172288037623	0.0	True	False	0.4542238863716159	1.3700455756458265	0.0	0.0	False	False
148	3129	549	2580	1.90336980394612e-05	5.326696789460725e-05	-0.078959726485073	0.003928527982711615	0.004711829614397014	0.17545541706615533	-0.26126476680685595	0.8343561440904191	4.273542023773057	6.309918278226516	0.0	0.0	3793	28.44987678527832	28.44987678527832	50	24.43415946960449	24.43415946960449	-0.1411506048332625	0.0	True	False	-0.2624035940455798	0.8336977841818115	0.0	0.0	False	False
149	1629	312	1317	0.1877185705898867	0.2417964369518739	-0.0323435459148363	0.002232606066677639	0.002405224652000336	0.19152854511970535	-0.10568038944716562	0.9293665406645878	0.6165501030763263	5.746203190540153	0.0	0.0	2147	33.78213119506836	33.78213119506836	37	32.94728012084961	32.94728012084961	-0.024712800663701816	0.0	True	False	-0.10593385704582658	0.9292032742730869	0.0	0.0	False	False
150	738	90	648	4.487242133421887e-09	2.2095407467102712e-08	-0.2642448613996706	0.0006440209807723958	0.0011834362752439012	0.12195121951219512	-0.8709223996405306	0.5467971393330647	7.655697985091388	4.51085950651685	0.0	0.0	591	35.82152557373047	35.82152557373047	39	26.520536422729492	26.520536422729492	-0.25964804686659715	0.0	True	False	-0.8717051693316407	0.5465005415619781	0.0	0.0	False	False
151	3035	626	2409	0.6514028452767786	0.7137907234159631	0.0078251682400422	0.0044795237107057755	0.004399533930652095	0.20626029654036243	0.02684709110983441	1.018783211726231	0.1464291005319939	6.440946540632921	0.17292067860994478	0.02532061943223621	4356	32.63153839111328	32.63153839111328	26	35.9067497253418	35.9067497253418	0.09121436385307188	0.09121436385307188	True	False	0.026959144762438214	1.0188623433585486	0.015838681983946733	0.01577284969644761	False	False
152	2334	358	1976	6.708833488744402e-11	4.0149788109562655e-10	-0.1488162785792991	0.0025617723457390857	0.003608750123274612	0.1533847472150814	-0.4927084535897457	0.7106896264892097	9.39631674236763	5.883322388488279	0.0	0.0	2390	28.243188858032227	28.243188858032227	116	22.238365173339844	22.238365173339844	-0.21261139154209352	0.0	True	False	-0.4942274508900173	0.7099417432031615	0.0	0.0	False	False
153	1705	311	1394	0.0174618384224427	0.0289049155162988	-0.0584147497066256	0.00222545027800239	0.00254584902421296	0.18240469208211144	-0.19224938847634654	0.8752400200718207	1.5390282956491448	5.7430031878094825	0.0	0.0	2146	37.20209884643555	37.20209884643555	31	33.1425666809082	33.1425666809082	-0.1091210520751654	0.0	True	False	-0.19271658409892112	0.8749566323203134	0.0	0.0	False	False
154	2364	600	1764	1.5365486660812169e-12	1.0673525555457024e-11	0.1247403046157628	0.0042934732051493054	0.0032215765270528418	0.25380710659898476	0.41517119845387374	1.3334569033340125	10.971692105750757	6.398594934535208	2.656512327391868	29.14643533127493	4116	32.81229019165039	32.81229019165039	84	25.800913047790527	25.800913047790527	-0.2136814316497792	0.0	True	False	0.4167195888419677	1.3348888208071001	0.0	0.0	False	False
155	5604	908	4696	0.0	0.0	-0.1205546046906446	0.006497456117125949	0.008576260414421851	0.16202712348322626	-0.3998331120977463	0.7579459557647127	300.0	6.812345094177479	0.0	0.0	6330	33.11149597167969	33.11149597167969	26	28.045405387878418	28.045405387878418	-0.15300095737547784	0.0	True	False	-0.40285883592673066	0.7563580027454442	0.0	0.0	False	False
156	2728	576	2152	0.2524135472708331	0.3157198388693057	0.0206678514568551	0.004121734276943333	0.00393017725976061	0.21114369501466276	0.06957375289552914	1.0494065885631865	0.5006981275130337	6.3578422665081	0.44233894679878544	0.22147828238823927	4029	31.453121185302734	31.453121185302734	3	49.706207275390625	49.706207275390625	0.36721944985581173	0.36721944985581173	True	False	0.06984736778184608	1.0496056330502042	0.16307427975433436	0.16243546469324915	False	False
157	1378	205	1173	4.758492599954423e-08	1.9692059801939045e-07	-0.1644565160305841	0.0014669366784260127	0.002142238813057247	0.14876632801161102	-0.5434130653135245	0.6861457336457703	6.7057088540077165	5.327876168789581	0.0	0.0	1419	34.15129318237305	34.15129318237305	16	24.003368377685547	24.003368377685547	-0.29714613588703825	0.0	True	False	-0.5443929308651771	0.6856798678321394	0.0	0.0	False	False
158	1162	220	942	0.1875581681213867	0.2417964369518739	-0.0385405869417156	0.0015742735085547454	0.0017203656964193748	0.18932874354561102	-0.12551948507054256	0.916673908185613	0.6165501030763263	5.3981627015177525	0.0	0.0	1463	27.71327018737793	27.71327018737793	77	23.969956588745116	23.969956588745116	-0.13507296588685205	0.0	True	False	-0.1257344495987187	0.9165373320633525	0.0	0.0	False	False
159	1009	226	783	0.0640051352739905	0.0908686044583296	0.053434312118267	0.0016172082406062385	0.0014299854992530473	0.22398414271555997	0.1797722531016177	1.1327050599586361	1.0415861417031844	5.424950017481403	0.9752554876062922	1.0158126005106958	1578	34.181671142578125	34.181671142578125	4	51.56496047973633	51.56496047973633	0.33711437331537136	0.33711437331537136	True	False	0.18003891969619268	1.1329144476046185	0.3292603300283715	0.3287726425267721	False	False
160	671	119	552	0.0651254727043877	0.0921229413891157	-0.0733044813063628	0.0008515388523546122	0.001008112382615175	0.17734724292101342	-0.23876936877008248	0.8474679015118689	1.0356322039180934	4.787491742782046	0.0	0.0	824	39.081695556640625	39.081695556640625	9	32.76678199768067	32.76678199768067	-0.16158238451573398	0.0	True	False	-0.23899931433940402	0.8473328376525697	0.0	0.0	False	False
161	4085	834	3251	0.8814136141184143	0.8996134640475343	0.0022367161694417	0.005967927755157535	0.00593727057224988	0.20416156670746635	0.008073008450304897	1.005611468684075	0.04594405332778961	6.727431724850855	0.0543106131635702	0.0024952497074520216	5787	33.89497375488281	33.89497375488281	51	35.537200927734375	35.537200927734375	0.046211494714821943	0.046211494714821943	True	False	0.008113634736567121	1.00563978709751	0.0025224047029924167	0.0025097746131670633	False	False
162	1075	219	856	0.9712191892722516	0.9737223315126442	0.0010579851918833	0.0015671177198794965	0.0015633047092728075	0.20372093023255813	0.005962170979323389	1.0041412132276692	0.011564869696377152	5.393627546352362	0.03215772963014127	0.0003718999529039104	1496	36.22978973388672	36.22978973388672	37	25.118336486816407	25.118336486816407	-0.30669383754875795	0.0	True	False	0.005963830163805639	1.004142368050019	0.0	0.0	False	False
163	1999	524	1475	2.6423307986078732e-14	2.124833642369595e-13	0.1436269016975216	0.0037496332658303933	0.002693778558618448	0.2621310655327664	0.4780052346732244	1.3928165343539685	12.672675066097936	6.263398262591624	2.993937156361975	37.94119275089256	3626	26.79572296142578	26.79572296142578	42	21.512979125976564	21.512979125976564	-0.1971487704606469	0.0	True	False	0.47952957429535203	1.394288950493882	0.0	0.0	False	False
164	2021	398	1623	0.4247931529662785	0.496229839350998	-0.0173478127242779	0.002848003892749039	0.0029640695597544005	0.19693221177634834	-0.05626127776765344	0.9617532615790569	0.304317124231794	5.988961416889864	0.0	0.0	2712	28.417335510253906	28.417335510253906	74	24.247713088989258	24.247713088989258	-0.1467281272644338	0.0	True	False	-0.056433068394433406	0.9616387464844411	0.0	0.0	False	False
165	1248	233	1015	0.1052685003069	0.144188192321775	-0.0460224861943341	0.0016672987613329804	0.0018536849064391353	0.18669871794871795	-0.15050130705852816	0.9009373508869372	0.8410703028583355	5.455321115357702	0.0	0.0	1534	27.79931640625001	27.79931640625001	97	19.523266220092772	19.523266220092772	-0.297706967510056	0.0	True	False	-0.15077453024048992	0.9007667440329783	0.0	0.0	False	False
166	1434	381	1053	7.174705274337612e-12	4.5753448388808696e-11	0.1515842395183027	0.002726355485269809	0.0019230839472713392	0.26569037656903766	0.5047591255451884	1.4188864370869367	10.339576168050149	5.945420608606575	3.001005307398597	31.029122956570543	2644	18.6016788482666	18.6016788482666	23	19.42791175842285	19.42791175842285	0.04252813788893404	0.04252813788893404	True	False	0.50591684582675	1.4200255086396942	0.12791989439122342	0.12762716751847042	True	True
167	2633	443	2190	8.950431384935342e-07	3.0014808696033174e-06	-0.1009527535888241	0.003170014383135237	0.003999576300592814	0.1682491454614508	-0.33405972749392365	0.7933009998943095	5.5226644203414885	6.095824562432225	0.0	0.0	3054	33.3830451965332	33.3830451965332	47	27.86723098754883	27.86723098754883	-0.16522801249890726	0.0	True	False	-0.3352646936998731	0.7926386965060039	0.0	0.0	False	False
168	3031	799	2232	0.0	0.0	0.1469402240762417	0.005717475151523825	0.004076280503617882	0.26360936984493566	0.4887042409997102	1.4031840374852425	300.0	6.684611727667927	3.266798100747716	163.3399050373858	5494	26.236827850341797	26.236827850341797	99	21.105899810791016	21.105899810791016	-0.19556205760918383	0.0	True	False	0.4910797678235532	1.4054964091382862	0.0	0.0	False	False
169	265	39	226	0.0138921068980144	0.0239116353244585	-0.1699561970842452	0.00027907575833470487	0.0004127416638967927	0.1471698113207547	-0.5493920143411692	0.6833080298011268	1.6213907213287226	3.6888794541139363	0.0	0.0	271	45.67548751831055	45.67548751831055	2	45.6687686920166	45.6687686920166	-0.00014709916979549893	0.0	True	False	-0.54958876551696	0.6832148482988085	0.0	0.0	False	False
170	3090	855	2235	0.0	0.0	0.1757762222879734	0.006118199317337761	0.004081759375262529	0.2766990291262136	0.5844366914747354	1.4994534048179609	300.0	6.752270376141742	3.946274558575147	197.31372792875734	5890	28.416921615600586	28.416921615600586	95	24.087446212768555	24.087446212768555	-0.1523555387665635	0.0	True	False	0.5873858438756727	1.5025217175263756	0.0	0.0	False	False
171	4017	1195	2822	0.0	0.0	0.2198985308934795	0.008551167466922367	0.005153791927065261	0.2974856858352004	0.7308350265792285	1.6595993837097607	300.0	7.086737934510577	5.179236306728064	258.96181533640316	8200	26.628740310668945	26.628740310668945	165	23.182424545288086	23.182424545288086	-0.12942090858124727	0.0	True	False	0.7357663444529976	1.6652818147342048	0.0	0.0	False	False
172	1020	189	831	0.1126305111992402	0.1516030064238909	-0.0500515845816491	0.0013524440596220312	0.0015176474455674102	0.18529411764705883	-0.1633239375882134	0.8929653265980053	0.8192921861686113	5.247024072160486	0.0	0.0	1267	41.1854133605957	41.1854133605957	56	36.06713676452637	36.06713676452637	-0.1242740130166149	0.0	True	False	-0.16356646761175853	0.8928152237052884	0.0	0.0	False	False
173	1072	189	883	0.0153548896080402	0.0260831967577626	-0.0764112643750759	0.0013524440596220312	0.001612614554074637	0.17630597014925373	-0.2508378088525607	0.840408227579221	1.5836391825269407	5.247024072160486	0.0	0.0	1248	27.503551483154297	27.503551483154297	75	20.307815551757812	20.307815551757812	-0.26162933669871014	0.0	True	False	-0.25121756209971835	0.8401870403260692	0.0	0.0	False	False
174	813	139	674	0.0117697545243917	0.0208110659544927	-0.0925574612513022	0.0009946546258595892	0.0012309198294975143	0.17097170971709716	-0.3033588435911163	0.8103635319409133	1.6817056744112486	4.941642422609304	0.0	0.0	965	36.352359771728516	36.352359771728516	8	28.77868232727051	28.77868232727051	-0.20834073749314366	0.0	True	False	-0.3037039298833619	0.8101697197377911	0.0	0.0	False	False
175	4048	938	3110	2.815009003676039e-07	1.023400469560728e-06	0.0725300843799928	0.006712129777383414	0.005679763604951439	0.2317193675889328	0.24147662144359838	1.1822020451092201	5.989954388099111	6.844815479208263	1.6528629163240562	9.900573478561574	6501	31.005544662475586	31.005544662475586	65	24.52803153991699	24.52803153991699	-0.20891466971705855	0.0	True	False	0.24297142508062475	1.1834275818143483	0.0	0.0	False	False
176	1756	363	1393	0.6911928927731437	0.7448034218525011	0.0090431436404761	0.00259755128911533	0.0025440227336647444	0.20671981776765375	0.03150874434374806	1.0220804402103567	0.1279583367417442	5.8971538676367405	0.18581191357111115	0.02377618340736011	2529	35.28765869140625	35.28765869140625	12	36.764021682739255	36.764021682739255	0.040157820710517066	0.040157820710517066	True	False	0.031582314272414536	1.022132562315334	0.007479224109660473	0.0074618015110667745	False	False
177	950	202	748	0.4215909206912291	0.4939724944243618	0.0245374066111742	0.0014454693124002663	0.0013660653300654909	0.21263157894736842	0.08411406924153475	1.060036593756829	0.30629723296358524	5.313205979041787	0.4469153756156573	0.13688894291995718	1402	26.72750453948975	26.72750453948975	12	23.24583625793457	23.24583625793457	-0.13026537050666415	0.0	True	False	0.08422493615700333	1.0601180576143097	0.0	0.0	False	False
178	696	123	573	0.054504638047315	0.0794093790277362	-0.0751618754977765	0.0008801620070556076	0.0010464644841277088	0.17672413793103448	-0.24508796690318313	0.8437643468649968	1.100128200098899	4.820281565605037	0.0	0.0	858	38.219783782958984	38.219783782958984	3	44.66294708251953	44.66294708251953	0.14426193792487804	0.14426193792487804	True	False	-0.24533196958608805	0.8436216532608475	0.0	0.0	False	False
179	2515	514	2001	0.8834250469567047	0.8996134640475343	0.0028036653871347	0.003678075379077905	0.0036544073869800094	0.2043737574552684	0.010355844034394934	1.0072039485809956	0.04594405332778961	6.244166900663736	0.06466361854800486	0.0029709087389373804	3529	26.052400588989258	26.052400588989258	69	21.5430965423584	21.5430965423584	-0.1730859323780191	0.0	True	False	0.01038625674099336	1.0072251811493302	0.0	0.0	False	False
180	788	167	621	0.4988546464188479	0.575829250614041	0.0227125060003467	0.0011950167087665566	0.0011341264304420718	0.21192893401015228	0.07860118182061271	1.0559936664304408	0.23970627787819446	5.123963979403259	0.4027496243873458	0.09654161337873156	1167	34.29917907714844	34.29917907714844	2	42.84898452758789	42.84898452758789	0.19953344390074737	0.19953344390074737	True	False	0.07868528125391627	1.0560552255645066	0.08044800302762142	0.08036201958373952	False	False
181	2895	628	2267	0.0395124659473982	0.059574997106736	0.0355957586386212	0.004493835288056273	0.004140200672805438	0.2169257340241796	0.11907657653258674	1.0860395004741956	1.2249359700730484	6.444131256700441	0.7673450887745245	0.9399486006988116	4390	34.00758361816406	34.00758361816406	6	65.26268768310547	65.26268768310547	0.4789123031019822	0.4789123031019822	True	False	0.11958511324347398	1.086422386870824	0.36906043638280156	0.3674910037390025	False	False
182	1467	276	1191	0.1083259197338513	0.1473384013163222	-0.0419150443889083	0.0019749976743686807	0.002175112042925133	0.18813905930470348	-0.13723308842759963	0.9092613355012066	0.8316840467335188	5.6240175061873385	0.0	0.0	1843	26.470964431762695	26.470964431762695	89	21.619094848632812	21.619094848632812	-0.18329024602171617	0.0	True	False	-0.1375262445126637	0.9090765920830787	0.0	0.0	False	False
183	3013	437	2576	0.0	0.0	-0.1773767866890849	0.0031270796510837443	0.00470452445220415	0.1450381679389313	-0.5878631929053748	0.6653276088708843	300.0	6.082218910376446	0.0	0.0	2964	29.159399032592773	29.159399032592773	95	20.46312561035156	20.46312561035156	-0.29823225823416305	0.0	True	False	-0.5901517660559241	0.6642730243655516	0.0	0.0	False	False
184	699	154	545	0.2060509369258922	0.2636638633689871	0.0442118535892863	0.0011019914559883218	0.0009953283487776638	0.22031473533619456	0.15022211910873118	1.1097403159042616	0.5789493886550531	5.043425116919247	0.7576340086298096	0.43863174612050543	1070	33.80574035644531	33.80574035644531	8	29.4347806930542	29.4347806930542	-0.12929637444126427	0.0	True	False	0.15037231419071873	1.1098558539836774	0.0	0.0	False	False
185	1013	200	813	0.6026806680536296	0.6698365139224627	-0.0159729149010072	0.0014311577350497684	0.0014847742156995241	0.19743336623889438	-0.050345631689644676	0.9657049437690249	0.17403118202336498	5.303304908059076	0.0	0.0	1340	33.50776672363281	33.50776672363281	60	30.88808479309082	30.88808479309082	-0.07818133485734066	0.0	True	False	-0.05042694671261039	0.9656505150058448	0.0	0.0	False	False
186	1264	189	1075	2.489770789537715e-07	9.136989029529918e-07	-0.1618590250490437	0.0013524440596220312	0.001963262339332089	0.1495253164556962	-0.5345432937240044	0.6903771911355108	6.0391968965304414	5.247024072160486	0.0	0.0	1274	31.965679168701172	31.965679168701172	49	26.386352920532225	26.386352920532225	-0.17454114516771727	0.0	True	False	-0.5354298304321201	0.689953084382046	0.0	0.0	False	False
187	2191	646	1545	0.0	0.0	0.2143916692620643	0.004622639484210753	0.0028216188969935603	0.2948425376540392	0.7128430984799943	1.6390309513834953	300.0	6.472346294500901	4.613767387007532	230.6883693503766	4450	24.701736450195312	24.701736450195312	72	9.859807968139648	9.859807968139648	-0.6008455523756635	0.0	True	False	0.7154472654320356	1.6419921904092734	0.0	0.0	False	False
188	368	49	319	0.0003262663539638	0.0007252434953824	-0.2205069679937232	0.0003506336450871933	0.000582586684880871	0.1331521739130435	-0.72012102333942	0.6070465167586058	3.1395161576403603	3.912023005428146	0.0	0.0	333	37.49421691894531	37.49421691894531	10	30.05845890045166	30.05845890045166	-0.19831746411901896	0.0	True	False	-0.7204596625135249	0.6069040434009113	0.0	0.0	False	False
189	3192	561	2631	1.921731314458164e-05	5.339667723744469e-05	-0.0780703518014899	0.0040143974468146	0.004804970432356025	0.17575187969924813	-0.25833298956420947	0.8360534075054645	4.272485767359846	6.331501849893691	0.0	0.0	3899	31.0035255432129	31.0035255432129	28	22.370285034179688	22.370285034179688	-0.2784599608518763	0.0	True	False	-0.2594824559731226	0.8353875477511644	0.0	0.0	False	False
190	3898	741	3157	0.0222052394520375	0.0358416520615876	-0.0363687388849981	0.005302439408359392	0.005765599260717586	0.1900974858902001	-0.12006965869232022	0.9201432216089229	1.4456119804637224	6.60934924316738	0.0	0.0	5117	27.546710968017578	27.546710968017578	70	22.58395767211914	22.58395767211914	-0.18015774375606286	0.0	True	False	-0.12074543981532404	0.9197123129340729	0.0	0.0	False	False
191	783	244	539	0.0	0.0	0.2488886961804073	0.0017460124367607176	0.0009843706054883682	0.3116219667943806	0.8284059829921802	1.775722303087203	300.0	5.501258210544727	4.557275215600107	227.86376078000535	1674	39.543215560913104	39.543215560913104	34	31.8602746963501	31.8602746963501	-0.1942922636811885	0.0	True	False	0.8295024499427832	1.7770723880542945	0.0	0.0	False	False
192	1934	258	1676	2.220446049250313e-16	2.1593837828959294e-15	-0.2195666733021608	0.0018461934782142014	0.003060862958809843	0.13340227507755947	-0.7270218199508864	0.604149784200258	14.665670164529276	5.556828061699537	0.0	0.0	1799	34.69519805908203	34.69519805908203	7	49.19704818725586	49.19704818725586	0.294770736507936	0.294770736507936	True	False	-0.7287823778501874	0.603412974330762	0.0	0.0	False	False
193	1601	373	1228	0.0007519613811433	0.0015897444416562	0.0755981000317919	0.0026691091758678184	0.002242684793209121	0.23297938788257339	0.25247676795503615	1.191250457295525	2.798672684798358	5.924255797414532	1.4957369562701066	4.1860781631565835	2403	33.44656753540039	33.44656753540039	208	29.339909553527832	29.339909553527832	-0.12278264361585102	0.0	True	False	0.25308962763018705	1.191756610319548	0.0	0.0	False	False
194	4707	908	3799	0.0472111954933156	0.0698294868703413	-0.0284958100058287	0.006497456117125949	0.006938077792672192	0.1929041852560017	-0.09405668067157791	0.9368846377810164	1.1559611492836013	6.812345094177479	0.0	0.0	6263	31.844715118408203	31.844715118408203	93	33.98336410522461	33.98336410522461	0.06293223296535289	0.06293223296535289	True	False	-0.09470053160340441	0.9364666149503054	0.0	0.0	False	False
195	2932	442	2490	1.4432899320127035e-14	1.2205212685933514e-13	-0.1576894427183938	0.0031628585944599883	0.004547463465057583	0.15075034106412005	-0.5224915731742641	0.6961684926452694	12.913454648240032	6.093569770045136	0.0	0.0	3009	25.87005615234375	25.87005615234375	85	19.676880645751954	19.676880645751954	-0.23939551851458632	0.0	True	False	-0.5245007215774358	0.6951996584260068	0.0	0.0	False	False
196	1470	267	1203	0.022200003489927	0.0358416520615876	-0.0606667309465614	0.001910595576291441	0.0021970275295037237	0.1816326530612245	-0.1994308676580232	0.8708940566935692	1.4456119804637224	5.5909869805108565	0.0	0.0	1811	38.33359909057617	38.33359909057617	58	36.05113754272461	36.05113754272461	-0.059542062368275646	0.0	True	False	-0.19984880346255274	0.8706418030415719	0.0	0.0	False	False
197	1982	515	1467	3.443911822387236e-13	2.480892035015991e-12	0.1384647502258981	0.003685231167753154	0.0026791682342327205	0.2598385469223007	0.46087830689865683	1.376379497390325	11.605392135210678	6.246106765481563	2.8786951107833882	33.40838559835497	3578	32.86454391479492	32.86454391479492	27	37.02408981323242	37.02408981323242	0.11234701296967135	0.11234701296967135	True	False	0.46233052258498475	1.3777656574398145	0.3244318623484611	0.32341279694691083	True	True
198	5561	898	4663	0.0	0.0	-0.1223014437593547	0.006425898230373461	0.008515992826330726	0.16148174788707068	-0.40562823102431533	0.7549074917753944	300.0	6.80128303447162	0.0	0.0	6168	34.19358444213867	34.19358444213867	118	31.253633499145508	31.253633499145508	-0.08597960672909441	0.0	True	False	-0.40867016496375985	0.7533174402470898	0.0	0.0	False	False
199	689	157	532	0.0684093971890842	0.0964175924150498	0.0630756551435779	0.0011234588220140683	0.000971586571650857	0.22786647314949202	0.21276478080204164	1.1589069865391552	1.015843717220498	5.062595033026967	1.0771419224914873	1.094207854517786	1079	45.82364654541018	45.82364654541018	20	41.42962226867676	41.42962226867676	-0.09588988672865748	0.0	True	False	0.21298026696740102	1.1590800980191003	0.0	0.0	False	False
200	3994	918	3076	1.9520544429774134e-06	6.2241735927722446e-06	0.0679439850996234	0.006569014003878437	0.005617669726312099	0.22984476715072608	0.22625611143830415	1.169795311101378	5.205918303336531	6.823286122355687	1.5438101852751425	8.036949700401225	6309	31.576589584350586	31.576589584350586	117	19.746496200561523	19.746496200561523	-0.37464759619424126	0.0	True	False	0.22763315449531074	1.1709124061819385	0.0	0.0	False	False
201	2488	428	2060	1.9444809951751907e-05	5.36456104342659e-05	-0.0893358163277349	0.0030626775530065045	0.0037621585293247475	0.1720257234726688	-0.29543287664003515	0.8148278088992273	4.2704658085007985	6.061456918928017	0.0	0.0	2906	38.068363189697266	38.068363189697266	90	33.189225387573245	33.189225387573245	-0.12816778535528156	0.0	True	False	-0.29644932510254485	0.8142539254696824	0.0	0.0	False	False
202	2807	698	2109	5.24780219279819e-12	3.4023250883308266e-11	0.1128664779115334	0.004994740495323692	0.003851646766187326	0.24866405415033843	0.375625410718075	1.297401858642413	10.468224192392173	6.54965074223381	2.4602152501115198	25.75408479970957	4847	32.159454345703125	32.159454345703125	39	24.580252838134765	24.580252838134765	-0.23567568734514394	0.0	True	False	0.37727800817964496	1.2988888752625511	0.0	0.0	False	False
203	1326	170	1156	3.170796958329447e-13	2.3272453146984057e-12	-0.2394212776766148	0.0012164840747923033	0.0021111918737375768	0.1282051282051282	-0.7917271440840548	0.5776521328948075	11.633157835361947	5.14166355650266	0.0	0.0	1185	39.97645950317383	39.97645950317383	5	42.040270233154295	42.040270233154295	0.0490912812532989	0.0490912812532989	True	False	-0.7930239338321243	0.5771331342317633	0.0	0.0	False	False
204	786	154	632	0.565307184472964	0.635562123583766	-0.0201087224163464	0.0011019914559883218	0.0011542156264724467	0.19592875318066158	-0.06326416414933433	0.9570961934004341	0.19684199253563145	5.043425116919247	0.0	0.0	1025	24.40951156616211	24.40951156616211	53	19.029787063598633	19.029787063598633	-0.220394598555637	0.0	True	False	-0.06334344137628811	0.9570436016569903	0.0	0.0	False	False
205	1499	255	1244	0.0004461405763189	0.0009641593566004	-0.0951925648920482	0.0018247261121884547	0.0022719054419805757	0.17011340893929286	-0.31397655651545087	0.8044214425113757	3.0158511798185828	5.545177444479562	0.0	0.0	1749	35.459346771240234	35.459346771240234	36	34.222415924072266	34.222415924072266	-0.03488306919887192	0.0	True	False	-0.3146268749453771	0.8040589180778305	0.0	0.0	False	False
206	2823	764	2059	0.0	0.0	0.1625246469854585	0.005467022547890115	0.0037603322387765314	0.27063407722281263	0.540488758020512	1.4544651793859376	300.0	6.639875833826536	3.588778242835316	179.4389121417658	5270	28.127065658569336	28.127065658569336	78	23.09070587158203	23.09070587158203	-0.17905741921759624	0.0	True	False	0.5429585370637371	1.4569572404655942	0.0	0.0	False	False
207	1528	296	1232	0.2981127379989021	0.3669805540556106	-0.0262313617409109	0.0021181134478736575	0.002249989955401985	0.193717277486911	-0.08528915919130675	0.9425955926641177	0.4353569479824965	5.6937321388027	0.0	0.0	2038	37.381622314453125	37.381622314453125	34	42.33141021728516	42.33141021728516	0.11692943555211141	0.11692943555211141	True	False	-0.0854836856142338	0.942468505939224	0.0	0.0	False	False
208	1412	280	1132	0.5998640214944737	0.6686163448749292	-0.0136007604814235	0.002003620829069676	0.0020673609005803953	0.19830028328611898	-0.04324389679683982	0.9704703916922346	0.1748230109288762	5.638354669333745	0.0	0.0	1921	29.845108032226562	29.845108032226562	39	26.42626075744629	26.42626075744629	-0.11455302058510301	0.0	True	False	-0.043339893887848646	0.970405818631106	0.0	0.0	False	False
209	1278	166	1112	2.562172696229937e-12	1.7184227221266296e-11	-0.2329090641763154	0.0011878609200913078	0.002030835089616077	0.1298904538341158	-0.7700167761418975	0.5864106555964738	10.76486999341247	5.117993812416755	0.0	0.0	1151	38.35155487060547	38.35155487060547	11	42.37539291381836	42.37539291381836	0.09495694945876812	0.09495694945876812	True	False	-0.7712387391087834	0.5859141759514108	0.0	0.0	False	False
210	2364	631	1733	0.0	0.0	0.1543184315580975	0.00451530265408202	0.003164961520058149	0.26692047377326567	0.5133612801126821	1.4273719038543775	300.0	6.448889394146858	3.31061011468433	165.5305057342165	4411	34.1478271484375	34.1478271484375	6	40.725873947143555	40.725873947143555	0.1615200893477064	0.1615200893477064	True	False	0.5153130571453888	1.4293042575095891	0.5367630616439816	0.5347300415192334	True	True
211	4025	799	3226	0.394985248662862	0.4670190326135359	-0.0130299487110999	0.005717475151523825	0.005891613308544483	0.19850931677018632	-0.04260560913592215	0.9708998492750047	0.33066542009640676	6.684611727667927	0.0	0.0	5506	25.759282112121582	25.759282112121582	87	22.5401554107666	22.5401554107666	-0.12496958134715064	0.0	True	False	-0.042862170457843796	0.9707272048878461	0.0	0.0	False	False
212	2013	369	1644	0.0133993564828467	0.023165998541455	-0.0557878120166159	0.002640486021166823	0.0030024216612669343	0.18330849478390462	-0.18380826116128723	0.8803760106085649	1.6351489753357444	5.91350300563827	0.0	0.0	2539	36.75773239135742	36.75773239135742	44	31.587933349609376	31.587933349609376	-0.1406452113722767	0.0	True	False	-0.18433575545680725	0.8800541765255777	0.0	0.0	False	False
213	605	143	462	0.0208065765558393	0.0340073877320232	0.0837816969384757	0.0010232777805605844	0.0008437462332757444	0.23636363636363636	0.2817918487999762	1.2157038694830558	1.4684267269952216	4.969813299576001	1.4004528778782313	2.0564624357737697	996	38.37616729736328	38.37616729736328	5	98.26582336425781	98.26582336425781	0.6094657737196366	0.6094657737196366	True	False	0.2820472515013126	1.215919106611313	0.8543016939610593	0.8535280967739479	True	True
214	2448	437	2011	0.0007471158674199	0.0015884007356088	-0.0698429985980997	0.0031270796510837443	0.0036726702924621685	0.17851307189542484	-0.2307223383779764	0.852208095578341	2.7990399204807503	6.082218910376446	0.0	0.0	2938	29.436538696289062	29.436538696289062	121	24.456714630126953	24.456714630126953	-0.16917152242460812	0.0	True	False	-0.2315160002999761	0.8517394039369971	0.0	0.0	False	False
215	2914	473	2441	1.7157038012527435e-09	9.019037549828612e-09	-0.1196190036511943	0.0033846880433927025	0.004457975228195004	0.16231983527796842	-0.3961369696411152	0.7598902807011028	8.044839804930353	6.161207321695077	0.0	0.0	3279	28.121910095214844	28.121910095214844	32	22.982744789123537	22.982744789123537	-0.18274595462012289	0.0	True	False	-0.3976953477291989	0.7590699014915854	0.0	0.0	False	False
216	2050	480	1570	7.260054296653884e-05	0.0001776201963143	0.0784292199944241	0.0034347785641194446	0.002867276160698958	0.23414634146341465	0.26157887064974794	1.1987899303914895	3.7505076542715257	6.175867270105761	1.6154763857970067	6.058856550226574	3359	32.966522216796875	32.966522216796875	1	44.333255767822266	44.333255767822266	0.2563929346979189	0.2563929346979189	True	False	0.26239633316552613	1.199469383423538	0.4154911414751278	0.41419673148968206	True	True
217	881	237	644	1.4340316711880522e-08	6.26784629317025e-08	0.1589501136788924	0.0016959219160339756	0.0011761311130510375	0.2690124858115778	0.529941632384622	1.4438707791581882	7.202881662306589	5.472270673671475	2.8999840536559565	20.888241961060015	1640	32.5387077331543	32.5387077331543	19	45.95016860961914	45.95016860961914	0.29186967713666473	0.29186967713666473	True	False	0.5306887588104701	1.444618708109674	0.8476107122045472	0.8464174094420402	True	True
218	935	155	780	0.0017735192684342	0.0035561803887676	-0.1086752694905013	0.0011091472446635707	0.0014245066276083996	0.1657754010695187	-0.35728957431934205	0.7806297907254538	2.4490162173701675	5.049856007249537	0.0	0.0	1024	27.685806274414062	27.685806274414062	61	24.06724739074707	24.06724739074707	-0.13070086700025407	0.0	True	False	-0.35774896710092463	0.7803812568423949	0.0	0.0	False	False
219	51	21	30	1.4184353442914244e-06	4.71599443529371e-06	0.4381856750479034	0.00015027156218022568	5.4788716446476904e-05	0.4117647058823529	1.4657218946671744	2.762016416786916	5.326426716028743	3.091042453358316	4.5306086012330224	24.131954693477184	140	8.659689903259277	8.659689903259277	7	9.111948013305664	9.111948013305664	0.04963352615554651	0.04963352615554651	True	False	1.4658558163053215	2.7622728195063484	0.22489062667870488	0.2248700805098432	True	True
220	2267	564	1703	5.141460590607494e-10	2.857183099637593e-09	0.1131520910486988	0.004035864812840347	0.003110172803611672	0.24878694309660343	0.37673801620461767	1.2984028000334344	8.544061927410663	6.336825731146441	2.387323154986486	20.397436876945942	3896	31.959049224853516	31.959049224853516	52	19.87252006530762	19.87252006530762	-0.3781880078630936	0.0	True	False	0.3780744351999381	1.2996061133169527	0.0	0.0	False	False
221	1626	267	1359	1.7670863222241096e-05	5.017493279891815e-05	-0.1136205603391695	0.001910595576291441	0.0024819288550254038	0.16420664206642066	-0.3752708772082869	0.7709606452598089	4.299513200506218	5.5909869805108565	0.0	0.0	1866	37.9200439453125	37.9200439453125	3	59.48246765136719	59.48246765136719	0.3625004906056395	0.3625004906056395	True	False	-0.3761008022086152	0.7705172698451642	0.0	0.0	False	False
222	2005	425	1580	0.2779619611175206	0.3454543222834361	0.0228194781240783	0.003041210186980758	0.002885539066181117	0.2119700748129676	0.07704447930942848	1.0548548384881569	0.4616093691051356	6.054439346269371	0.46646112694384023	0.21532282652061666	2955	30.35459327697754	30.35459327697754	20	27.312606811523438	27.312606811523438	-0.10021502965619698	0.0	True	False	0.07726587642904548	1.055016729765876	0.0	0.0	False	False
223	2697	715	1982	0.0	0.0	0.1502900266796548	0.005116388902802922	0.0036197078665639072	0.26510938079347424	0.49989728366329	1.4141128774318703	300.0	6.573680166960646	3.2861648591348693	164.30824295674347	4948	29.88983726501465	29.88983726501465	57	19.70980453491211	19.70980453491211	-0.34058508381435815	0.0	True	False	0.5020621453154552	1.4162364424894631	0.0	0.0	False	False
224	440	82	358	0.3268883538466307	0.3961357309854808	-0.0469815392286319	0.0005867746713704051	0.0006538120162612911	0.18636363636363637	-0.1493126169281247	0.9016799725912341	0.4021559829681792	4.418840607796598	0.0	0.0	566	35.3844108581543	35.3844108581543	8	26.68136806488037	26.68136806488037	-0.24595697885608064	0.0	True	False	-0.14941323798207762	0.9016170869343546	0.0	0.0	False	False
225	1849	311	1538	3.7767814438094405e-05	9.794453210945816e-05	-0.1011083114100181	0.00222545027800239	0.0028088348631560493	0.16819902650081126	-0.3340258977815793	0.7933196022035449	4.009019804089597	5.7430031878094825	0.0	0.0	2148	34.656192779541016	34.656192779541016	29	37.202179718017575	37.202179718017575	0.0684364990915707	0.0684364990915707	True	False	-0.3348735199566004	0.7928536424758008	0.0	0.0	False	False
226	2261	549	1712	7.889653352854965e-08	3.163995004392352e-07	0.0991562191369373	0.003928527982711615	0.003126609418545615	0.24281291463954002	0.33028187574194323	1.2572589955184394	6.499764210878074	6.309918278226516	2.0840516447110264	13.545844293914318	3593	26.088359832763672	26.088359832763672	250	17.07625961303711	17.07625961303711	-0.3454452590158047	0.0	True	False	0.3314390346784446	1.2582678241692824	0.0	0.0	False	False
227	1213	198	1015	0.0001467847319851	0.000339876552037	-0.1167132169584926	0.0014168461576992708	0.0018536849064391353	0.16323165704863973	-0.3847848496252322	0.7658932083557046	3.468678796206015	5.293304824724492	0.0	0.0	1373	32.974334716796875	32.974334716796875	13	25.600283050537108	25.600283050537108	-0.223630036196105	0.0	True	False	-0.38541995629410764	0.7655561192143024	0.0	0.0	False	False
228	1734	291	1443	5.523226810666415e-05	0.0001377266172659	-0.102285707078953	0.0020823345044974134	0.002635337261075539	0.16782006920415224	-0.3378088415075222	0.7912421345904506	3.8609821191867533	5.676753802268282	0.0	0.0	2015	33.72938842773438	33.72938842773438	22	44.29579162597656	44.29579162597656	0.2385419203580885	0.2385419203580885	True	False	-0.33861239392690656	0.7908015511814906	0.0	0.0	False	False
229	1195	224	971	0.1299498122106139	0.1719403977888736	-0.043883576544908	0.0016028966632557408	0.0017733281223176359	0.18744769874476988	-0.1433040733162354	0.9054431248653702	0.7646220728442857	5.41610040220442	0.0	0.0	1565	36.61670684814453	36.61670684814453	3	64.44872741699218	64.44872741699218	0.43184748069221957	0.43184748069221957	True	False	-0.14355422007204766	0.9052861450329915	0.0	0.0	False	False
230	2268	563	1705	8.326774825206941e-10	4.5621343760640835e-09	0.1118716465507888	0.004028709024165098	0.003113825384708104	0.2482363315696649	0.3724872380867801	1.2945827971395565	8.3408319268797	6.335054251498059	2.359726861270426	19.68208514319999	3919	32.81330490112305	32.81330490112305	22	39.33095741271973	39.33095741271973	0.16571303981247237	0.16571303981247237	True	False	0.37380800569631134	1.2957685126828296	0.3924240545941532	0.3910375113082665	True	True
231	1387	349	1038	2.329754476004809e-07	8.634612428255684e-07	0.1197157084750093	0.002497370247661846	0.0018956895890481008	0.2516222062004326	0.39905762205875206	1.3186462809214694	6.063757151327263	5.857933154483459	2.3376528748072936	14.17495933693346	2421	26.82866668701172	26.82866668701172	22	26.484278297424318	26.484278297424318	-0.012836582361885545	0.0	True	False	0.39992371983165853	1.3194381457693125	0.0	0.0	False	False
232	1361	218	1143	1.5570649035900885e-05	4.453663584533415e-05	-0.1265021017616222	0.0015599619312042477	0.00208745009661077	0.16017634092578986	-0.41755670338310935	0.7486915083463553	4.351282591275648	5.389071729816501	0.0	0.0	1439	36.342525482177734	36.342525482177734	87	28.790782928466797	28.790782928466797	-0.20779355461728408	0.0	True	False	-0.4183229480661268	0.7482939686367084	0.0	0.0	False	False
233	3171	837	2334	0.0	0.0	0.1477122413116839	0.005989395121183281	0.004262562139535903	0.2639545884578997	0.49124198451827183	1.4056544521022047	300.0	6.731018100482083	3.306558689509227	165.32793447546135	5788	26.652055740356445	26.652055740356445	71	22.294109344482422	22.294109344482422	-0.1635125799799089	0.0	True	False	0.4937422447658726	1.4080926313498516	0.0	0.0	False	False
234	1111	268	843	0.0003110564490413	0.000695407808489	0.0953948544325943	0.0019177513649666898	0.001539562932146001	0.24122412241224123	0.31872849722581087	1.2472308317322491	3.157760437085827	5.594711379601839	1.7831939504326373	5.630899308326968	1855	35.46468734741211	35.46468734741211	21	40.41423797607422	40.41423797607422	0.12247046774931922	0.12247046774931922	True	False	0.31927120031742007	1.2477000946993988	0.21876045025682891	0.2183885971972414	True	True
235	2467	402	2065	4.8588467027599336e-08	1.989569860393278e-07	-0.1176063678796372	0.002876627047450035	0.003771289982065827	0.1629509525739765	-0.3892358943261769	0.7635338937377719	6.701240806730898	5.998936561946683	0.0	0.0	2813	41.02628707885742	41.02628707885742	1	76.64319610595703	76.64319610595703	0.464710644084574	0.464710644084574	True	False	-0.39053477913546963	0.7628467795245848	0.0	0.0	False	False
236	1615	292	1323	0.0128629462841436	0.0223378843952315	-0.0630893577104811	0.002089490293172662	0.0024161823952896315	0.18080495356037152	-0.2076551874966679	0.8659435063216908	1.6509579609869585	5.680172609017068	0.0	0.0	1989	36.94633102416992	36.94633102416992	55	31.74033966064453	31.74033966064453	-0.14090685649191212	0.0	True	False	-0.20813142080317348	0.8656577057401719	0.0	0.0	False	False
237	2259	416	1843	0.0120371312378182	0.0211253564250096	-0.0533443695640802	0.0029768080889035183	0.0033658534803618976	0.18415227976980966	-0.17586453820030634	0.8852368799628719	1.6751959549411555	6.0330862217988015	0.0	0.0	2855	35.80241012573242	35.80241012573242	57	27.323283386230468	27.323283386230468	-0.23683117169276027	0.0	True	False	-0.17643145308638886	0.8848890896395346	0.0	0.0	False	False
238	1543	356	1187	0.002276654898403	0.0044280937773938	0.0700869140465804	0.002547460768388588	0.0021678068807322697	0.23071937783538563	0.23424094586617983	1.176287686808455	2.3537831902835142	5.877735781779639	1.3768063890755526	3.2407037348809795	2420	35.491607666015625	35.491607666015625	72	22.47773666381836	22.47773666381836	-0.3666745988139183	0.0	True	False	0.234786110307315	1.1767322654462231	0.0	0.0	False	False
239	3256	787	2469	3.7733105529014205e-10	2.158555595703901e-09	0.0965412774549507	0.0056316056874208395	0.004509111363545049	0.2417076167076167	0.32132733742415986	1.2494795916827293	8.665836761185854	6.669498089857879	2.1430920631695525	18.571685983620345	5452	32.663101959228534	32.663101959228534	57	21.580381393432617	21.580381393432617	-0.339303982200767	0.0	True	False	0.32295113978278955	1.2508867152129568	0.0	0.0	False	False
240	792	158	634	0.7644952962987093	0.8105307120455599	-0.0103445358978038	0.001130614610689317	0.0011578682075688786	0.1994949494949495	-0.030942846173735106	0.9787804250079467	0.09123052453019402	5.0689042022202315	0.0	0.0	1103	30.299692153930664	30.299692153930664	3	29.98346939086914	29.98346939086914	-0.01043650085469606	0.0	True	False	-0.030986058571441433	0.9787511084757816	0.0	0.0	False	False
241	1191	373	818	0.0	0.0	0.2520431631654405	0.0026691091758678184	0.0014939056684406034	0.3131821998320739	0.838320303843048	1.7879672410354952	300.0	5.924255797414532	4.966423920132489	248.32119600662446	2594	25.719263076782227	25.719263076782227	17	26.42418098449707	26.42418098449707	0.026677001195549464	0.026677001195549464	True	False	0.8400154445310584	1.7900693050416572	0.13275719922689572	0.13248929685497987	True	True
242	80	23	57	0.0266752956961882	0.0421816667716146	0.1989406153838071	0.00016458313953072337	0.00010409856124830611	0.2875	0.6792932782612251	1.6013551197023437	1.374876263491433	3.1780538303479458	2.1588306049076995	2.968124955586448	141	25.584400177001953	25.584400177001953	20	18.76816749572754	18.76816749572754	-0.266421437833887	0.0	True	False	0.6793767056624986	1.6014477246917738	0.0	0.0	False	False
243	249	51	198	0.9476439406103588	0.9525413253163556	0.0039926208701699	0.00036494522243769097	0.0003616055285467476	0.20481927710843373	0.02369980756822443	1.0165631273312756	0.021116173691677505	3.9512437185814275	0.09364371578553535	0.001977396967661447	321	19.44106674194336	19.44106674194336	36	17.7974853515625	17.7974853515625	-0.08454172871259658	0.0	True	False	0.023700781659455217	1.0165638137033322	0.0	0.0	False	False
244	1975	323	1652	1.5076315813544738e-06	4.970073602939748e-06	-0.1157198856247362	0.0023113197421053763	0.0030170319856526614	0.16354430379746834	-0.3826181768745833	0.7670443086326514	5.303637179654214	5.780743515792329	0.0	0.0	2259	34.5452880859375	34.5452880859375	2	62.70426292419434	62.70426292419434	0.4490759244279665	0.4490759244279665	True	False	-0.3836428765710824	0.7664996952650435	0.0	0.0	False	False
245	1298	220	1078	0.0008787447847968	0.0018279771191763	-0.0971084449995	0.0015742735085547454	0.0019687412109767365	0.1694915254237288	-0.31998113807496864	0.801080350917887	2.7380292446402974	5.3981627015177525	0.0	0.0	1540	36.08180236816406	36.08180236816406	0					False	True	-0.3205550945802038	0.8007617154349336			False	False
246	568	132	436	0.049362507902593	0.0727349074776844	0.0741750769670003	0.0009445641051328473	0.000796262679022131	0.2323943661971831	0.25020518334908637	1.1893762587538443	1.1382571092720015	4.890349128221754	1.2235907002677686	1.3927608134188945	868	26.60239601135254	26.60239601135254	56	22.347023963928223	22.347023963928223	-0.1599619840862583	0.0	True	False	0.2504154752298593	1.1895496387080733	0.0	0.0	False	False
247	876	212	664	0.0010777601310048	0.0022065720576887	0.0972554165895709	0.0015170271991527546	0.0012126569240153554	0.2420091324200913	0.3253881192768535	1.25300148048368	2.656281885689889	5.3612921657094255	1.7445007746939187	4.633885807391435	1471	27.59827995300293	27.59827995300293	13	25.993666458129884	25.993666458129884	-0.058141793532261433	0.0	True	False	0.32582398225182096	1.2533800909622852	0.0	0.0	False	False
248	963	201	762	0.6397095313092314	0.7069517263616222	0.0143287211099215	0.0014383135237250174	0.0013916333977405132	0.2087227414330218	0.05023697871832056	1.0354349915954681	0.15061024064516698	5.308267697401205	0.2666713313454928	0.04016343338711173	1349	25.556596755981445	25.556596755981445	58	23.641585922241212	23.641585922241212	-0.07493215360499947	0.0	True	False	0.05030056932055693	1.0354806321390135	0.0	0.0	False	False
249	1732	382	1350	0.0433497538688196	0.0646094032757503	0.0448172294449603	0.0027335112739450577	0.0024654922400914607	0.22055427251732102	0.15023249059901111	1.1097482938219398	1.189704270030031	5.948034989180646	0.8935881105946706	1.0631055908225473	2586	26.912364959716797	26.912364959716797	88	22.58314037322998	22.58314037322998	-0.1608637736953599	0.0	True	False	0.15061631279660936	1.1100435763884773	0.0	0.0	False	False
250	3599	1100	2499	0.0	0.0	0.2367140640594386	0.007871367542773728	0.004563900079991526	0.30564045568213394	0.7867140957359977	1.7251407776170504	300.0	7.00397413672268	5.510125179530098	275.5062589765049	7625	23.249055862426758	23.249055862426758	75	17.726932525634766	17.726932525634766	-0.23752032639383008	0.0	True	False	0.7915117418495363	1.730887239493735	0.0	0.0	False	False
251	924	140	784	2.1264934227271937e-05	5.7846569331529954e-05	-0.1551003919762097	0.001001810414534838	0.001431811789801263	0.15151515151515152	-0.5110088392192083	0.7017315635813738	4.237722392365918	4.948759890378168	0.0	0.0	947	36.86591339111328	36.86591339111328	33	26.44984130859375	26.44984130859375	-0.2825393737573956	0.0	True	False	-0.5116338035610806	0.701427644723752	0.0	0.0	False	False
252	917	248	669	3.2943725525313994e-09	1.6861985828088348e-08	0.1621131980869376	0.001774635591461713	0.001221788376756435	0.27044711014176664	0.5403562737659406	1.454331620399275	7.773091280043746	5.517452896464707	2.9813902878127654	23.17461884860452	1728	33.37847900390625	33.37847900390625	8	27.374057960510253	27.374057960510253	-0.17988899502261038	0.0	True	False	0.5411512084964851	1.4551331877781217	0.0	0.0	False	False
253	609	118	491	0.5134253028912359	0.5891517487454005	-0.0261118497866046	0.0008443830636793634	0.0008967086591740053	0.19376026272577998	-0.08210987991435914	0.9446750890129512	0.22977282888932998	4.77912349311153	0.0	0.0	826	40.04342269897461	40.04342269897461	0					False	True	-0.08218928315763208	0.9446230972894017			False	False
254	1900	310	1590	1.91246314251714e-06	6.148331920984855e-06	-0.1169477954576085	0.0022182944893271413	0.002903801971663276	0.1631578947368421	-0.38662072079106835	0.7649192069504633	5.211242694919685	5.739792912179234	0.0	0.0	2065	26.555992126464844	26.555992126464844	105	23.07915687561035	23.07915687561035	-0.13092469806050253	0.0	True	False	-0.38761609045055145	0.7643916423869824	0.0	0.0	False	False
255	638	127	511	0.7646909288450399	0.8105307120455599	-0.0115295441487435	0.000908785161756603	0.0009332344701383233	0.19905956112852666	-0.03404251535850733	0.9766797463711495	0.09123052453019402	4.852030263919617	0.0	0.0	863	38.622169494628906	38.622169494628906	26	39.32916450500488	39.32916450500488	0.01797635467913403	0.01797635467913403	True	False	-0.03408166864736728	0.9766532406272095	0.0	0.0	False	False
256	842	151	691	0.0560610012422646	0.0810696263317507	-0.0674134650513388	0.0010805240899625752	0.0012619667688171846	0.17933491686460806	-0.2202169801495799	0.8584363186109164	1.091141828739634	5.0238805208462765	0.0	0.0	1011	24.848957061767578	24.848957061767578	46	21.856796264648438	21.856796264648438	-0.1204139388901298	0.0	True	False	-0.220482901886065	0.8582781037193405	0.0	0.0	False	False
257	1787	308	1479	0.0003430418681138	0.0007582004925925	-0.0883298224678892	0.0022039829119766437	0.002701083720811311	0.17235590374930052	-0.29157282451654076	0.8170108685257367	3.1202159377543017	5.733341276897746	0.0	0.0	2015	36.44331359863281	36.44331359863281	141	28.244365692138672	28.244365692138672	-0.2249781124952844	0.0	True	False	-0.29229560484342265	0.8166016541959547	0.0	0.0	False	False
258	1216	317	899	7.242323185607802e-09	3.3144279049428656e-08	0.1403872055128521	0.002268385010053883	0.0016418352028460912	0.26069078947368424	0.46782778793600954	1.3830255297418623	7.4795914232676655	5.762051382780177	2.695647752379675	20.162343808849776	2194	37.87224578857422	37.87224578857422	25	31.08306884765625	31.08306884765625	-0.17926523235034067	0.0	True	False	0.4687296250104733	1.383890337327273	0.0	0.0	False	False
259	1121	253	868	0.0343395231869958	0.053219420397376	0.0576884310279846	0.0018104145348379571	0.0015852201958513985	0.2256913470115968	0.19365437582091083	1.1436569562861518	1.2739298595777906	5.537334267018537	1.0723290111912154	1.366071946648016	1755	27.059072494506836	27.059072494506836	16	26.699756622314453	26.699756622314453	-0.013278942663882002	0.0	True	False	0.1939759634329743	1.1439119144674308	0.0	0.0	False	False
260	1704	502	1202	0.0	0.0	0.2138868845062449	0.003592205914974919	0.002195201238955508	0.29460093896713613	0.7113530849368512	1.6373390362241658	300.0	6.220590170099739	4.425036007628302	221.2518003814151	3453	21.871763229370117	21.871763229370117	61	15.869001388549805	15.869001388549805	-0.2744525796968947	0.0	True	False	0.7133705259085392	1.6396302657869457	0.0	0.0	False	False
261	384	77	307	0.8785594284958653	0.8993674149602411	-0.0075600152730365	0.0005509957279941609	0.0005606711983022803	0.20052083333333334	-0.0181237174244	0.9875161739731642	0.04606285143487567	4.356708826689592	0.0	0.0	478	41.564085006713874	41.564085006713874	61	34.18244552612305	34.18244552612305	-0.17759658318951244	0.0	True	False	-0.018141530458773758	0.9875039811323647	0.0	0.0	False	False
262	803	126	677	0.0003690493854384	0.000811074638054	-0.1371304885373336	0.0009016293730813542	0.001236398701142162	0.1569115815691158	-0.4508890840189608	0.7315918537762376	3.0909391785835694	4.844187086458591	0.0	0.0	831	36.26622772216797	36.26622772216797	51	31.91299819946289	31.91299819946289	-0.12003535509826786	0.0	True	False	-0.4513764183662232	0.7313447678583529	0.0	0.0	False	False
263	1986	577	1409	0.0	0.0	0.205352455074262	0.004128890065618582	0.0025732433824361984	0.2905337361530715	0.6829038512609618	1.6053677837656624	300.0	6.359573868672378	4.342977487294941	217.14887436474703	3968	26.083642959594727	26.083642959594727	71	18.372661590576172	18.372661590576172	-0.29562516941990696	0.0	True	False	0.6851518592259662	1.6078712183807535	0.0	0.0	False	False
264	1313	255	1058	0.3601832800080662	0.4297892512979686	-0.0248578522364766	0.0018247261121884547	0.0019322154000124187	0.19421172886519422	-0.08043159554200408	0.9457746671756329	0.36674445008318	5.545177444479562	0.0	0.0	1751	36.020286560058594	36.020286560058594	34	32.06637325286865	32.06637325286865	-0.10976906862185472	0.0	True	False	-0.08059081295264292	0.9456702962030453	0.0	0.0	False	False
265	1293	362	931	6.661338147750939e-16	6.169667951131227e-15	0.1828465245799988	0.002590395500440081	0.001700276500389	0.279969064191802	0.6086197034886212	1.5247996608670848	14.209738208879552	5.8944028342648505	3.5874497052327614	50.976721148879655	2480	28.13899040222168	28.13899040222168	54	25.081389045715333	25.081389045715333	-0.10866066311550883	0.0	True	False	0.6099027791672018	1.5261563603421155	0.0	0.0	False	False
266	1202	220	982	0.0528435685981938	0.0772787525740503	-0.0566011719357691	0.0015742735085547454	0.0017934173183480106	0.18302828618968386	-0.1854842740604834	0.8793538508549019	1.1119398968743819	5.3981627015177525	0.0	0.0	1381	36.877315521240234	36.877315521240234	159	30.428302764892578	30.428302764892578	-0.17487750030593244	0.0	True	False	-0.18580481519162362	0.8791584958011911	0.0	0.0	False	False
267	1583	314	1269	0.5828589922716079	0.6515291609013089	-0.0134443389930064	0.0022469176440281366	0.002317562705685973	0.1983575489576753	-0.04293399524025254	0.9706788782957699	0.1860661415245249	5.752572638825633	0.0	0.0	2177	30.872026443481445	30.872026443481445	21	24.308643341064453	24.308643341064453	-0.2125996851691229	0.0	True	False	-0.04304000063240565	0.9706075580153095	0.0	0.0	False	False
268	836	182	654	0.2426168746710644	0.3064219618410521	0.0375812746899721	0.0013023535388952893	0.0011943940185331966	0.21770334928229665	0.12769774935010147	1.0925488215708898	0.5136801112177193	5.209486152841421	0.6652396569883683	0.34172038098822244	1266	30.969411849975586	30.969411849975586	8	29.182296180725096	29.182296180725096	-0.05770583173835439	0.0	True	False	0.12784984712796543	1.0926640108542256	0.0	0.0	False	False
269	2106	360	1746	4.863745953453957e-05	0.0001228569594736	-0.0926541035738634	0.0025760839230895833	0.0031887032971849557	0.17094017094017094	-0.30620100062607847	0.8087686604218766	3.9106002370237603	5.8888779583328805	0.0	0.0	2499	28.122222900390625	28.122222900390625	21	24.101308822631836	24.101308822631836	-0.14297995190497326	0.0	True	False	-0.30709123200567134	0.8082697544672344	0.0	0.0	False	False
270	1449	244	1205	0.0002865691758286	0.0006465178341152	-0.1005095855432958	0.0017460124367607176	0.0022006801106001558	0.168391994478951	-0.3315308031223303	0.7946928100502241	3.1894194906583064	5.501258210544727	0.0	0.0	1679	31.020673751831055	31.020673751831055	29	27.26449203491211	27.26449203491211	-0.12108640021712067	0.0	True	False	-0.33219189743593347	0.794328736888288	0.0	0.0	False	False
271	2860	492	2368	4.642385933673054e-06	1.3711103215298689e-05	-0.08932896025538	0.0035206480282224304	0.004324656018175244	0.17202797202797201	-0.29558356470969116	0.8147427053853235	4.862927599839175	6.20050917404269	0.0	0.0	3409	38.64058303833008	38.64058303833008	35	28.144420623779297	28.144420623779297	-0.2716357153342889	0.0	True	False	-0.29675192799250905	0.8140831549705106	0.0	0.0	False	False
272	1308	228	1080	0.0040777573715378	0.0076261904688856	-0.0824012734575507	0.001631519817956736	0.0019723937920731686	0.1743119266055046	-0.27123852427347295	0.8286078974071969	2.1176923521500752	5.43372200355424	0.0	0.0	1594	37.354248046875	37.354248046875	2	50.4139045715332	50.4139045715332	0.259048701655862	0.259048701655862	True	False	-0.27173503947466315	0.828322774344316	0.0	0.0	False	False
273	650	179	471	8.112146154815036e-08	3.220025361452091e-07	0.1729197588799436	0.0012808861728695429	0.0008601828482096874	0.2753846153846154	0.5769205506759185	1.4916618784980324	6.49214070771556	5.19295685089021	2.9959235260518637	19.449957080684044	1207	20.46865463256836	20.46865463256836	46	15.869001388549805	15.869001388549805	-0.224716930672126	0.0	True	False	0.577524297841082	1.4922862482176016	0.0	0.0	False	False
274	685	150	535	0.2492029347894742	0.3127094891390499	0.0408251120639788	0.0010733683012873264	0.0009770654432955047	0.21897810218978103	0.13907138953740983	1.1011960877385751	0.5048589399332745	5.017279836814924	0.6977600786038803	0.3522704136117133	1024	31.48503875732422	31.48503875732422	26	28.11065673828125	28.11065673828125	-0.10717414213943129	0.0	True	False	0.13920661910887588	1.1012993120862073	0.0	0.0	False	False
275	2150	532	1618	4.425477095892916e-09	2.20706485936198e-08	0.110020750046785	0.0038068795752323843	0.002954938107013321	0.2474418604651163	0.36639054243199176	1.2891235533659662	7.656184903970599	6.278521424165844	2.300390870271005	17.612217854200658	3696	31.5318546295166	31.5318546295166	28	25.0977783203125	25.0977783203125	-0.20405004351317912	0.0	True	False	0.3676199435496681	1.2902225558258578	0.0	0.0	False	False
276	1048	201	847	0.3017947382018904	0.3691765822658345	-0.0315997178811276	0.0014383135237250174	0.0015468680943388645	0.191793893129771	-0.10223905196777494	0.9315860543853031	0.43276585508729426	5.308267697401205	0.0	0.0	1367	34.87001419067383	34.87001419067383	40	26.82882080078125	26.82882080078125	-0.23060482126340048	0.0	True	False	-0.1023997470200051	0.9314822951510427	0.0	0.0	False	False
277	782	116	666	3.4345492773812936e-05	9.027295060144076e-05	-0.1659286049128482	0.0008300714863288658	0.0012163095051117873	0.1483375959079284	-0.5460804429067299	0.6848783009437088	4.044442362248557	4.762173934797756	0.0	0.0	798	35.37000274658203	35.37000274658203	14	34.01686248779297	34.01686248779297	-0.0382567190758791	0.0	True	False	-0.5466420844134507	0.684611729557291	0.0	0.0	False	False
278	796	237	559	2.664535259100376e-15	2.3556913995228322e-14	0.2204241731521786	0.0016959219160339756	0.0010208964164526862	0.29773869346733667	0.7339838597698805	1.6632255892179681	13.627881603639876	5.472270673671475	4.016558350766913	54.73718165836254	1646	23.901878356933594	23.901878356933594	13	25.382671356201172	25.382671356201172	0.058338737420000106	0.058338737420000106	True	False	0.7349551886078416	1.6643457725589954	0.23463103518392026	0.23432094295749964	True	True
279	2896	401	2495	0.0	0.0	-0.200838542310875	0.002869471258774786	0.004556594917798662	0.13846685082872928	-0.6656625334562145	0.6303991377198658	300.0	5.996452088619021	0.0	0.0	2748	33.36431884765625	33.36431884765625	59	24.17123336791992	24.17123336791992	-0.2755364352472647	0.0	True	False	-0.6681094634344698	0.6293308349225809	0.0	0.0	False	False
280	1090	167	923	7.778550247694582e-06	2.275079734100145e-05	-0.1493975948487562	0.0011950167087665566	0.0016856661760032727	0.15321100917431194	-0.4927563881093402	0.7106660137374328	4.643003378139658	5.123963979403259	0.0	0.0	1164	38.54347610473633	38.54347610473633	5	29.435057067871092	29.435057067871092	-0.23631545354431507	0.0	True	False	-0.4934691150670041	0.7103150138949781	0.0	0.0	False	False
281	1917	380	1537	0.5349696516220808	0.608488872751431	-0.0138026358546321	0.00271919969659456	0.0028070085726078333	0.198226395409494	-0.04442357408245634	0.9696771721207444	0.21574735917070706	5.942799375126701	0.0	0.0	2570	28.06838035583496	28.06838035583496	90	22.337769508361816	22.337769508361816	-0.2041660678252083	0.0	True	False	-0.04455446129385976	0.9695892030210239	0.0	0.0	False	False
282	994	146	848	1.6608392512384995e-06	5.3838872394314695e-06	-0.1709553614423717	0.001044745146586331	0.0015486943848870805	0.14688128772635814	-0.5638195175924512	0.6765087420651026	5.268904044587481	4.990432586778736	0.0	0.0	944	29.162328720092773	29.162328720092773	78	22.996525382995607	22.996525382995607	-0.21143041751836997	0.0	True	False	-0.5645513544392919	0.6761656560638881	0.0	0.0	False	False
283	513	138	375	1.5281124217558784e-05	4.403227644911383e-05	0.158935453702949	0.0009874988371843404	0.0006848589555809613	0.26900584795321636	0.53126754606288	1.4451983833787057	4.356228861128445	4.9344739331306915	2.62152585756559	11.41996660092172	923	40.74945068359375	40.74945068359375	43	30.34848518371582	30.34848518371582	-0.2552418578752889	0.0	True	False	0.5317006799070043	1.4456323339283392	0.0	0.0	False	False
284	1208	308	900	2.3306794472155445e-07	8.634612428255684e-07	0.1273958420894894	0.0022039829119766437	0.001643661493394307	0.25496688741721857	0.4247386907711057	1.342329350342952	6.063757151327263	5.733341276897746	2.435171867693488	14.766290827437356	2120	32.6992073059082	32.6992073059082	36	25.73982810974121	25.73982810974121	-0.21283021117486076	0.0	True	False	0.4255447682433431	1.343079560023005	0.0	0.0	False	False
285	1529	435	1094	0.0	0.0	0.1925595699852693	0.0031127680737332466	0.001997961859748191	0.2844996729888816	0.6406671469458818	1.5590499457148925	300.0	6.077642243349034	3.893745716204194	194.68728581020972	2906	23.64415168762207	23.64415168762207	139	14.200039100646974	14.200039100646974	-0.39942700045860285	0.0	True	False	0.6422757350057715	1.5607892375946357	0.0	0.0	False	False
286	151	28	123	0.5448766703018524	0.616154141707618	-0.0496594450577564	0.0002003620829069676	0.0002246337374305553	0.18543046357615894	-0.14528273989197338	0.904202154332747	0.21031062790231966	3.367295829986474	0.0	0.0	189	40.269866943359375	40.269866943359375	7	39.42604522705078	39.42604522705078	-0.020954171949349967	0.0	True	False	-0.14532160908018987	0.9041777935847836	0.0	0.0	False	False
287	1434	300	1134	0.5335009036598946	0.608488872751431	0.0155958351912818	0.0021467366025746527	0.002071013481676827	0.20920502092050208	0.05357476456681276	1.0378333233144943	0.21574735917070706	5.707110264748875	0.30575708879076147	0.06596628445433018	2084	33.940343856811545	33.940343856811545	16	39.282230377197266	39.282230377197266	0.13598735278245822	0.13598735278245822	True	False	0.0536803880270984	1.0379093085758042	0.041661070919201716	0.041579097099126675	False	False
288	2290	493	1797	0.1079130388239366	0.1472918319386363	0.0313864771963379	0.003527803816897679	0.0032818441151439663	0.21528384279475982	0.10532469665769995	1.0757364712325892	0.8318213362689454	6.202535517187923	0.6532801718564281	0.5434123855116203	3427	28.96697578430176	28.96697578430176	24	23.1916862487793	23.1916862487793	-0.19937495645134956	0.0	True	False	0.10567689546523518	1.0759991181134116	0.0	0.0	False	False
289	1168	241	927	0.7740321520443547	0.8182024650686249	0.0080249434591474	0.0017245450707349711	0.0016929713381961364	0.20633561643835616	0.02887038485557092	1.0202129967754396	0.08713921639950202	5.488937726156687	0.15846774460240587	0.013808755089250063	1673	27.535701751708984	27.535701751708984	14	32.970638275146484	32.970638275146484	0.16484171395415162	0.16484171395415162	True	False	0.028912162997599467	1.0202425409406428	0.02615989573621507	0.026122094626709346	False	False
290	722	181	541	0.000257180296266	0.0005850475745468	0.1175689447916542	0.0012951977502200405	0.0009880231865848001	0.25069252077562326	0.39320268791538737	1.3133056221287278	3.232808816784371	5.204006687076795	2.046229417288246	6.6150685013729875	1220	23.9996337890625	23.9996337890625	47	20.569669723510742	20.569669723510742	-0.14291735014368911	0.0	True	False	0.39364250382901034	1.3137060537856775	0.0	0.0	False	False
291	1738	319	1419	0.0231683896804701	0.0372417503541442	-0.055104077371795	0.0022826965874043806	0.0025915062879183575	0.18354430379746836	-0.18130053524943257	0.8819076313305318	1.4289699154650766	5.768320995793772	0.0	0.0	2190	30.975481033325195	30.975481033325195	43	27.97370300292969	27.97370300292969	-0.09690819739541806	0.0	True	False	-0.18175099470071387	0.8816323121513968	0.0	0.0	False	False
292	2429	449	1980	0.0120561160060466	0.0211253564250096	-0.0513312142300175	0.0032129491151867305	0.0036160552854674756	0.18484973240016467	-0.16927720286220804	0.8892881071856288	1.6751959549411555	6.1092475827643655	0.0	0.0	3117	31.580101013183594	31.580101013183594	26	26.112699508666992	26.112699508666992	-0.17312805624764	0.0	True	False	-0.16986461095054395	0.8889260981113093	0.0	0.0	False	False
293	1243	190	1053	1.523859456620258e-06	4.981355702733448e-06	-0.1505871352033417	0.00135959984829728	0.0019230839472713392	0.15285599356395815	-0.49713293379602064	0.7085134109175919	5.302652445575637	5.25227342804663	0.0	0.0	1270	34.30327186584473	34.30327186584473	60	28.2542932510376	28.2542932510376	-0.17633824080874366	0.0	True	False	-0.4979510549327699	0.708111742194575	0.0	0.0	False	False
294	1103	162	941	4.466834224725602e-07	1.5376977994851852e-06	-0.1709869738549641	0.0011592377653903126	0.0017185394058711588	0.1468721668177697	-0.5643268991704495	0.676270862463419	5.813129007129986	5.093750200806762	0.0	0.0	1066	36.224830627441406	36.224830627441406	68	25.73362216949463	25.73362216949463	-0.28961373390105977	0.0	True	False	-0.5651388117437559	0.6758903812616308	0.0	0.0	False	False
295	1075	265	810	4.993710541767449e-05	0.0001253260258546	0.1078484900867032	0.0018962839989409433	0.0014792953440548764	0.24651162790697675	0.36009415281457535	1.2835096589263737	3.901958731788369	5.583496308781699	2.0105843730540545	7.845217250435511	1837	34.415771484375	34.415771484375	18	43.16103744506836	43.16103744506836	0.20261945676870205	0.20261945676870205	True	False	0.3606929050908043	1.2840424560898647	0.4080608968681457	0.40738351345585394	True	True
296	1601	340	1261	0.3105966833594467	0.3787526953818957	0.0238514654975489	0.0024329681495846066	0.0023029523813002458	0.212367270455965	0.08078097456373357	1.0575903913737363	0.4216442678353318	5.831882477283517	0.4711051500561233	0.19863878606886823	2377	34.9389533996582	34.9389533996582	3	60.3876708984375	60.3876708984375	0.42142240494057154	0.42142240494057154	True	False	0.0809651389282191	1.0577254045877835	0.19898688348558427	0.19853426531654028	False	False
297	143	17	126	0.0075123195921795	0.013719682259896	-0.2768339886897465	0.00012164840747923033	0.000230112609075203	0.11888111888111888	-0.88351608022138	0.542044769725165	1.8626559465280828	2.8903717578961645	0.0	0.0	86	49.21743392944336	49.21743392944336	33	36.57534408569336	36.57534408569336	-0.25686202701817656	0.0	True	False	-0.8836764332504572	0.5419845257456573	0.0	0.0	False	False
298	2116	399	1717	0.0606500192643137	0.087058514737336	-0.0407097644458902	0.002855159681424288	0.003135740871286695	0.1885633270321361	-0.13384821324952156	0.9113971641974045	1.0601887464007833	5.991464547107982	0.0	0.0	2627	28.262191390991212	28.262191390991212	166	22.639495849609375	22.639495849609375	-0.19894761391977955	0.0	True	False	-0.13425807757154828	0.911138276412204	0.0	0.0	False	False
299	751	189	562	0.0001408249421526	0.0003280293562716	0.1198131236331506	0.0013524440596220312	0.001026375288097334	0.25166444740346205	0.4005392295946564	1.3200011894510961	3.4840872883119056	5.247024072160486	2.101638979527778	7.322293653193536	1319	30.115980148315437	30.115980148315437	4	29.840417861938477	29.840417861938477	-0.009150035463560167	0.0	True	False	0.40100635753568703	1.3204286597456343	0.0	0.0	False	False
300	71	21	50	0.0210817296629477	0.0343129407484798	0.2163369254373378	0.00015027156218022568	9.131452741079483e-05	0.29577464788732394	0.7382477494782673	1.6681485289505151	1.4645420596731313	3.091042453358316	2.281955134733559	3.3420192731043645	146	12.840936660766602	12.840936660766602	1	17.241138458251953	17.241138458251953	0.25521526946379386	0.25521526946379386	True	False	0.7383289717084107	1.6682424466212336	0.582453869308348	0.5823897946153133	True	True
301	1719	405	1314	0.0001403602724239	0.0003280293562716	0.0819472930190908	0.0028980944134757813	0.0023997457803556885	0.2356020942408377	0.2734541551271903	1.2086982773082484	3.4840872883119056	6.0063531596017325	1.6424622286544217	5.722481772387313	2819	33.681209564208984	33.681209564208984	16	39.93617820739746	39.93617820739746	0.1566241168773094	0.1566241168773094	True	False	0.2741711735376864	1.209299148797449	0.2579237237942227	0.2572491960673362	True	True
302	3090	808	2282	0.0	0.0	0.14218335572018	0.005781877249601065	0.004167595031028677	0.2614886731391586	0.47289929613004045	1.38789583689147	300.0	6.695798917058491	3.1664385949052476	158.32192974526237	5623	26.439420700073242	26.439420700073242	33	22.894961547851562	22.894961547851562	-0.13405963740392624	0.0	True	False	0.4752359883495423	1.3901455938371714	0.0	0.0	False	False
303	1205	267	938	0.0741526097526634	0.1041348923963396	0.0473960580141168	0.001910595576291441	0.001713060534226511	0.22157676348547717	0.15937662398559915	1.1168044722756636	0.9824037273947586	5.5909869805108565	0.8910726297012591	0.8753930727979664	1842	31.90070915222168	31.90070915222168	27	28.62225341796875	28.62225341796875	-0.10277062238989776	0.0	True	False	0.1596582720572517	1.1170225201114785	0.0	0.0	False	False
304	848	231	617	4.5489740863047246e-09	2.2119386494656724e-08	0.1664144508875213	0.0016529871839824825	0.0011268212682492083	0.27240566037735847	0.5547675343161593	1.468931920898463	7.655226922832086	5.44673737166631	3.021673061746997	23.13159297428207	1598	22.277326583862305	22.277326583862305	19	23.433561325073242	23.433561325073242	0.04934097404878017	0.04934097404878017	True	False	0.5555238363596242	1.4697021789435862	0.14929554627637387	0.1490922921235567	True	True
305	1828	243	1585	8.881784197001252e-16	8.034916401473226e-15	-0.2213353579265023	0.0017388566480854687	0.0028946705189221962	0.13293216630196936	-0.7327497224935335	0.6017558960454772	14.095018637452938	5.497168225293202	0.0	0.0	1677	38.08422927856448	38.08422927856448	24	32.06637325286865	32.06637325286865	-0.15801438389834893	0.0	True	False	-0.7344249313423692	0.6010575629028444	0.0	0.0	False	False
306	523	105	418	0.8706362430375632	0.895972218364053	-0.0068993476745574	0.0007513578109011285	0.0007633894491542449	0.20076481835564053	-0.017790146315194377	0.9877445278115204	0.04770545640734544	4.663439094112067	0.0	0.0	708	43.120933532714844	43.120933532714844	27	45.21273651123047	45.21273651123047	0.046265790127435376	0.046265790127435376	True	False	-0.017811364742927438	0.9877300006722664	0.0	0.0	False	False
307	583	133	450	0.0901778107224644	0.1245988538765872	0.0637267622214848	0.0009517198938080961	0.0008218307466971535	0.2281303602058319	0.21550711340197992	1.1611119784272916	0.9044859525192493	4.897839799950911	1.0555193171927517	0.9547023950135537	922	36.06639862060547	36.06639862060547	9	48.781395721435544	48.781395721435544	0.26065258922558554	0.26065258922558554	True	False	0.2156908219060174	1.1612598403939534	0.2753583716411603	0.27512384300391285	False	False
308	1252	326	926	5.292887239605193e-09	2.48064233277882e-08	0.1396942484143103	0.0023327871081311228	0.0016911450476479203	0.26038338658146964	0.46548649304712697	1.3807828904714312	7.6054358492296785	5.7899601708972535	2.6951482548335064	20.497777156299556	2269	36.29194641113281	36.29194641113281	13	33.230664825439455	33.230664825439455	-0.08435154044959925	0.0	True	False	0.4664101988676226	1.3816672392437486	0.0	0.0	False	False
309	253	49	204	0.6709832805024019	0.7270543067282293	-0.0263464523632083	0.0003506336450871933	0.00037256327183604295	0.19367588932806323	-0.07640593533417572	0.9484174186032975	0.1384331486574093	3.912023005428146	0.0	0.0	339	26.945310592651367	26.945310592651367	4	26.945310592651367	26.945310592651367	0.0	0.0	True	False	-0.07644143027340711	0.9483940847707363	0.0	0.0	False	False
310	2431	561	1870	0.000123150984336	0.0002921081274799	0.0702088897476468	0.0040143974468146	0.003415163325163727	0.23076923076923078	0.23412843937773786	1.1761959592892968	3.5344563592518274	6.331501849893691	1.48238464703287	5.239423842562603	3849	31.718734741210938	31.718734741210938	78	19.37822856903076	19.37822856903076	-0.389060480276555	0.0	True	False	0.23499231424439415	1.176900467429794	0.0	0.0	False	False
311	425	88	337	0.8299348021706079	0.8632209573378783	0.0099404063099189	0.0006297094034218981	0.0006154599147487572	0.20705882352941177	0.03905633567276645	1.0274415590714323	0.06387802436579713	4.48863636973214	0.17530968876924627	0.011198436570762225	616	43.99467468261719	43.99467468261719	0					False	True	0.03907305929346805	1.0274534691716473			False	False
312	227	41	186	0.3475704486894502	0.4172990880870251	-0.0636414524624807	0.00029338733568520255	0.0003396900419681568	0.18061674008810572	-0.19779791138034852	0.8718803615058404	0.3795525643398265	3.7376696182833684	0.0	0.0	260	41.583335876464844	41.583335876464844	27	37.915261840820314	37.915261840820314	-0.08821019185525639	0.0	True	False	-0.19786857869561203	0.8718376553665275	0.0	0.0	False	False
313	698	154	544	0.1979791752293911	0.2541712843704064	0.0450094561677474	0.0011019914559883218	0.0009935020582294478	0.22063037249283668	0.152869266715431	1.1117784064752514	0.594873516503976	5.043425116919247	0.7709846993576321	0.4586383792776354	1072	38.69816207885742	38.69816207885742	6	49.98999214172363	49.98999214172363	0.22588181312078265	0.22588181312078265	True	False	0.15302209919799914	1.1118961894089148	0.17432553129589967	0.17415142177928344	False	False
314	2730	507	2223	0.0111208352600591	0.0198440592484541	-0.0488438683375508	0.003627984858351163	0.0040598438886839385	0.18571428571428572	-0.16115819975100631	0.8943068305539766	1.7023694849598663	6.230481447578482	0.0	0.0	3389	33.233402252197266	33.233402252197266	160	28.291107368469238	28.291107368469238	-0.14871468308368163	0.0	True	False	-0.16178750263592168	0.8939168194109216	0.0	0.0	False	False
315	1357	290	1067	0.2834816102291837	0.3500772900925475	0.0273212135030192	0.002075178715822164	0.0019486520149463618	0.21370670596904937	0.09256847642464017	1.0662668027596012	0.4558360614925775	5.673323267171493	0.5251708911065268	0.23939183061254649	2005	36.298431396484375	36.298431396484375	25	35.427144622802736	35.427144622802736	-0.02400342770090132	0.0	True	False	0.0927475312896675	1.0663991468109895	0.0	0.0	False	False
316	634	173	461	3.317678711756145e-07	1.1732518353392184e-06	0.167432812768158	0.0012379514408180498	0.0008419199427275284	0.27287066246056785	0.5587994924604498	1.4730429462603911	5.930608757740167	5.159055299214529	2.8828774827764727	17.097218446846075	1153	23.03078269958496	23.03078269958496	58	20.284940910339355	20.284940910339355	-0.11922485766387302	0.0	True	False	0.5593675902353326	1.4736231085122753	0.0	0.0	False	False
317	1220	274	946	0.0359499437113752	0.0552748146392291	0.0549470614471636	0.0019606860970181827	0.0017276708586122383	0.22459016393442624	0.1843981208294565	1.1363428025132625	1.2574727051272665	5.616771097666572	1.0357220355389196	1.302392189789044	1915	38.62300109863281	38.62300109863281	3	68.11055603027344	68.11055603027344	0.43293663494002527	0.43293663494002527	True	False	0.18473105959044922	1.1366050729254573	0.44921162197495096	0.4484020127994531	False	False
318	2268	360	1908	8.249465333065586e-09	3.6885540397270273e-08	-0.1311882345723677	0.0025760839230895833	0.003484562365995931	0.15873015873015872	-0.43417354444677336	0.7401176135325156	7.433143849461036	5.8888779583328805	0.0	0.0	2462	40.32276916503906	40.32276916503906	58	35.5896728515625	35.5896728515625	-0.11738023978720907	0.0	True	False	-0.4354920388061281	0.7394415211559742	0.0	0.0	False	False
319	1927	372	1555	0.2113269247774964	0.2686476265962291	-0.0280998184526281	0.0026619533871925696	0.0028398818024757194	0.19304618578100674	-0.09187158665689488	0.9383047106731659	0.5708169919116438	5.921578419643816	0.0	0.0	2592	28.83863639831543	28.83863639831543	12	29.573993682861328	29.573993682861328	0.024864997687885877	0.024864997687885877	True	False	-0.0921328456354864	0.9381348075901524	0.0	0.0	False	False
320	1672	269	1403	2.439071401516557e-06	7.651603025725329e-06	-0.1242177559972045	0.0019249071536419386	0.002562285639146903	0.16088516746411483	-0.4104774082320546	0.7523743611696433	5.116247569775051	5.598421958998375	0.0	0.0	1875	30.605382919311523	30.605382919311523	8	26.06486530303955	26.06486530303955	-0.14835683083079404	0.0	True	False	-0.41140286974816576	0.7518918820486618	0.0	0.0	False	False
321	1159	183	976	2.7717762260515144e-05	7.487645499541939e-05	-0.1339110929068916	0.0013095093275705381	0.0017824595750587152	0.15789473684210525	-0.4416455035156144	0.7362943298039839	4.125654725332618	5.214935757608986	0.0	0.0	1262	37.49389495849612	37.49389495849612	19	36.835044860839844	36.835044860839844	-0.017572196710573584	0.0	True	False	-0.4423327318265855	0.7359436792532768	0.0	0.0	False	False
322	543	96	447	0.0903261614221018	0.1245988538765872	-0.0749486550613732	0.0006869557128238888	0.0008163518750525058	0.17679558011049723	-0.24309235735557522	0.8449322924472489	0.9044859525192493	4.574710978503383	0.0	0.0	650	42.486141204833984	42.486141204833984	22	47.78734664916992	47.78734664916992	0.11093324522189218	0.11093324522189218	True	False	-0.24328302386472878	0.8448206336135577	0.0	0.0	False	False
323	2087	567	1520	0.0	0.0	0.1648271059760568	0.004057332178866094	0.002775961633288163	0.27168183996166745	0.5483409586754426	1.4624030239153443	300.0	6.342121418721152	3.4776449387776145	173.8822469388807	3857	31.85345458984375	31.85345458984375	112	29.219577980041503	29.219577980041503	-0.08268731425576803	0.0	True	False	0.5501920618491631	1.4642806184457373	0.0	0.0	False	False
324	2369	445	1924	0.0374010827319359	0.0570549850302866	-0.0427574216926698	0.003184325960485735	0.0035137830147673856	0.18784297171802447	-0.14079185676095207	0.9070211789760304	1.2437064042420245	6.100318952020064	0.0	0.0	3058	34.727596282958984	34.727596282958984	57	22.514989852905273	22.514989852905273	-0.3516686363935445	0.0	True	False	-0.14127261625422882	0.9067189762356131	0.0	0.0	False	False
325	936	206	730	0.1488704018284299	0.1946562731992558	0.0436319952776532	0.0014740924671012615	0.0013331921001976047	0.22008547008547008	0.14745198614390986	1.1076115369866575	0.7107315956862752	5.332718793265369	0.7863199776139329	0.5588624524095467	1370	32.6788215637207	32.6788215637207	72	28.392494010925294	28.392494010925294	-0.1311653036336535	0.0	True	False	0.1476516978599136	1.1077648738358714	0.0	0.0	False	False
326	1564	293	1271	0.0810737647332373	0.1130383314739402	-0.0441902951713156	0.002096646081847911	0.002321215286782405	0.18734015345268543	-0.14490457605208995	0.9044391977602831	0.9467742616072039	5.683579767338681	0.0	0.0	1931	34.43392562866211	34.43392562866211	120	29.969851112365724	29.969851112365724	-0.12964175402006964	0.0	True	False	-0.14523313036799657	0.9042332473970714	0.0	0.0	False	False
327	185	36	149	0.7422754241464147	0.7910825753231653	-0.0237961326083953	0.0002576083923089583	0.0002721172916841686	0.1945945945945946	-0.06398263779012403	0.9566196705259505	0.10177818131213301	3.6109179126442243	0.0	0.0	245	38.73636245727539	38.73636245727539	7	45.22981643676758	45.22981643676758	0.14356578228811076	0.14356578228811076	True	False	-0.0640074206359671	0.9566032377015999	0.0	0.0	False	False
328	429	67	362	0.0082346495802414	0.0148989706358787	-0.1395461327996144	0.00047943784124167244	0.0006611171784541546	0.1561771561771562	-0.4548271103235031	0.7295976003926304	1.8268437357891052	4.219507705176107	0.0	0.0	458	36.811439514160156	36.811439514160156	11	22.631494522094727	22.631494522094727	-0.38520484879736555	0.0	True	False	-0.45509321377861944	0.7294630393574301	0.0	0.0	False	False
329	380	74	306	0.6428453411253621	0.7084046393704414	-0.0234020717187116	0.0005295283619684144	0.0005588449077540644	0.19473684210526315	-0.07038026570065625	0.9523869347158957	0.14971860326064085	4.31748811353631	0.0	0.0	508	37.91352844238281	37.91352844238281	10	57.21993637084961	57.21993637084961	0.33740701498407016	0.33740701498407016	True	False	-0.07042642997445725	0.9523564601203991	0.0	0.0	False	False
330	2545	489	2056	0.1181228353655046	0.1577478053586485	-0.0306266161714985	0.003499180662196684	0.0037548533671318838	0.19214145383104125	-0.10061582936872426	0.9326348017013432	0.8020366740949771	6.194405391104672	0.0	0.0	3416	37.428524017333984	37.428524017333984	7	79.0925064086914	79.0925064086914	0.5267753455184346	0.5267753455184346	True	False	-0.10098988740949544	0.9323930220354919	0.0	0.0	False	False
331	357	57	300	0.0253102147934733	0.0401864226720863	-0.128158764013557	0.000407879954489184	0.000547887164464769	0.15966386554621848	-0.4155366522388473	0.7497405550346407	1.3959206522533711	4.060443010546419	0.0	0.0	378	41.64059829711914	41.64059829711914	21	37.8710823059082	37.8710823059082	-0.09052501994121749	0.0	True	False	-0.41574258231515415	0.7496335448164312	0.0	0.0	False	False
332	939	275	664	4.440892098500626e-16	4.213431771504253e-15	0.2102522494906128	0.001967841885693432	0.0012126569240153554	0.2928647497337593	0.6999775968229471	1.624479566462371	14.37536403425707	5.62040086571715	3.934154691166302	56.55490585259579	1912	35.07645034790039	35.07645034790039	13	41.9341926574707	41.9341926574707	0.1635358134967834	0.1635358134967834	True	False	0.7010649808232667	1.6257044261188298	0.6443746425226711	0.6433751878420678	True	True
333	1047	266	781	2.2907529864113485e-06	7.244739119626135e-06	0.1253182377822858	0.0019034397876161921	0.0014263329181566154	0.25405921680993315	0.41808413728747595	1.3361519998659868	5.139977248694768	5.58724865840025	2.3359400351578756	12.006678635026738	1841	38.38711166381836	38.38711166381836	21	37.44306945800781	37.44306945800781	-0.024592686578718312	0.0	True	False	0.4187697525265328	1.3367871333198191	0.0	0.0	False	False
335	1147	196	951	0.0026908247426074	0.005131033455266	-0.0928368105517362	0.0014025345803487731	0.0017368023113533179	0.17088055797733218	-0.3054798664874525	0.8091730261842714	2.2897951536568257	5.2832037287379885	0.0	0.0	1305	26.19499397277832	26.19499397277832	67	23.07412757873535	23.07412757873535	-0.11913980195170709	0.0	True	False	-0.30596672041618334	0.8089000075685373	0.0	0.0	False	False
336	909	158	751	0.0149482742277626	0.0255038538359635	-0.0838952150201329	0.001130614610689317	0.0013715442017101385	0.17381738173817382	-0.27509578624899333	0.8263954486594043	1.5933941892432195	5.0689042022202315	0.0	0.0	1102	28.346967697143544	28.346967697143544	4	32.87553405761719	32.87553405761719	0.13774883025586576	0.13774883025586576	True	False	-0.2754476580265628	0.8261939162710384	0.0	0.0	False	False
337	1551	238	1313	1.091358614591087e-07	4.2033514958013154e-07	-0.1486001340040309	0.0017030777047092245	0.0023979194898074725	0.15344938749194068	-0.49116055160015826	0.7114525515819518	6.376404291578163	5.476463551931511	0.0	0.0	1605	37.859989166259766	37.859989166259766	61	30.466489791870117	30.466489791870117	-0.19528530084680057	0.0	True	False	-0.492168906224407	0.71095546397819	0.0	0.0	False	False
338	1026	140	886	9.929103095274172e-09	4.389114890979151e-08	-0.2082180511787583	0.001001810414534838	0.0016180934257192846	0.1364522417153996	-0.6873560231497979	0.6209908760627053	7.357623050764686	4.948759890378168	0.0	0.0	958	35.592281341552734	35.592281341552734	22	26.887392807006837	26.887392807006837	-0.24457236812137825	0.0	True	False	-0.6882501452919065	0.6206061310858841	0.0	0.0	False	False
339	221	33	188	0.0305309572043028	0.0478892836793299	-0.1625562743474995	0.00023614102628321181	0.0003433426230645886	0.1493212669683258	-0.5221370452829284	0.6963395901183228	1.3197616590200554	3.5263605246161616	0.0	0.0	212	61.214691162109375	61.214691162109375	19	46.38607406616211	46.38607406616211	-0.24223951496672538	0.0	True	False	-0.522295594497713	0.6962630680358739	0.0	0.0	False	False
340	678	202	476	2.706723734036132e-13	2.024837562577029e-12	0.2208320517548107	0.0014454693124002663	0.0008693143009507668	0.29793510324483774	0.7356401713900098	1.6651361813787757	11.693609811217732	5.313205979041787	3.9086077570527253	45.70573401607348	1407	35.49285888671875	35.49285888671875	7	47.796912384033206	47.796912384033206	0.2574236050742199	0.2574236050742199	True	False	0.7364684998107798	1.6660924996714814	1.0073008413972753	1.006167899641573	True	True
341	214	43	171	0.9225244279527438	0.932109097334071	-0.0064400197775647	0.00030769891303570023	0.00031229568374491835	0.20093457943925233	-0.008926792796120964	0.9938315224007164	0.030533253314166234	3.784189633918261	0.0	0.0	292	45.47221755981445	45.47221755981445	9	28.799683380126954	28.799683380126954	-0.36665320220542	0.0	True	False	-0.008937272179734279	0.9938243034780404	0.0	0.0	False	False
342	580	97	483	0.0179240745380171	0.0294196835244247	-0.1040877614542467	0.0006941115014991378	0.0008820983347882782	0.16724137931034483	-0.3398472881992678	0.790124943548264	1.531362003407784	4.584967478670572	0.0	0.0	624	40.29704284667969	40.29704284667969	55	34.78424072265625	34.78424072265625	-0.13680413585181153	0.0	True	False	-0.3401225566147694	0.7899742008846461	0.0	0.0	False	False
343	806	144	662	0.054730022213066	0.0794402188092637	-0.0694078623146479	0.0010304335692358333	0.0012090043429189236	0.17866004962779156	-0.22665648430928265	0.8546132059944981	1.0999595682950902	4.976733742420574	0.0	0.0	998	36.83353042602539	36.83353042602539	10	36.33825912475586	36.33825912475586	-0.013446207722721846	0.0	True	False	-0.2269182444098572	0.8544581605140328	0.0	0.0	False	False
344	1401	221	1180	3.764059433253309e-06	1.152928440579163e-05	-0.1344020985919751	0.0015814292972299942	0.0021550228468947582	0.15774446823697358	-0.44382496014566186	0.7351828613302681	4.938197647454686	5.402677381872279	0.0	0.0	1448	29.62224769592285	29.62224769592285	99	25.743103790283204	25.743103790283204	-0.13095373266268262	0.0	True	False	-0.4446578793696734	0.734758536583948	0.0	0.0	False	False
345	1834	269	1565	6.362688154126772e-11	3.8673213936801777e-10	-0.1716744268512798	0.0019249071536419386	0.0028581447079578785	0.14667393675027263	-0.5680718528582016	0.6745176722463068	9.412589734391434	5.598421958998375	0.0	0.0	1794	27.918529510498047	27.918529510498047	89	24.703514862060548	24.703514862060548	-0.1151570195424718	0.0	True	False	-0.5694253083537753	0.6738851743664985	0.0	0.0	False	False
346	517	137	380	4.805964028165022e-05	0.0001221908501278	0.1500246055690662	0.0009803430485090913	0.0006939904083220408	0.26499032882011603	0.5017296424364392	1.4159100752253924	3.9129613136334256	4.927253685157205	2.472149229647552	9.673424297139546	919	26.842639923095703	26.842639923095703	40	20.20925693511963	20.20925693511963	-0.24712111055323727	0.0	True	False	0.5021392595508889	1.4163121444959064	0.0	0.0	False	False
347	957	142	815	4.652610859690043e-06	1.3711103215298689e-05	-0.1657816293269521	0.0010161219918853356	0.0014884267967959558	0.148380355276907	-0.5465284801318155	0.6846656410796715	4.862927599839175	4.962844630259907	0.0	0.0	955	43.55034637451172	43.55034637451172	39	42.08926544189453	42.08926544189453	-0.03354923793378366	0.0	True	False	-0.5472145740019716	0.6843401161371466	0.0	0.0	False	False
348	184	30	154	0.1377501351836119	0.1816433985980509	-0.1173118310777016	0.0002146736602574653	0.0002812487444252481	0.16304347826086957	-0.37053121281352475	0.7734976357992113	0.7407803809255991	3.4339872044851463	0.0	0.0	210	54.73735046386719	54.73735046386719	0					False	True	-0.37063112932865394	0.7734440676438931			False	False
349	758	183	575	0.0027543455526961	0.0052265386341405	0.0958708800698593	0.0013095093275705381	0.0010501170652241407	0.24142480211081793	0.32115861223894626	1.2493334718568028	2.2817858349874416	5.214935757608986	1.6748215308289598	3.821584045177503	1234	33.160064697265625	33.160064697265625	47	22.04378471374512	22.04378471374512	-0.3352309497887425	0.0	True	False	0.32152942841239884	1.2496546295422106	0.0	0.0	False	False
350	666	138	528	0.7797568524312481	0.8220200964654621	0.0103327988971911	0.0009874988371843404	0.0009642814094579935	0.2072072072072072	0.038176982194469744	1.026815502287047	0.08511756484757957	4.9344739331306915	0.1883833234842055	0.01603472975286942	956	30.401206970214844	30.401206970214844	10	29.819728088378906	29.819728088378906	-0.019126835405108553	0.0	True	False	0.03820666233996661	1.026836626881041	0.0	0.0	False	False
351	380	88	292	0.1184122343566205	0.1577478053586485	0.0721874557326407	0.0006297094034218981	0.0005332768400790419	0.23157894736842105	0.24550721314019341	1.1855094912362685	0.8020366740949771	4.48863636973214	1.1019926059326524	0.8838384845394813	616	26.90024185180664	26.90024185180664	0					False	True	0.24564256990603006	1.185620723516104			False	False
352	2197	406	1791	0.0166720237663271	0.0278344087772586	-0.0514819172435676	0.00290525020215103	0.003270886371854671	0.1847974510696404	-0.16964630860774577	0.8890606167218164	1.5554179989843495	6.008813185442595	0.0	0.0	2783	25.262218475341797	25.262218475341797	59	19.674828338623048	19.674828338623048	-0.22117575074305315	0.0	True	False	-0.17017929923746777	0.8887322219859278	0.0	0.0	False	False
353	357	43	314	3.327314547840743e-05	8.804934415714619e-05	-0.2703735574574692	0.00030769891303570023	0.0005734552321397916	0.12044817927170869	-0.8837782335025963	0.5419462832805184	4.05527387456318	3.784189633918261	0.0	0.0	294	39.256046295166016	39.256046295166016	7	28.350214385986327	28.350214385986327	-0.27781279416624877	0.0	True	False	-0.8841656530670594	0.541800769226388	0.0	0.0	False	False
354	22	7	15	0.1050048047469309	0.144188192321775	0.2620944160191071	5.00905207267419e-05	2.7394358223238452e-05	0.3181818181818182	0.9228887627496061	1.89590774295576	0.8410703028583355	2.0794415416798357	1.919093231611037	1.6140923255244766	42	14.212395668029785	14.212395668029785	7	11.97592830657959	11.97592830657959	-0.15736033626484514	0.0	True	False	0.9229176630252098	1.8959457224341285	0.0	0.0	False	False
355	559	115	444	0.8743313021383612	0.8974007296354156	0.0064025052692327	0.0008229156976536169	0.0008108730034078581	0.20572450805008943	0.02590391011425197	1.018117386374669	0.047013581697856535	4.7535901911063645	0.12313657303040912	0.0057890913361592165	792	39.697635650634766	39.697635650634766	13	37.757606506347656	37.757606506347656	-0.04887014333449575	0.0	True	False	0.025917450660049468	1.0181269420530359	0.0	0.0	False	False
356	1124	224	900	0.7067752264709144	0.7594905057933307	-0.0109068560762633	0.0016028966632557408	0.001643661493394307	0.199288256227758	-0.03381635363716562	0.9768328659708028	0.11947765077728242	5.41610040220442	0.0	0.0	1547	36.69154739379883	36.69154739379883	21	29.34456443786621	29.34456443786621	-0.2002363889720911	0.0	True	False	-0.033879111007522056	0.9767903745731928	0.0	0.0	False	False
357	903	205	698	0.0440594152169449	0.0654164599976777	0.0609860734615319	0.0014669366784260127	0.001274750802654696	0.22702104097452935	0.2050727558001828	1.1527444787878474	1.1843129613585752	5.327876168789581	1.0926022484957993	1.293983004503098	1421	37.540733337402344	37.540733337402344	14	36.9459716796875	36.9459716796875	-0.01584310174149613	0.0	True	False	0.2053465517072386	1.1529632683879558	0.0	0.0	False	False
358	486	86	400	0.111206320615907	0.1507291244584942	-0.0744739050529879	0.0006153978260714005	0.0007305162192863587	0.17695473251028807	-0.2408357272440238	0.8462549501016841	0.8218028235345447	4.465908118654584	0.0	0.0	602	39.83466720581055	39.83466720581055	0					False	True	-0.2410057664467331	0.8461552145142733			False	False
359	712	144	568	0.9361400833993844	0.9434157835294316	-0.0028982085860754	0.0010304335692358333	0.0010373330313866293	0.20224719101123595	-0.005896378863607055	0.9959212822715126	0.025296862198440215	4.976733742420574	0.0	0.0	991	34.861106872558594	34.861106872558594	17	28.45773239135742	28.45773239135742	-0.18368247757048925	0.0	True	False	-0.005910191353180494	0.9959117472789559	0.0	0.0	False	False
360	105	22	83	0.8591208573057862	0.8899795944228936	0.0164322234880829	0.00015742735085547452	0.00015158211550191943	0.20952380952380953	0.07834328138358515	1.0558049107478185	0.05061995080579676	3.1354942159291497	0.24564490563514108	0.012434533038945428	146	45.51852035522461	45.51852035522461	8	56.670496749877934	56.670496749877934	0.19678628270851262	0.19678628270851262	True	False	0.0783478705541274	1.055808269237564	0.04834237946656192	0.048339547846222776	False	False
361	482	64	418	3.566580012659415e-05	9.311406878688004e-05	-0.2219086727579586	0.00045797047521592594	0.0007633894491542449	0.13278008298755187	-0.727662079599126	0.6038817255340573	4.030984695657754	4.174387269895637	0.0	0.0	413	42.07637023925781	42.07637023925781	35	33.40108413696289	33.40108413696289	-0.20617952672639908	0.0	True	False	-0.7281068210580202	0.6036955948273901	0.0	0.0	False	False
362	686	164	522	0.0076387591103217	0.0138854079154913	0.0902609800746944	0.0011735493427408102	0.0009533236661686981	0.239067055393586	0.30285102429495936	1.2335797812061116	1.8574413573364996	5.10594547390058	1.5463408167650023	2.8722373855968173	1139	28.06253433227539	28.06253433227539	9	19.69252128601074	19.69252128601074	-0.2982629062350259	0.0	True	False	0.3031652318015823	1.2338484743307518	0.0	0.0	False	False
363	12	5	7	0.0162076213257502	0.0272933536611119	0.4469595993740212	3.577894337624421e-05	1.2784033837511277e-05	0.4166666666666667	1.52273550055674	2.8733535126573932	1.5639430972714963	1.791759469228055	2.728375752252261	4.2670244244978495	18	27.07285499572754	27.07285499572754	17	19.19131507873535	19.19131507873535	-0.2911233380534119	0.0	True	False	1.5227648314247748	2.8734119302765198	0.0	0.0	False	False
364	1453	414	1039	0.0	0.0	0.193472428591795	0.0029624965115530207	0.0018975158795963168	0.28492773571920166	0.6437487261653434	1.5623836166817406	300.0	6.028278520230698	3.880696618368413	194.03483091842065	2866	25.95690155029297	25.95690155029297	32	27.527969932556154	27.527969932556154	0.05707171237517045	0.05707171237517045	True	False	0.6452850540025921	1.5640482872376134	0.22200656586645304	0.22147800121881864	True	True
365	672	210	462	0.0	0.0	0.2506649542063643	0.001502715621802257	0.0008437462332757444	0.3125	0.8345613451906839	1.7833147353740986	300.0	5.351858133476067	4.466453923143489	223.32269615717445	1468	21.495140075683594	21.495140075683594	2	24.978706932067873	24.978706932067873	0.13946145674626761	0.13946145674626761	True	False	0.8355093027178491	1.7844868903302664	0.6236057051900374	0.622898170611673	True	True
366	490	130	360	6.939507142100787e-05	0.0001708524226757	0.1507284865691263	0.0009302525277823495	0.0006574645973577228	0.2653061224489796	0.5042450248570258	1.418380910610732	3.7673788585554253	4.875197323201151	2.4582939954204703	9.261324826460827	867	22.72730255126953	22.72730255126953	43	15.887052536010742	15.887052536010742	-0.30097060572094586	0.0	True	False	0.5046350389738397	1.4187644035478648	0.0	0.0	False	False
367	687	142	545	0.8052873132787997	0.8443578567801969	0.008979477136118	0.0010161219918853356	0.0009953283487776638	0.2066957787481805	0.03357720025646138	1.0235468933097562	0.07347345113955578	4.962844630259907	0.16663842799194092	0.012243500397038256	988	42.424572372436536	42.424572372436536	6	97.16665649414062	97.16665649414062	0.563383429016158	0.563383429016158	True	False	0.03360338099383142	1.0235654678905148	0.09395452990189579	0.09388132896796182	False	False
368	553	75	478	2.075252727262722e-05	5.685023316233795e-05	-0.2112789981880942	0.0005366841506436632	0.0008729668820471986	0.13562386980108498	-0.6937758976329835	0.6182336568983571	4.245267749781715	4.330733340286331	0.0	0.0	511	39.83184814453125	39.83184814453125	14	48.46487045288086	48.46487045288086	0.17812948281256458	0.17812948281256458	True	False	-0.6942652392885229	0.6180239963866805	0.0	0.0	False	False
369	851	114	737	6.434933563781442e-08	2.6074887044906053e-07	-0.217475001491916	0.000815759908978368	0.001345976134035116	0.13396004700352526	-0.7171009735116591	0.6083186019092856	6.583777564239121	4.74493212836325	0.0	0.0	738	40.196537017822266	40.196537017822266	60	31.53753070831299	31.53753070831299	-0.21541672372597825	0.0	True	False	-0.7178705883925662	0.6079941770080547	0.0	0.0	False	False
370	386	56	330	0.0020969089959643	0.004140596951422	-0.1772382778378053	0.0004007241658139352	0.000602675880911246	0.14507772020725387	-0.5781330215645397	0.6698300376776636	2.382937041966212	4.04305126783455	0.0	0.0	345	45.824649810791016	45.824649810791016	47	33.74782943725586	33.74782943725586	-0.2635441934286478	0.0	True	False	-0.5784283682359259	0.6696929249699641	0.0	0.0	False	False
371	811	206	605	3.26327753463751e-05	8.694623020369804e-05	0.1251994807455173	0.0014740924671012615	0.0011049057816706175	0.25400739827373614	0.41820929925307837	1.336267923647816	4.060749243301569	5.332718793265369	2.2301925896452315	9.05625287081864	1398	25.597488403320312	25.597488403320312	44	18.51022415161133	18.51022415161133	-0.27687342367502266	0.0	True	False	0.41873876018948764	1.3367584164314845	0.0	0.0	False	False
372	245	22	223	3.6764007207423775e-06	1.1350157780704646e-05	-0.4127945471807188	0.00015742735085547452	0.000407262792252145	0.08979591836734693	-1.342083447325681	0.39445060423911765	4.944998101218603	3.1354942159291497	0.0	0.0	137	51.08167343139649	51.08167343139649	17	44.13915252685547	44.13915252685547	-0.13591020885141786	0.0	True	False	-1.342447830163687	0.3943509900608331	0.0	0.0	False	False
373	24	12	12	3.2727036236579465e-07	1.1679648711953589e-06	0.5930876350274426	8.58694641029861e-05	2.191548657859076e-05	0.5	1.9701944775279632	3.9182093354419054	5.93257021927451	2.5649493574615367	5.053449059209617	29.979941393287763	68	16.400127220153813	16.400127220153813	16	12.343235969543457	12.343235969543457	-0.24736949879418724	0.0	True	False	1.9702829037608964	3.9184494992324765	0.0	0.0	False	False
374	657	110	547	0.0121816646351322	0.0212496302379661	-0.1035070061446089	0.0007871367542773727	0.0009989809298740955	0.167427701674277	-0.3386181175691405	0.7907984138197821	1.6726486226493449	4.709530201312334	0.0	0.0	735	34.15849304199219	34.15849304199219	35	29.05525894165039	29.05525894165039	-0.1493986896338846	0.0	True	False	-0.3389278644588192	0.7906286474804911	0.0	0.0	False	False
375	1157	194	963	0.0009480619344173	0.0019513020766578	-0.1027369221650782	0.0013882230029982755	0.0017587177979319086	0.1676750216076059	-0.3383200337815655	0.790961822255787	2.70967549325518	5.272999558563747	0.0	0.0	1319	33.25452423095703	33.25452423095703	39	31.224489212036133	31.224489212036133	-0.06104537851216992	0.0	True	False	-0.3388592364200189	0.7906662580513447	0.0	0.0	False	False
376	60	15	45	0.2996001247666719	0.3676481026316574	0.1159663803270821	0.00010733683012873264	8.218307466971535e-05	0.25	0.41659614771614173	1.3347746087769123	0.43456767100524946	2.772588722239781	1.1550497808863125	0.5019472931748885	103	44.13528823852539	44.13528823852539	2	46.633833694458005	46.633833694458005	0.053577955273909704	0.053577955273909704	True	False	0.41662859549603226	1.3348046296465592	0.06189002560531086	0.06188520549946606	False	False
377	300	58	242	0.6320012909622439	0.7004230831461905	-0.0272997373843582	0.0004150357431644329	0.00044196231266824704	0.19333333333333333	-0.08128173996312249	0.9452175097870162	0.15463954974189867	4.07753744390572	0.0	0.0	403	40.55610656738281	40.55610656738281	3	49.459381103515625	49.459381103515625	0.1800118468425388	0.1800118468425388	True	False	-0.08132444941673	0.9451895280412601	0.0	0.0	False	False
378	189	33	156	0.280110629269148	0.3470160343493585	-0.0815230234387551	0.00023614102628321181	0.00028490132552167987	0.1746031746031746	-0.2537351789468829	0.8387221261169573	0.45965045757638034	3.5263605246161616	0.0	0.0	231	42.24819564819336	42.24819564819336	0					False	True	-0.25380938877565384	0.8386789847580204			False	False
379	626	110	516	0.0585964539617849	0.0844222984856827	-0.0781693814384373	0.0007871367542773727	0.0009423659228794027	0.1757188498402556	-0.254527501945665	0.8382616293636601	1.073542827897557	4.709530201312334	0.0	0.0	607	35.78010559082031	35.78010559082031	163	29.379304122924804	29.379304122924804	-0.17889274953782383	0.0	True	False	-0.2547554913603367	0.8381291691606065	0.0	0.0	False	False
380	485	91	394	0.3404327014145267	0.4112680771746922	-0.0433671944733678	0.0006511767694476447	0.0007195584759970633	0.18762886597938144	-0.13798717420145223	0.9087861956728378	0.3858749993284752	4.5217885770490405	0.0	0.0	634	43.98215103149414	43.98215103149414	3	98.48696899414062	98.48696899414062	0.5534216203352668	0.5534216203352668	True	False	-0.13808974263744744	0.9087215877947356	0.0	0.0	False	False
381	223	56	167	0.0404081860480218	0.0606902871532066	0.1185591908912143	0.0004007241658139352	0.00030499052155205474	0.25112107623318386	0.4023561545980172	1.3216646415072706	1.21688080766099	4.04305126783455	1.6267465609685479	1.9795566689711446	384	39.456539154052734	39.456539154052734	8	36.666072845458984	36.666072845458984	-0.07072253087628265	0.0	True	False	0.40249047172484964	1.321787696246008	0.0	0.0	False	False
382	490	88	402	0.149381982150772	0.1946562731992558	-0.066655745903004	0.0006297094034218981	0.0007341688003827905	0.17959183673469387	-0.21504494539101948	0.8615193197182818	0.7107315956862752	4.48863636973214	0.0	0.0	614	38.0911979675293	38.0911979675293	2	36.46005134582519	36.46005134582519	-0.042822140251261444	0.0	True	False	-0.21519959798176913	0.8614269723752926	0.0	0.0	False	False
383	268	36	232	0.0025525956081953	0.0049156420375642	-0.2160978490859781	0.0002576083923089583	0.00042369940718608805	0.13432835820895522	-0.701067869587412	0.615116734381203	2.3084197504338513	3.6109179126442243	0.0	0.0	229	45.04188537597656	45.04188537597656	23	33.74782943725586	33.74782943725586	-0.25074563030490893	0.0	True	False	-0.7013114151095952	0.6150129035105716	0.0	0.0	False	False
384	394	57	337	0.0017546722685299	0.0035366192355345	-0.1786674101650742	0.000407879954489184	0.0006154599147487572	0.1446700507614213	-0.5830591634658546	0.6675467756678802	2.451411695290641	4.060443010546419	0.0	0.0	374	46.37322998046875	46.37322998046875	25	41.52065658569336	41.52065658569336	-0.10464169515082675	0.0	True	False	-0.5833626370633471	0.6674063707240621	0.0	0.0	False	False
388	20	9	11	0.0002190777074373	0.0005013013423125	0.5059374593173159	6.440209807723958e-05	2.0089196030374866e-05	0.45	1.6945600349145362	3.2367816249302703	3.2999011324942047	2.302585092994046	3.9018686755776812	12.875780861382452	57	9.8485107421875	9.8485107421875	6	9.8485107421875	9.8485107421875	0.0	0.0	True	False	1.694620122901842	3.2369164391065213	0.0	0.0	False	False
389	9	5	4	8.207895503975493e-05	0.0001995544594404	0.6899976480137842	3.577894337624421e-05	7.305162192863587e-06	0.5555555555555556	2.2597010947229474	4.78892252109566	3.699938562599486	1.791759469228055	4.048840834094843	14.980462335894979	20	12.747471809387207	12.747471809387207	15	11.088422775268555	11.088422775268555	-0.13014729970980854	0.0	True	False	2.2597383300041134	4.789046122530931	0.0	0.0	False	False
390	12	5	7	0.0162076213257502	0.0272933536611119	0.4469595993740212	3.577894337624421e-05	1.2784033837511277e-05	0.4166666666666667	1.52273550055674	2.8733535126573932	1.5639430972714963	1.791759469228055	2.728375752252261	4.2670244244978495	20	16.168123245239258	16.168123245239258	15	12.678183555603027	12.678183555603027	-0.21585311026521595	0.0	True	False	1.5227648314247748	2.8734119302765198	0.0	0.0	False	False
392	40	6	34	0.3633803901428871	0.4322782011179911	-0.1602400315715598	4.293473205149305e-05	6.209387863934049e-05	0.15	-0.43789026110911244	0.7382133530542727	0.3642366644729825	1.9459101490553132	0.0	0.0	19	48.042015075683594	48.042015075683594	23	37.9951904296875	37.9951904296875	-0.20912579603850306	0.0	True	False	-0.43792174791794736	0.7381972417289959	0.0	0.0	False	False
394	79	25	54	0.0025112876101649	0.0048601536336028	0.2586338838858409	0.00017889471688122105	9.861968960365842e-05	0.31645569620253167	0.8744354947225315	1.8332906064911656	2.313350002101627	3.258096538021482	2.8489952580785816	6.590723186263612	150	19.195234298706055	19.195234298706055	25	16.95359573364258	16.95359573364258	-0.11678099522935145	0.0	True	False	0.8745474779731133	1.8334329136340213	0.0	0.0	False	False
