cluster_id	cluster_size	sample	background	enrichment_pvalue_zbinom	enrichment_fdr_zbinom	log_fold_change	sample_usage	background_usage	sample_fraction_in_cluster	log2fc_smooth	fc_smooth	minus_log10_fdr	support_log	enrichment_support_score	enrichment_stat_score	internal_edges_n	internal_mreach_q90	cohesion	external_edges_n	external_mreach_q10	separation	density_validity	geometry_score	has_density_validity	is_sample_knn_closed	log2_odds	odds_ratio	dbcv_with_odds	redcea_auxiliary_validity	is_good_candidate	is_good_candidate_relaxed
0	865	141	724	0.029767599793627	0.0429294842056343	-0.0792941466393191	0.0016253789669045176	0.001950961872707822	0.1630057803468208	-0.25929855553014747	0.8354940414505563	1.3672443295031498	4.955827057601261	0.0	0.0	955	39.89747619628906	39.89747619628906	32	32.227166748046876	32.227166748046876	-0.1922504924999646	0.0	True	False	-0.259775495058264	0.8352178817194923	0.0	0.0	False	False
1	142	20	122	0.1106031645028375	0.1411763969670366	-0.1541045280926444	0.0002305502080715628	0.00032875324374358325	0.14084507042253522	-0.48220085318958716	0.7158846976063474	0.8502379061441294	3.044522437723423	0.0	0.0	131	42.338111877441406	42.338111877441406	9	32.54698944091797	32.54698944091797	-0.23126025234347647	0.0	True	False	-0.48234894263601724	0.7158112174011362	0.0	0.0	False	False
2	3072	503	2569	6.49819496560955e-05	0.0001854939290183	-0.0769708123097567	0.005798337732999804	0.006922681009649716	0.16373697916666666	-0.25453888760347	0.8382550138821262	3.731670299725473	6.222576268071369	0.0	0.0	3429	35.69548797607422	35.69548797607422	92	27.653024864196777	27.653024864196777	-0.22530755476064934	0.0	True	False	-0.2561777620238832	0.8373033126188367	0.0	0.0	False	False
3	559	125	434	0.0193272726979105	0.0295937931807031	0.090645590397987	0.0014409388004472674	0.0011694992441370093	0.22361359570661896	0.3052162683312716	1.235603847408076	1.5287993656312295	4.836281906951478	1.476111916237776	2.2566789611450107	856	38.55687713623047	38.55687713623047	19	31.254671096801758	31.254671096801758	-0.18938790124595176	0.0	True	False	0.305602003405804	1.2359342564349305	0.0	0.0	False	False
4	1286	230	1056	0.2827391291707175	0.3350191945645483	-0.0307107752787558	0.002651327392822972	0.0028456018474854418	0.17884914463452567	-0.09956903031070219	0.9333117538484059	0.47493030981492323	5.442417710521793	0.0	0.0	1582	31.880727767944336	31.880727767944336	28	29.793207359313964	29.793207359313964	-0.06547907010859855	0.0	True	False	-0.09985646962555172	0.933125821436888	0.0	0.0	False	False
5	4188	817	3371	0.2995827263300583	0.3523182624256116	0.0156886109118139	0.00941797599972334	0.009083829382455895	0.19508118433619867	0.05278511925226592	1.0372654306133646	0.45306484457036994	6.706862336602747	0.35402252824610686	0.1603951617342318	5585	28.851789474487305	28.851789474487305	134	23.517411041259766	23.517411041259766	-0.18488899754188748	0.0	True	False	0.053265259420320454	1.037610698093913	0.0	0.0	False	False
6	1851	428	1423	1.620362350962523e-07	8.206351261326327e-07	0.1094641758295649	0.004933774452731444	0.0038345562774354013	0.23122636412749864	0.3648096975651338	1.28771175934374	6.0858498976066375	6.061456918928017	2.2112782653982177	13.457507605053527	2892	28.45446014404297	28.45446014404297	104	22.315135765075684	22.315135765075684	-0.215759650609733	0.0	True	False	0.3663961122716657	1.2891285303189388	0.0	0.0	False	False
7	2448	528	1920	0.0001789673061274	0.0004722330598656	0.0705580007308266	0.0060865254930892575	0.005173821540882622	0.21568627450980393	0.23537849404651823	1.1772155416566306	3.325843612313165	6.270988431858299	1.4760558132739434	4.909130797994859	3662	33.015621185302734	33.015621185302734	34	25.51686019897461	25.51686019897461	-0.22712766615053973	0.0	True	False	0.23669629081544308	1.1782913335064222	0.0	0.0	False	False
8	2252	383	1869	0.0097297614352522	0.0158297673091669	-0.0571852205093399	0.004415036484570427	0.005036391906202927	0.1700710479573712	-0.1884689071603347	0.8775365328586414	1.8005254690345198	5.950642552587727	0.0	0.0	2679	36.16134262084961	36.16134262084961	2	61.03633117675781	61.03633117675781	0.4075439672786299	0.4075439672786299	True	False	-0.18937598848421544	0.8769849631977341	0.0	0.0	False	False
9	849	220	629	1.719763442764588e-09	1.2000127133957348e-08	0.1749973422781885	0.002536052288787191	0.0016949654943829006	0.2591283863368669	0.5834573590334049	1.498435888972624	7.920814152845403	5.3981627015177525	3.1495977534601782	24.947378461377465	1451	28.935136795043945	28.935136795043945	89	24.31716995239258	24.31716995239258	-0.15959720098652994	0.0	True	False	0.5846669739748691	1.499692766172052	0.0	0.0	False	False
10	1375	244	1131	0.2092506708852719	0.2536861415365845	-0.0348474716853622	0.002812712538473066	0.0030477042514261694	0.17745454545454545	-0.11344513311975923	0.9243780239562036	0.5957032569350714	5.501258210544727	0.0	0.0	1692	32.28565216064453	32.28565216064453	16	45.17774772644043	45.17774772644043	0.2853638398235323	0.2853638398235323	True	False	-0.11379153983936163	0.924156097416002	0.0	0.0	False	False
11	1000	163	837	0.0194150362905249	0.0295937931807031	-0.0793125466871889	0.0018789841957832366	0.002255462827978518	0.163	-0.25991347353951433	0.83513800580608	1.5287993656312295	5.099866427824199	0.0	0.0	1127	42.06424255371093	42.06424255371093	14	45.598673248291014	45.598673248291014	0.07751170029300243	0.07751170029300243	True	False	-0.2604641252910369	0.8348193088940226	0.0	0.0	False	False
12	376	51	325	0.004152434716061	0.0074431452187529	-0.173087877973791	0.0005879030305824851	0.0008757770837431521	0.1356382978723404	-0.5631281247875162	0.676833027765771	2.1282435076656845	3.9512437185814275	0.0	0.0	354	33.192649841308594	33.192649841308594	3	26.673261642456055	26.673261642456055	-0.19641059782877274	0.0	True	False	-0.5635501181174298	0.6766350806966531	0.0	0.0	False	False
13	412	107	305	2.3370066041916715e-05	7.338200737161849e-05	0.1763092452410264	0.001233443613182861	0.0008218831093589581	0.25970873786407767	0.5900493609656312	1.5052982494277423	4.134410412251739	4.68213122712422	2.7626885385218727	11.422088259473371	708	26.73033332824707	26.73033332824707	41	22.540674209594727	22.540674209594727	-0.15673800499243884	0.0	True	False	0.5906373479068652	1.5059118760627588	0.0	0.0	False	False
14	2806	523	2283	0.6428491349893355	0.6997634841402335	-0.0087789157223532	0.006028887941071367	0.006151997175955742	0.18638631503920172	-0.028100266252645056	0.980710842932022	0.1550487241139985	6.261491684321042	0.0	0.0	3513	36.848297119140625	36.848297119140625	148	23.983684158325197	23.983684158325197	-0.3491236764407488	0.0	True	False	-0.02828537358980565	0.9805850193020605	0.0	0.0	False	False
15	1583	394	1189	3.113731494863714e-12	3.259038964624021e-11	0.1515396741075873	0.004541839099009787	0.003203996777140332	0.2488945041061276	0.5046270147832237	1.418756512480085	10.486910447138403	5.978885764901122	3.017107275271964	31.640133805186842	2621	27.765514373779297	27.765514373779297	137	22.335290908813477	22.335290908813477	-0.19557438741685687	0.0	True	False	0.506558214538618	1.4206569396632476	0.0	0.0	False	False
16	360	71	289	0.6752068794803874	0.7211393202613661	0.0215858128671092	0.0008184532386540479	0.0007787679298516029	0.19722222222222222	0.07933687998405325	1.0565323046732549	0.14198082380257884	4.276666119016055	0.3392973466162436	0.048173716786603406	476	40.08509063720703	40.08509063720703	21	23.242795944213867	23.242795944213867	-0.42016356768219765	0.0	True	False	0.07938780274185042	1.0565695977162455	0.0	0.0	False	False
17	2195	341	1854	8.613163875681451e-06	3.0733334738227e-05	-0.1041300439149735	0.0039308810476201455	0.004995971425414782	0.15535307517084282	-0.3441877030180187	0.7877513883431746	4.512390313813401	5.834810737062605	0.0	0.0	2331	35.74706268310547	35.74706268310547	56	25.88688850402832	25.88688850402832	-0.2758317310288321	0.0	True	False	-0.34573758758410644	0.7869055629255491	0.0	0.0	False	False
18	527	67	460	9.19164949131357e-05	0.0002531735035326	-0.2054577220752419	0.0007723431970397353	0.0012395614108364613	0.127134724857685	-0.6733566678456029	0.6270460626924599	3.596581748385018	4.219507705176107	0.0	0.0	467	41.557552337646484	41.557552337646484	2	56.12019729614258	56.12019729614258	0.25949026660847213	0.25949026660847213	True	False	-0.6740377755252318	0.6267500991816426	0.0	0.0	False	False
19	3592	610	2982	0.000927918638967	0.0020518764270115	-0.0579524972056747	0.007031781346182665	0.008035591580683323	0.16982182628062362	-0.19157385640028668	0.8756499411831248	2.6878487978891776	6.415096959171596	0.0	0.0	4163	31.214792251586914	31.214792251586914	107	25.655185317993165	25.655185317993165	-0.17810808698594194	0.0	True	False	-0.19303945625828867	0.8747608407495227	0.0	0.0	False	False
20	2765	601	2164	2.2117134484966883e-05	7.086510437020002e-05	0.0748425224686973	0.006928033752550461	0.0058313280283697885	0.2173598553345389	0.24948792315862267	1.1887850872392483	4.149567568909811	6.400257445308821	1.5967869377106096	6.6259752911827565	4192	39.52128219604492	39.52128219604492	15	54.92933044433594	54.92933044433594	0.2805067552007604	0.2805067552007604	True	False	0.25107387593377517	1.1900926356952872	0.45075680816187846	0.44790952264416184	True	True
21	3245	655	2590	0.0432760508746539	0.0601269025426607	0.0341668428109943	0.007550519314343682	0.006979269682753119	0.20184899845916796	0.11432218316657483	1.082466354304287	1.2209311684026172	6.486160788944089	0.7415120617615216	0.9053351879511282	4585	31.673751831054688	31.673751831054688	0					False	True	0.11514593219348157	1.0830845966873177			False	False
22	1213	158	1055	1.5942176023742153e-08	9.444987304632144e-08	-0.1933700657769841	0.001821346643765346	0.0028429071487662324	0.1302555647155812	-0.6384867520128488	0.6423863969173895	7.024798621493541	5.0689042022202315	0.0	0.0	1012	35.64928665161133	35.64928665161133	94	29.595417022705078	29.595417022705078	-0.16981741284387292	0.0	True	False	-0.6399703786751658	0.6417261245270589	0.0	0.0	False	False
23	3048	544	2504	0.0864295646403849	0.11168264731309	-0.0318101179396196	0.0062709656595465076	0.006747525592901086	0.1784776902887139	-0.10463357634609505	0.9300411296001906	0.9520143001306526	6.300785794663244	0.0	0.0	3745	29.108095169067383	29.108095169067383	63	23.694798278808594	23.694798278808594	-0.18597221353087356	0.0	True	False	-0.10533202241263417	0.9295909815539768	0.0	0.0	False	False
24	1698	416	1282	1.6882273357055055e-11	1.5145810954615107e-10	0.1424306123446169	0.004795444327888506	0.0034546037580268337	0.24499411071849234	0.4743146560660305	1.389258104036432	9.81970746820861	6.0330862217988015	2.861581216309206	28.099890440676987	2817	35.6460792541504	35.6460792541504	95	23.301355361938477	23.301355361938477	-0.3463136521746521	0.0	True	False	0.47625068816462157	1.3911236776383655	0.0	0.0	False	False
25	759	137	622	0.4856623158263238	0.552343263629143	-0.0258445106319725	0.0015792689252902051	0.0016761026033484327	0.18050065876152832	-0.08175713734852152	0.9449060926873869	0.257790938272735	4.927253685157205	0.0	0.0	934	28.863515853881836	28.863515853881836	25	21.13429069519043	21.13429069519043	-0.2677852967677154	0.0	True	False	-0.08190344797007931	0.9448102700888706	0.0	0.0	False	False
26	1442	358	1084	4.682765286645463e-11	3.9740224324504727e-10	0.1500790513422863	0.004126848724480974	0.0029210534116233134	0.24826629680998613	0.4999000522245298	1.4141155911459589	9.400769685725962	5.883322388488279	2.941073169259036	27.648351493072326	2479	35.18359909057619	35.18359909057619	27	26.399929809570313	26.399929809570313	-0.24965238088330058	0.0	True	False	0.5016393990144907	1.4158215100258988	0.0	0.0	False	False
27	3966	588	3378	5.64215341114505e-13	6.1090902451708415e-12	-0.1280570122582736	0.0067781761173039455	0.009102692273490363	0.14826021180030258	-0.4243834535485078	0.7451571119570832	11.214023459302394	6.3784261836515865	0.0	0.0	4053	37.14467239379883	37.14467239379883	63	23.130278396606446	23.130278396606446	-0.3772921685407578	0.0	True	False	-0.42777027534295	0.743409858172086	0.0	0.0	False	False
28	297	39	258	0.0060500093594328	0.0104955963473034	-0.1893297920273108	0.0004495729057395474	0.0006952322695561023	0.13131313131313133	-0.61335464094293	0.653674969201815	1.9789928802845094	3.6888794541139363	0.0	0.0	226	44.279218673706055	44.279218673706055	47	36.0626708984375	36.0626708984375	-0.1855621671153767	0.0	True	False	-0.6137156293647408	0.6535114283498579	0.0	0.0	False	False
29	1455	343	1112	2.479827323487172e-07	1.2359774278967807e-06	0.1204146396975751	0.003953936068427302	0.002996504975761185	0.23573883161512027	0.4014617492718786	1.3208455234597147	5.907989460500751	5.840641657373398	2.3447942166393285	13.853019518948267	2391	28.395435333251953	28.395435333251953	10	25.570283126831054	25.570283126831054	-0.09949318167742816	0.0	True	False	0.4028414487937404	1.3221092982432072	0.0	0.0	False	False
30	3316	492	2824	5.0531134831999225e-11	4.1754674571704616e-10	-0.1276742827117092	0.0056715351185604446	0.00760982918304819	0.14837153196622438	-0.4229147897967449	0.7459160682436863	9.379294896777939	6.20050917404269	0.0	0.0	3392	30.53567886352539	30.53567886352539	52	25.254412841796874	25.254412841796874	-0.17295394169333317	0.0	True	False	-0.42573625587906516	0.744458712242021	0.0	0.0	False	False
31	1215	246	969	0.1948763393672279	0.2390280100051155	0.0358366369538987	0.0028357675592802223	0.0026111630589141983	0.20246913580246914	0.12123182946601929	1.087663155516204	0.6215512041652905	5.5093883366279774	0.6679132272881586	0.4151422706988804	1701	32.8144645690918	32.8144645690918	21	24.149314880371094	24.149314880371094	-0.26406494216829235	0.0	True	False	0.12155036011395914	1.0879033256763677	0.0	0.0	False	False
32	995	198	797	0.391189382663738	0.4566299857115752	0.0264321757670349	0.0022824470599084714	0.00214767487921013	0.19899497487437187	0.09053956968562638	1.0647683326352384	0.34043557291261994	5.293304824724492	0.47925354104540546	0.16315495381619444	1365	27.513811111450195	27.513811111450195	21	24.77054786682129	24.77054786682129	-0.09970495303310653	0.0	True	False	0.09072805014137941	1.064907448058042	0.0	0.0	False	False
33	955	220	735	0.0002335431336222	0.0005961995443689	0.1073606486393621	0.002536052288787191	0.0019806035586191284	0.23036649214659685	0.35893839549759043	1.2824818383525032	3.2246083602023283	5.3981627015177525	1.9376078587177203	6.248026500014893	1418	36.98617935180664	36.98617935180664	122	29.99933490753174	29.99933490753174	-0.18890419520808435	0.0	True	False	0.35973516365028857	1.2831903199636936	0.0	0.0	False	False
34	484	98	386	0.4132663354861361	0.4788399606739732	0.0358640779240141	0.0011296960195506577	0.0010401537056149437	0.2024793388429752	0.12461229672642915	1.09021471397376	0.3198096135370808	4.59511985013459	0.5726084382584762	0.18312568334751467	655	40.20749282836914	40.20749282836914	31	33.055335998535156	33.055335998535156	-0.17788119394471788	0.0	True	False	0.1247352403994757	1.0903076239157852	0.0	0.0	False	False
35	1725	304	1421	0.1213965073924685	0.1524740132849405	-0.0384951874176253	0.0035043631626877542	0.003829166879996982	0.17623188405797102	-0.1260148845762945	0.9163591903636242	0.8168041684394669	5.720311776607412	0.0	0.0	1985	30.03624153137207	30.03624153137207	143	22.881237030029297	22.881237030029297	-0.23821237733321454	0.0	True	False	-0.12649159511019015	0.9160564473014231	0.0	0.0	False	False
36	2449	453	1996	0.5281480236417462	0.5901725246388195	-0.0128370280378116	0.005221962212820897	0.005378618643542559	0.18497345855451205	-0.041413534909625405	0.9717024187364139	0.2290210128562217	6.118097198041348	0.0	0.0	3074	35.987640380859375	35.987640380859375	97	23.663679122924805	23.663679122924805	-0.342449827982867	0.0	True	False	-0.04164715129673002	0.9715450831780358	0.0	0.0	False	False
37	1362	292	1070	0.0080131076979026	0.0133835947720288	0.0672243806642577	0.0033660330378448167	0.0028833276295543776	0.2143906020558003	0.2251088152801568	1.1688654069152746	1.8734272213983263	5.680172609017068	1.2786569266026295	2.395470693126888	2014	28.587141036987305	28.587141036987305	30	24.346658134460448	24.346658134460448	-0.14833532660857318	0.0	True	False	0.22580100086291388	1.1694263472954742	0.0	0.0	False	False
38	549	56	493	3.3438143143271766e-08	1.842031043331111e-07	-0.3134335853641876	0.0006455405826003758	0.0013284864685703815	0.10200364298724955	-1.0298422308463095	0.48976370507405387	6.734703055011159	4.04305126783455	0.0	0.0	322	48.88385009765625	48.88385009765625	70	30.62745475769043	30.62745475769043	-0.3734647599052581	0.0	True	False	-1.0308348612654221	0.48942684445567	0.0	0.0	False	False
39	2702	432	2270	1.7449854055495706e-05	5.70755643065172e-05	-0.0893168034774289	0.0049798844943457566	0.006116966092606016	0.15988156920799407	-0.29535291770534666	0.8148729706050846	4.243549785943816	6.07073772800249	0.0	0.0	2945	39.60246658325195	39.60246658325195	79	33.883610534667966	33.883610534667966	-0.14440656206506378	0.0	True	False	-0.29700893378934623	0.8139381447991126	0.0	0.0	False	False
40	3550	566	2984	5.706551822193262e-07	2.596894597345919e-06	-0.0907570807117702	0.006524570888425227	0.008040980978121741	0.15943661971830986	-0.3004563114343872	0.8119955288709473	5.585545677140049	6.340359303727752	0.0	0.0	3941	34.626747131347656	34.626747131347656	21	31.4349365234375	31.4349365234375	-0.09217760466505398	0.0	True	False	-0.30266648907681315	0.810752521631925	0.0	0.0	False	False
41	4016	1119	2897	0.0	0.0	0.2181068982247941	0.012899284141603937	0.007806542189550497	0.27863545816733065	0.7249309481536637	1.652821525265473	300.0	7.02108396428914	5.08980105529861	254.49005276493048	7738	31.97844696044922	31.97844696044922	95	24.69475746154785	24.69475746154785	-0.22776870646375658	0.0	True	False	0.7323486346475061	1.6613414713543977	0.0	0.0	False	False
42	1250	246	1004	0.4600461130746986	0.527206129581954	0.0204267011956791	0.0028357675592802223	0.0027054775140865376	0.1968	0.07006706883952063	1.049765484592295	0.2780195490435159	5.5093883366279774	0.38602669184616456	0.10732296678583095	1709	31.00215721130371	31.00215721130371	13	29.440385818481445	29.440385818481445	-0.050376216796063064	0.0	True	False	0.07024917000114428	1.049897997406073	0.0	0.0	False	False
43	1909	311	1598	0.0011809852340829	0.0025226487313064	-0.0795910790500427	0.0035850557355128015	0.0043061285532970985	0.16291251964379255	-0.2625295945616184	0.833624974779289	2.598143219032989	5.7430031878094825	0.0	0.0	2123	31.853956604003898	31.853956604003898	54	28.110603713989256	28.110603713989256	-0.11751610440582187	0.0	True	False	-0.2635803966131718	0.8330180163621466	0.0	0.0	False	False
44	4557	721	3836	3.670904247243811e-09	2.4524764545416106e-08	-0.09471802687874	0.008311335000979839	0.010336864286888405	0.15821812596006143	-0.3138343738765652	0.804500724962921	7.61039515345331	6.582025138892826	0.0	0.0	5023	36.3015739440918	36.3015739440918	24	33.196123886108396	33.196123886108396	-0.08554587916122094	0.0	True	False	-0.3167905203777961	0.802853954815487	0.0	0.0	False	False
45	2638	453	2185	0.0103543501502683	0.0167591028205373	-0.052127932392881	0.005221962212820897	0.005887916701473192	0.1717210007581501	-0.171903841062246	0.8876705005752692	1.775749234543404	6.118097198041348	0.0	0.0	3034	38.029823303222656	38.029823303222656	137	27.97292594909668	27.97292594909668	-0.2644476487292475	0.0	True	False	-0.17287638080539125	0.8870723118366061	0.0	0.0	False	False
46	1214	288	926	1.1258150809378975e-06	4.978956836823941e-06	0.1240068079783031	0.0033199229962305042	0.002495291013988181	0.2372322899505766	0.4136654238131161	1.332065869152479	5.302861638659354	5.666426688112432	2.344004797443981	12.429933121199177	1872	26.393728256225586	26.393728256225586	144	20.564208984375	20.564208984375	-0.22086759457620603	0.0	True	False	0.4148521912581007	1.3331620833555822	0.0	0.0	False	False
47	1717	253	1464	1.3459829086848174e-06	5.7113328827977385e-06	-0.1311952486451675	0.002916460132105269	0.003945038924922999	0.1473500291205591	-0.43346545968112604	0.7404809575662424	5.2432625264139325	5.537334267018537	0.0	0.0	1739	36.73544692993164	36.73544692993164	32	35.0804328918457	35.0804328918457	-0.04505223636567356	0.0	True	False	-0.4349608819671813	0.7397138113627019	0.0	0.0	False	False
48	2371	412	1959	0.0313587441369194	0.0449618523241675	-0.0459119130608015	0.004749334286274194	0.0052789147909318	0.17376634331505694	-0.15113446727413127	0.9005420403642233	1.3471558051437642	6.023447592961033	0.0	0.0	2880	32.65142059326172	32.65142059326172	4	43.41319732666015	43.41319732666015	0.24789182543782834	0.24789182543782834	True	False	-0.1519087415418836	0.9000588617048438	0.0	0.0	False	False
49	1186	221	965	0.7600719703960142	0.7955419956811615	-0.0089097327571991	0.0025475797991907686	0.002600384264037359	0.18634064080944351	-0.02708447920073276	0.981401594708983	0.09933688954198805	5.402677381872279	0.0	0.0	1462	28.572891235351562	28.572891235351562	85	21.993224334716796	21.993224334716796	-0.2302765529199975	0.0	True	False	-0.02716724420849914	0.9813452949516132	0.0	0.0	False	False
50	921	183	738	0.4243230444762635	0.489843514579216	0.0256200348091403	0.0021095344038547996	0.001988687654776758	0.1986970684039088	0.08806722327332395	1.0629452017978889	0.30994263754079493	5.214935757608986	0.45926491172139133	0.14234577806886836	1268	34.32783508300781	34.32783508300781	13	26.99598503112793	26.99598503112793	-0.21358323454277864	0.0	True	False	0.08823554105567055	1.0630692217821773	0.0	0.0	False	False
51	2524	393	2131	2.304914318074225e-06	9.522935472043509e-06	-0.1029655924379063	0.0045303115886062085	0.005742402970635868	0.1557052297939778	-0.3405484332615494	0.7897410387106755	5.021229158464205	5.976350909297934	0.0	0.0	2712	36.7022819519043	36.7022819519043	39	32.22677307128906	32.22677307128906	-0.12194088875672826	0.0	True	False	-0.3423125380330134	0.7887759459784507	0.0	0.0	False	False
52	1468	324	1144	0.0005302709763486	0.0012243021071578	0.0833442926505352	0.003734913370759317	0.0030827353347758954	0.22070844686648503	0.2784580016383522	1.2128978075727745	2.912111403038131	5.783825182329737	1.6105524020971167	4.690108015337467	2234	32.632362365722656	32.632362365722656	34	24.858781242370604	24.858781242370604	-0.2382169282208479	0.0	True	False	0.2793957173367474	1.213686417076631	0.0	0.0	False	False
53	1136	261	875	7.741562126528656e-05	0.000216382438739	0.105857761217103	0.0030086802153338945	0.0023578613793084863	0.22975352112676056	0.35358884900828436	1.2777351719266956	3.6647779887975713	5.568344503761097	1.9689045239664924	7.2155979614763615	1757	25.793121337890625	25.793121337890625	70	20.623527908325194	20.623527908325194	-0.20042527470187146	0.0	True	False	0.3545239163355465	1.278563590719388	0.0	0.0	False	False
54	891	118	773	3.0254374945304363e-06	1.2025156623829836e-05	-0.1850721797091131	0.0013602462276222204	0.002083002109949097	0.1324354657687991	-0.6096291513558754	0.6553651436535325	4.919909258370176	4.77912349311153	0.0	0.0	776	36.998470306396484	36.998470306396484	50	30.91578483581543	30.91578483581543	-0.16440370156410086	0.0	True	False	-0.6106800447632583	0.6548879339102028	0.0	0.0	False	False
55	583	85	498	0.0035745222357292	0.0066896131005346	-0.1365851101412198	0.000979838384304142	0.00134195996216643	0.1457975986277873	-0.44671209831739844	0.7337130759649173	2.1745989992967227	4.454347296253507	0.0	0.0	593	44.6162307739258	44.6162307739258	2	92.06765747070312	92.06765747070312	0.5153973501701926	0.5153973501701926	True	False	-0.44724151357008424	0.7334438800365123	0.0	0.0	False	False
56	1373	297	1076	0.0040879534125823	0.0074197535927795	0.0721694848878683	0.0034236705898627075	0.002899495821869636	0.21631463947560087	0.24149833522297293	1.1822198383828053	2.1296105172375603	5.697093486505405	1.3758385926006977	2.930000336823769	2079	35.56949996948242	35.56949996948242	0					False	True	0.24225056360954333	1.1828364144291885			False	True
57	1442	224	1218	0.0003126704247535	0.0007610737470746	-0.1041739630611438	0.0025821623304015033	0.003282143039997413	0.1553398058252427	-0.34343381978729326	0.7881631370055775	3.1185732586094908	5.41610040220442	0.0	0.0	1568	39.262651062011706	39.262651062011706	0					False	True	-0.3444530349253494	0.7876065231061188			False	False
58	2243	383	1860	0.012761585061771	0.0202380692393742	-0.0550888633484254	0.004415036484570427	0.0050121396177300395	0.1707534551939367	-0.18150682642793825	0.8817815362425317	1.6938309225971961	5.950642552587727	0.0	0.0	2649	36.950557708740234	36.950557708740234	32	31.966479873657228	31.966479873657228	-0.1348850502980116	0.0	True	False	-0.1823787424631318	0.8812487783444789	0.0	0.0	False	False
59	1856	280	1576	3.913633191521271e-06	1.5361010276720986e-05	-0.1191728749100741	0.003227702913001879	0.004246845181474486	0.15086206896551724	-0.3937674128796411	0.7611393892189745	4.81358022029562	5.638354669333745	0.0	0.0	1782	32.35116195678711	32.35116195678711	178	25.690939903259277	25.690939903259277	-0.20587273070513473	0.0	True	False	-0.39524963021530457	0.7603578001623903	0.0	0.0	False	False
60	2321	536	1785	5.65645996708497e-09	3.6247518972748585e-08	0.1087518761450926	0.0061787455763178825	0.004810037213789312	0.23093494183541577	0.3622070233653565	1.2853907748068432	7.440721714150077	6.285998094508865	2.2768326586923586	16.941278203018282	3706	25.19378089904785	25.19378089904785	46	18.435646057128906	18.435646057128906	-0.2682461544378341	0.0	True	False	0.364186147962541	1.287155315580228	0.0	0.0	False	False
61	1807	402	1405	4.76448767621207e-05	0.0001424808695552	0.0877750357441102	0.004634059182238412	0.0037860517004896267	0.22246817930271168	0.2928623158165369	1.2250684114273365	3.8462434430544095	5.998936561946683	1.7568624539681994	6.757320693923666	2804	37.40724601745609	37.40724601745609	10	54.959273147583005	54.959273147583005	0.3193642514702511	0.3193642514702511	True	False	0.2940845016757523	1.2261066735906132	0.5634205822964877	0.5610790625477424	True	True
62	2682	612	2070	5.2123416693916624e-09	3.4097401753937134e-08	0.1020063835891109	0.0070548363669898214	0.0055780263487640765	0.22818791946308725	0.3396876277149552	1.2654825620599783	7.467278713292523	6.418364935936212	2.180239158897022	16.280453461118526	4101	34.6406364440918	34.6406364440918	183	24.103496551513672	24.103496551513672	-0.3041843619006402	0.0	True	False	0.341825338167026	1.2673590781994624	0.0	0.0	False	False
63	1567	256	1311	0.003880964342805	0.0071264491440981	-0.0781374194769018	0.0029510426633160038	0.003532750020883915	0.1633694958519464	-0.2573019954630311	0.8366510904350235	2.1471268097345955	5.54907608489522	0.0	0.0	1771	36.991554260253906	36.991554260253906	21	21.25978660583496	21.25978660583496	-0.4252799853647178	0.0	True	False	-0.25815034056476094	0.8361592607737097	0.0	0.0	False	False
64	2741	639	2102	2.4065194281774893e-11	2.0990197234659206e-10	0.1140934533666174	0.007366079147886431	0.005664256707778786	0.23312659613279824	0.3797955449340309	1.301157445656664	9.677983480544723	6.461468176353717	2.454036827112159	23.75012787343986	4457	31.236465454101562	31.236465454101562	16	16.514625549316406	16.514625549316406	-0.47130300086023585	0.0	True	False	0.38226043520774766	1.303382414629832	0.0	0.0	False	False
65	904	125	779	2.276610647888866e-05	7.220765085223271e-05	-0.1634021377616235	0.0014409388004472674	0.0020991703022643555	0.13827433628318583	-0.5379765775521133	0.6887362048733918	4.141416783775671	4.836281906951478	0.0	0.0	847	38.91873550415039	38.91873550415039	28	31.149432945251466	31.149432945251466	-0.19962885377070863	0.0	True	False	-0.5389342681970195	0.6882791593279421	0.0	0.0	False	False
66	1056	208	848	0.4872582293798491	0.552343263629143	0.0208927896075912	0.002397722163944253	0.0022851045138898244	0.19696969696969696	0.07201780509690181	1.0511858822736333	0.257790938272735	5.342334251964811	0.38474318692050447	0.09918330715027912	1341	27.729475021362305	27.729475021362305	115	21.736974716186523	21.736974716186523	-0.21610579719086867	0.0	True	False	0.07217427229354989	1.051299894606751	0.0	0.0	False	False
67	3525	1005	2520	0.0	0.0	0.231990827875191	0.01158514795559603	0.006790640772408441	0.2851063829787234	0.7710882084908874	1.70655653440403	300.0	6.913737350659685	5.331101347696711	266.5550673848355	7018	26.054606056213384	26.054606056213384	17	26.66879997253418	26.66879997253418	0.023030429451394396	0.023030429451394396	True	False	0.7780629202767813	1.7148268604026993	0.1238881113186767	0.12277755348636267	True	True
68	1707	291	1416	0.0275807987490939	0.040280794452165	-0.0559449574666895	0.0033545055274412385	0.0038156933864009336	0.1704745166959578	-0.18387773198270096	0.8803336184394956	1.3949019725079697	5.676753802268282	0.0	0.0	1960	38.1504020690918	38.1504020690918	77	28.20696449279785	28.20696449279785	-0.26063781866010244	0.0	True	False	-0.1845518714187584	0.8799223541343434	0.0	0.0	False	False
69	2942	603	2339	0.0158510261188213	0.0247622995090045	0.0425123972315004	0.006951088773357618	0.006302900304231486	0.20496261046906866	0.14211052858961093	1.103518280186308	1.606209027757708	6.403574197934815	0.9100153141313104	1.4616748129554773	4136	27.275750160217285	27.275750160217285	85	22.510801315307617	22.510801315307617	-0.17469542787715978	0.0	True	False	0.1430454880321017	1.1042336629925165	0.0	0.0	False	False
70	906	162	744	0.3656177826400024	0.4283730736901521	-0.030832614101183	0.0018674566853796586	0.0020048558470920157	0.17880794701986755	-0.09894704947138244	0.9337142139413496	0.3681778354949471	5.093750200806762	0.0	0.0	1110	42.91497802734375	42.91497802734375	24	60.64365005493164	60.64365005493164	0.2923417705156117	0.2923417705156117	True	False	-0.0991520422569625	0.9335815517539091	0.0	0.0	False	False
71	3174	534	2640	0.0007839307411972	0.0017708939045749	-0.0628373629406582	0.006155690555510726	0.007114004618713605	0.16824196597353497	-0.20766420715604816	0.8659380925018378	2.751807456900208	6.282266746896006	0.0	0.0	3698	32.98283004760742	32.98283004760742	40	24.51667594909668	24.51667594909668	-0.25668367712202667	0.0	True	False	-0.20906240560037226	0.8650992688115868	0.0	0.0	False	False
72	634	79	555	8.278470773337432e-06	2.987861865319487e-05	-0.2154405849275522	0.000910673321882673	0.0014955577891613827	0.12460567823343849	-0.7078750649098371	0.6122212112852684	4.524639484673318	4.382026634673881	0.0	0.0	532	41.143802642822266	41.143802642822266	21	33.99283218383789	33.99283218383789	-0.1738043155870498	0.0	True	False	-0.708726267450265	0.611860102019686	0.0	0.0	False	False
73	3146	627	2519	0.1146547802521806	0.1457554696323268	0.0272646802330913	0.007227749023043494	0.006787946073689231	0.1993006993006993	0.0914349890632824	1.0654293941234558	0.8363751388909607	6.4425401664681985	0.5890735896607773	0.4926865053695294	4319	27.581785202026367	27.581785202026367	70	23.493448638916014	23.493448638916014	-0.14822595902204302	0.0	True	False	0.09206754972008468	1.065896642203469	0.0	0.0	False	False
74	3486	930	2556	0.0	0.0	0.1921474059678373	0.010720584675327669	0.00688764992629999	0.2667814113597246	0.638793110567109	1.5570260810565433	300.0	6.836259277277067	4.366955328375074	218.34776641875368	6433	31.466018676757812	31.466018676757812	77	18.262998580932617	18.262998580932617	-0.41959614374657217	0.0	True	False	0.6443655423920971	1.563051747909944	0.0	0.0	False	False
75	303	40	263	0.0061365319737463	0.0105872035151447	-0.1866704502526217	0.0004611004161431256	0.0007087057631521508	0.132013201320132	-0.6049240675576897	0.6575059852824534	1.9752187385067654	3.713572066704308	0.0	0.0	249	42.45503234863281	42.45503234863281	31	37.12392044067383	37.12392044067383	-0.12557078897457638	0.0	True	False	-0.6052878695880661	0.6573402039852296	0.0	0.0	False	False
76	1166	224	942	0.797858603999559	0.8268237678411272	0.0074224224427309	0.0025821623304015033	0.0025384061934955364	0.19210977701543738	0.027107907780020923	1.0189674084257787	0.08258704765446694	5.41610040220442	0.14681915023029166	0.012125360156657437	1538	30.231496810913086	30.231496810913086	30	25.444003105163574	25.444003105163574	-0.158361120380295	0.0	True	False	0.027164808494633874	1.0190075978736246	0.0	0.0	False	False
77	1465	335	1130	1.2664509419835213e-05	4.322452128074192e-05	0.1031916704543053	0.0038617159851986765	0.0030450095527069596	0.22866894197952217	0.3443087606435533	1.269542560090996	4.364269807916005	5.817111159963204	2.0028823340127135	8.741118899140027	2272	31.985912322998047	31.985912322998047	73	26.713649368286134	26.713649368286134	-0.16483078242295832	0.0	True	False	0.3454847042804925	1.2705777886428085	0.0	0.0	False	False
78	2103	344	1759	0.0008960978559617	0.0020098194769428	-0.0774820899849479	0.00396546357883088	0.00473997504708986	0.16357584403233477	-0.2557045448504738	0.8375780008139747	2.696842949389693	5.84354441703136	0.0	0.0	2362	29.48874282836914	29.48874282836914	46	25.148818016052246	25.148818016052246	-0.14717225612418255	0.0	True	False	-0.2568332090343306	0.8369229943333616	0.0	0.0	False	False
79	996	244	752	2.606637745650176e-07	1.2788816439596171e-06	0.1423972926482573	0.002812712538473066	0.0020264134368456936	0.24497991967871485	0.4750279645000681	1.3899451616032477	5.893169646102796	5.501258210544727	2.613251489944349	15.400334358172943	1675	34.581199645996094	34.581199645996094	33	31.269750595092773	31.269750595092773	-0.09575865166050504	0.0	True	False	0.47615871474658533	1.3910349947791047	0.0	0.0	False	False
80	1225	201	1024	0.0130054302376556	0.0205211311287632	-0.0758785923176189	0.002317029591119206	0.0027593714884707314	0.16408163265306122	-0.24918315928837842	0.8413726579076382	1.6877987045036313	5.308267697401205	0.0	0.0	1331	30.409027099609375	30.409027099609375	76	23.368146896362305	23.368146896362305	-0.23153914724675673	0.0	True	False	-0.24982933310888278	0.840995896891773	0.0	0.0	False	False
81	4038	765	3273	0.9969752143463187	0.9969752143463187	-5.926325398401962e-05	0.008818545458737276	0.008819748907973345	0.18945022288261515	0.000525385106169729	1.0003642355227047	0.0013156384851622537	6.641182169740591	0.0034891781993416715	4.590497120643037e-06	5241	29.56785011291504	29.56785011291504	114	25.8984375	25.8984375	-0.1241014344601356	0.0	True	False	0.0005172052589248466	1.0003585636355725	0.0	0.0	False	False
82	945	161	784	0.0996084513539501	0.127661443776083	-0.0562648797504775	0.0018559291749760804	0.002112643795860404	0.17037037037037037	-0.18335420107927192	0.8806531353678488	0.8939402482624701	5.087596335232384	0.0	0.0	1094	36.54396057128906	36.54396057128906	33	32.75953216552735	32.75953216552735	-0.10355824455258882	0.0	True	False	-0.1837316812052645	0.8804227432468847	0.0	0.0	False	False
83	4036	775	3261	0.644049830944355	0.6997634841402335	0.0071762106007481	0.008933820562773058	0.008787412523342827	0.19202180376610506	0.024548139047690043	1.0171610611118036	0.1550487241139985	6.654152520183219	0.1633470613099948	0.025326753443885783	5400	35.308475494384766	35.308475494384766	25	31.73963508605957	31.73963508605957	-0.10107602660139658	0.0	True	False	0.024754820261785326	1.0173067905532251	0.0	0.0	False	False
84	2335	284	2051	0.0	0.0	-0.2274220134200434	0.0032738129546161917	0.0055268270730990925	0.12162740899357602	-0.7532935153910536	0.5932476906832767	300.0	5.652489180268651	0.0	0.0	1970	33.0601833343506	33.0601833343506	18	31.149432945251466	31.149432945251466	-0.0577961219928808	0.0	True	False	-0.7565646831631447	0.591904084265967	0.0	0.0	False	False
85	570	83	487	0.003821349806655	0.0070582578781746	-0.1372255619342519	0.0009567833634969856	0.0013123182762551232	0.1456140350877193	-0.44866903496802024	0.7327185091323007	2.1513024784466785	4.430816798843313	0.0	0.0	570	44.50190734863281	44.50190734863281	11	47.42885208129883	47.42885208129883	0.061712324971493634	0.061712324971493634	True	False	-0.44918892294679047	0.7324545150752506	0.0	0.0	False	False
86	4073	940	3133	1.3100631690576847e-14	1.713999312850471e-13	0.1083927656182845	0.01083585977936345	0.008442491087283985	0.23078811686717407	0.3606099369298308	1.2839686140270066	12.765989356523269	6.846943139585379	2.469075733728021	31.520194537221798	6510	29.659921646118164	29.659921646118164	70	24.940143585205078	24.940143585205078	-0.15912982229778755	0.0	True	False	0.3640900007898136	1.2870695370773424	0.0	0.0	False	False
87	5036	839	4197	5.053066186810895e-06	1.9349546129983183e-05	-0.0679517014824079	0.00967158122860206	0.011309650524523106	0.16660047656870533	-0.2250430136924617	0.855569516651489	4.713329217495486	6.733401891837359	0.0	0.0	5818	34.79087829589844	34.79087829589844	55	33.41825180053711	33.41825180053711	-0.03945363160099216	0.0	True	False	-0.22743773378729149	0.854150540387962	0.0	0.0	False	False
88	1949	319	1630	0.0014480430399803	0.0029913520694331	-0.0771716144457139	0.0036772758187414265	0.004392358912311809	0.16367367880964598	-0.25454152360657023	0.8382534822758378	2.524132469344562	5.768320995793772	0.0	0.0	2208	33.58838653564453	33.58838653564453	25	30.51316566467285	30.51316566467285	-0.09155607601776902	0.0	True	False	-0.2555837434725863	0.8376481367816744	0.0	0.0	False	False
89	1316	341	975	6.3726801613484e-14	7.411191002457027e-13	0.1749750701947567	0.0039308810476201455	0.002627331251229456	0.2591185410334346	0.5826287868759641	1.497575550673928	12.130111993878803	5.834810737062605	3.3995287013856355	41.23666387421313	2331	27.967283248901367	27.967283248901367	56	20.69246006011963	20.69246006011963	-0.26011905139436503	0.0	True	False	0.5845091998290739	1.4995287676825335	0.0	0.0	False	False
90	1190	205	985	0.0955904787440107	0.1230139767443416	-0.0504570625402122	0.0023631396327335186	0.0026542782384215533	0.1722689075630252	-0.16483239616690248	0.8920321444539876	0.9100455415842279	5.327876168789581	0.0	0.0	1160	35.80352783203125	35.80352783203125	275	30.191495895385742	30.191495895385742	-0.1567452225091842	0.0	True	False	-0.1652598627889219	0.891767876905303	0.0	0.0	False	False
91	2453	703	1750	0.0	0.0	0.2351425832338668	0.008103839813715432	0.0047157227586169725	0.2865878516102731	0.7817403480029288	1.7192035274616464	300.0	6.556778356158042	5.1256981939210595	256.284909696053	4909	25.7981014251709	25.7981014251709	12	22.2419189453125	22.2419189453125	-0.13784667411178853	0.0	True	False	0.7866534754710202	1.725068290853736	0.0	0.0	False	False
92	2039	557	1482	0.0	0.0	0.2062322984308738	0.006420823294793023	0.0039935435018687735	0.2731731240804316	0.6858966865692011	1.6087015363683133	300.0	6.324358962381311	4.337856856971572	216.89284284857862	3849	25.212127685546875	25.212127685546875	50	17.442707061767578	17.442707061767578	-0.3081620369641869	0.0	True	False	0.68941042548001	1.6126243656046375	0.0	0.0	False	False
93	1561	289	1272	0.6278024638594848	0.6916841180767658	-0.0123639616547181	0.003331450506634082	0.003427656770834737	0.185137732222934	-0.039145321778919495	0.9732313362302798	0.160092196145533	5.66988092298052	0.0	0.0	2020	34.57837677001953	34.57837677001953	3	85.38547821044922	85.38547821044922	0.5950321120788906	0.5950321120788906	True	False	-0.03929098135255771	0.9731330803263	0.0	0.0	False	False
94	1468	263	1205	0.2648352963527047	0.3149934964195049	-0.0298059915198706	0.0030317352361410505	0.003247111956647687	0.17915531335149865	-0.0968717027704109	0.9350583477298521	0.501698412871604	5.575949103146316	0.0	0.0	1815	28.882556915283203	28.882556915283203	26	26.336612701416016	26.336612701416016	-0.0881481588120753	0.0	True	False	-0.09718979471947797	0.9348522045488998	0.0	0.0	False	False
95	2396	404	1992	0.0041719540079634	0.0074431452187529	-0.0616826620762502	0.004657114203045569	0.00536783984866572	0.1686143572621035	-0.20348303525295552	0.8684513663375844	2.1282435076656845	6.003887067106539	0.0	0.0	2737	31.7462158203125	31.7462158203125	91	25.503541946411133	25.503541946411133	-0.19664308682444773	0.0	True	False	-0.20451996106853176	0.8678273979502279	0.0	0.0	False	False
96	3757	769	2988	0.0073836332863346	0.0125322208211301	0.0417710535584569	0.008864655500351589	0.00805175977299858	0.20468458876763376	0.1394567700975049	1.1014902845295642	1.9019719613363442	6.646390514847729	0.926884154007357	1.762907672328951	5339	29.168439865112305	29.168439865112305	44	24.690149307250977	24.690149307250977	-0.15353205651625226	0.0	True	False	0.1406331047703242	1.102388776288679	0.0	0.0	False	False
97	2144	454	1690	0.0029564964607977	0.0057304931400648	0.0603944551440976	0.005233489723224475	0.004554040835464391	0.21175373134328357	0.20178726449563023	1.1501222872466774	2.2418080030250143	6.12029741895095	1.2349980740697784	2.7686285661701087	3035	35.060508728027344	35.060508728027344	143	21.915029525756836	21.915029525756836	-0.3749369213163191	0.0	True	False	0.2027659163599429	1.150902737126852	0.0	0.0	False	False
98	1403	230	1173	0.0075028752655728	0.0126661442655368	-0.0763448691964506	0.002651327392822972	0.0031608815976329765	0.16393442622950818	-0.25109410489893236	0.8402589415771969	1.897355569729689	5.442417710521793	0.0	0.0	1610	39.50931930541992	39.50931930541992	0					False	True	-0.2518377662800564	0.8398259276098824			False	False
99	1192	128	1064	1.7763568394002505e-14	2.1452924906603026e-13	-0.2885063514082086	0.0014755213316580019	0.0028671594372391197	0.10738255033557047	-0.9534506040635158	0.516395880177155	12.668513487432682	4.859812404361672	0.0	0.0	886	39.423927307128906	39.423927307128906	10	48.89216232299805	48.89216232299805	0.1936554769927908	0.1936554769927908	True	False	-0.9554690608925931	0.5156739022464195	0.0	0.0	False	False
100	2404	649	1755	0.0	0.0	0.1991928828989157	0.007481354251922212	0.004729196252213021	0.2699667221297837	0.6624045157620264	1.5827183169044203	300.0	6.476972362889683	4.2903757416439685	214.51878708219843	4502	25.77702522277832	25.77702522277832	41	22.96698570251465	22.96698570251465	-0.10901333633256219	0.0	True	False	0.6663930081204006	1.5870999733242466	0.0	0.0	False	False
101	534	146	388	6.2600920003319516e-09	3.9313377762084655e-08	0.2067464370920529	0.0016830165189224084	0.001045543103053363	0.27340823970037453	0.6898711472094377	1.6131394361575684	7.405459640473636	4.990432586778736	3.442755453712408	25.495186564487742	1016	24.563255310058594	24.563255310058594	6	27.4298152923584	27.4298152923584	0.10450526012467871	0.10450526012467871	True	False	0.6907856999030244	1.614162361089448	0.36026301766063185	0.3597860542358715	True	True
102	1960	372	1588	0.9674192156193612	0.976751233776461	0.0009177486916816	0.004288233870131068	0.004279181566105001	0.18979591836734694	0.0045323218309309965	1.0031465059889186	0.010216031526806802	5.921578419643816	0.026838499144921535	0.0002741829533966958	2513	39.16759490966797	39.16759490966797	91	32.400299072265625	32.400299072265625	-0.17277792657449928	0.0	True	False	0.004539038767763515	1.0031511764752024	0.0	0.0	False	False
103	1128	188	940	0.0320581728362623	0.0457557557753926	-0.067744697434203	0.0021671719558726903	0.002533016796057117	0.16666666666666666	-0.22197833905963016	0.8573889095630286	1.339554266750267	5.241747015059643	0.0	0.0	1279	44.91991424560547	44.91991424560547	37	31.178910064697266	31.178910064697266	-0.3059000537217742	0.0	True	False	-0.2225137695376418	0.8570707640346903	0.0	0.0	False	False
104	684	164	520	0.000116983906949	0.0003166633343275	0.1300658113146793	0.0018905117061868149	0.0014012433339890434	0.23976608187134502	0.4350745016307247	1.35198064831095	3.4994022196122674	5.10594547390058	2.2214666824109495	7.773805439223576	1108	26.72950153350832	26.72950153350832	40	21.34651165008545	21.34651165008545	-0.2013875895393975	0.0	True	False	0.43577514585530075	1.3526373965917344	0.0	0.0	False	False
105	3282	782	2500	2.220446049250313e-16	3.320095521259992e-15	0.1264920512881597	0.009014513135598106	0.0067367467980242466	0.23826934795856186	0.42083113330730804	1.33869855384881	14.478849421187727	6.663132695990803	2.804053683830788	40.59947105711272	5370	29.509035110473633	29.509035110473633	104	22.17572059631348	22.17572059631348	-0.24851082004905484	0.0	True	False	0.424136908725127	1.341769549949027	0.0	0.0	False	False
106	1560	259	1301	0.0095390070756793	0.0156002511550172	-0.0697522255790237	0.002985625194526738	0.003505803033691818	0.16602564102564102	-0.22948378685133086	0.8529400290859062	1.806868409699382	5.560681631015528	0.0	0.0	1777	36.061038970947266	36.061038970947266	36	32.36541175842285	32.36541175842285	-0.1024825495322476	0.0	True	False	-0.23024307812726263	0.8524912443389493	0.0	0.0	False	False
107	1307	201	1106	0.0003384318771741	0.0008174431494822	-0.1093337626464549	0.002317029591119206	0.0029803367834459267	0.15378729915837797	-0.3602666260781433	0.7790205946917084	3.0875424413890267	5.308267697401205	0.0	0.0	1389	38.20983123779297	38.20983123779297	18	40.41239929199219	40.41239929199219	0.054502283773971885	0.054502283773971885	True	False	-0.3612325025043148	0.7784992192198574	0.0	0.0	False	False
108	904	195	709	0.0228952449832393	0.0340715967997021	0.0706136830810337	0.002247864528697737	0.0019105413919196764	0.2157079646017699	0.23725100444170089	1.1787444714965893	1.46760751230683	5.278114659230517	1.2522380044609058	1.837793902542939	1351	25.887866973876953	25.887866973876953	14	27.644895553588867	27.644895553588867	0.06355707064640424	0.06355707064640424	True	False	0.23773228630741272	1.179137765269477	0.07975003085524934	0.07958857931563407	True	True
109	818	113	705	5.366269633144682e-05	0.0001574774453091	-0.1638853666047839	0.0013026086756043297	0.0018997625970428376	0.13814180929095354	-0.5390687041114486	0.68821502579691	3.8027816392028657	4.736198448394496	0.0	0.0	791	41.211463928222656	41.211463928222656	0					False	True	-0.5399379754396456	0.6878004784549866			False	False
110	1865	500	1365	0.0	0.0	0.195062659859762	0.00576375520178907	0.003678263751721239	0.2680965147453083	0.6488977412656078	1.5679697659614436	300.0	6.2166061010848646	4.033941657331965	201.69708286659827	3465	34.17261505126953	34.17261505126953	35	26.45908393859863	26.45908393859863	-0.22572258813375004	0.0	True	False	0.6519143296220768	1.571251726210529	0.0	0.0	False	False
111	3901	821	3080	0.0001566795368934	0.0004169269032588	0.0570177475193521	0.009464086041337652	0.008299672055165873	0.21045885670340939	0.19005302583029327	1.1408056450725497	3.3799400800239394	6.71174039505618	1.2755865706678349	4.311406175740505	5656	26.325895309448242	26.325895309448242	91	22.632164001464844	22.632164001464844	-0.14030790841357388	0.0	True	False	0.19174153995251686	1.142141612874495	0.0	0.0	False	False
112	2132	373	1759	0.0590624555600045	0.0789174938120911	-0.0423317007478885	0.004299761380534646	0.00473997504708986	0.174953095684803	-0.1391002847655276	0.9080852926096362	1.1028267151185518	5.924255797414532	0.0	0.0	2574	33.50253677368164	33.50253677368164	37	21.02008171081543	21.02008171081543	-0.372582385244092	0.0	True	False	-0.139744660579316	0.9076797893502071	0.0	0.0	False	False
113	452	75	377	0.1617571178032402	0.2023575099211849	-0.0700547799094864	0.0008645632802683604	0.0010159014171420564	0.16592920353982302	-0.2250430136924635	0.855569516651488	0.6938806733736824	4.330733340286331	0.0	0.0	518	40.67854690551758	40.67854690551758	7	53.85211944580078	53.85211944580078	0.24462495953463234	0.24462495953463234	True	False	-0.22526793067380702	0.8554361432716657	0.0	0.0	False	False
114	848	202	646	3.282358909584282e-05	0.0001020456136246	0.126344158352985	0.0023285571015227843	0.0017407753726094654	0.23820754716981132	0.42215661915663283	1.3399290574008234	3.9912056584596542	5.313205979041787	2.2430050729950883	8.952294539291707	1405	28.75876235961914	28.75876235961914	9	26.571832275390626	26.571832275390626	-0.07604395686023104	0.0	True	False	0.42299995033819293	1.3407125454290652	0.0	0.0	False	False
115	1823	488	1335	0.0	0.0	0.1941638632026489	0.005625425076946132	0.003597422790144948	0.26769061985737796	0.6459355725281748	1.5647536835801275	300.0	6.192362489474872	3.9998672099409456	199.9933604970473	3328	31.215502929687517	31.215502929687517	88	17.548559761047365	17.548559761047365	-0.43782549970201506	0.0	True	False	0.6488685054176457	1.5679379917749985	0.0	0.0	False	False
116	646	143	503	0.0189958979931108	0.0292387841658667	0.0849933593112757	0.0016484339877116739	0.0013554334557624784	0.22136222910216719	0.28594403986380357	1.2192078017824097	1.5340406905730475	4.969813299576001	1.4210884922496212	2.1800075720160197	993	37.21509170532228	37.21509170532228	8	42.14250602722168	42.14250602722168	0.11692266992182589	0.11692266992182589	True	False	0.28636100352355953	1.2195602247150896	0.1663997515535589	0.16615746070900766	True	True
117	2286	467	1819	0.0422142866659842	0.0589123822805291	0.0407094884032874	0.005383347358470991	0.004901656970242442	0.20428696412948383	0.13638130012823257	1.0991446799521047	1.2297934150441934	6.148468295917647	0.8385360999944673	1.0312261740500352	3249	32.23468780517578	32.23468780517578	20	16.849750518798828	16.849750518798828	-0.47727892943658856	0.0	True	False	0.13707341770424541	1.0996721094067115	0.0	0.0	False	False
118	729	84	645	5.2399663497126894e-08	2.74224905634964e-07	-0.2540551216689216	0.0009683108739005637	0.0017380806738902558	0.11522633744855967	-0.8365087678301055	0.5599970887455525	6.561893104292546	4.442651256490317	0.0	0.0	502	37.17536544799805	37.17536544799805	86	26.35855484008789	26.35855484008789	-0.29096716273148726	0.0	True	False	-0.8376271919561074	0.5595631290174534	0.0	0.0	False	False
119	2596	492	2104	0.99408765148154	0.9969752143463187	0.0001446741863028	0.0056715351185604446	0.005669646105217206	0.18952234206471494	0.0016032011975841698	1.0011118720619112	0.0013156384851622537	6.20050917404269	0.009940663733456872	1.3078319775792554e-05	3434	38.21224975585938	38.21224975585938	10	40.52620429992676	40.52620429992676	0.05709773673700698	0.05709773673700698	True	False	0.001599534159726801	1.0011093274420402	0.0005662911409478502	0.0005675894008440334	False	False
120	1880	305	1575	0.0009686082243309	0.0020975378099305	-0.0817554118777176	0.0035158906730913325	0.004244150482755275	0.1622340425531915	-0.26968038800390914	0.829503292088321	2.6782902018956016	5.723585101952381	0.0	0.0	2126	42.62632751464844	42.62632751464844	9	57.79918365478515	57.79918365478515	0.26250986918360336	0.26250986918360336	True	False	-0.2707415298735967	0.8288933939356007	0.0	0.0	False	False
121	1481	236	1245	0.0012318625120295	0.0025960055622636	-0.0910320415601895	0.002720492455244441	0.0033548999054160747	0.15935178933153274	-0.29992785170654024	0.8122930176157255	2.5856943813409288	5.4680601411351315	0.0	0.0	1603	37.993343353271484	37.993343353271484	49	28.940782165527345	28.940782165527345	-0.23826703282128112	0.0	True	False	-0.30085228460656843	0.8117726929176067	0.0	0.0	False	False
122	5675	1064	4611	0.67056251475257	0.7211393202613661	-0.0056281873600965	0.012265271069407141	0.01242525579427592	0.18748898678414097	-0.01817506686473891	0.9874810262121976	0.14198082380257884	6.970730078143525	0.0	0.0	7376	29.67363166809082	29.67363166809082	72	25.952333641052245	25.952333641052245	-0.12540756954398094	0.0	True	False	-0.018415211354420258	0.9873166682675076	0.0	0.0	False	False
123	1016	308	708	0.0	0.0	0.2697427657114395	0.0035504732043020668	0.0019078466932004668	0.3031496062992126	0.8973877174262999	1.8626901615171794	300.0	5.733341276897746	5.145030041701256	257.2515020850628	2137	27.851438522338874	27.851438522338874	19	24.029359817504883	24.029359817504883	-0.13723092621475932	0.0	True	False	0.8997576149556785	1.8657524944432013	0.0	0.0	False	False
124	647	154	493	0.0003032671372316	0.0007439521960212	0.1258991084611399	0.0017752366021510334	0.0013284864685703815	0.23802163833075735	0.4214418346428772	1.3392653528131206	3.1284549699261768	5.043425116919247	2.125510334158415	6.649563368527342	1076	33.9358024597168	33.9358024597168	2	42.13584213256836	42.13584213256836	0.19460960687702608	0.19460960687702608	True	False	0.422080976916547	1.3398588051468519	0.41427204803287093	0.41364473054362544	True	True
125	838	145	693	0.1813212285290748	0.2250389950914209	-0.0481399254744957	0.0016714890085188301	0.0018674262124123212	0.1730310262529833	-0.155991648220418	0.8975152463791757	0.6477422201746416	4.983606621708336	0.0	0.0	963	38.23054122924805	38.23054122924805	52	33.737510681152344	33.737510681152344	-0.11752463877383815	0.0	True	False	-0.1562812087160541	0.8973351259285871	0.0	0.0	False	False
126	2346	489	1857	0.0082476112832241	0.0137023806504358	0.0517222622844617	0.00563695258734971	0.005004055521572411	0.20843989769820973	0.1729036353726361	1.1273251100966448	1.863203972002187	6.194405391104672	1.0710352110938535	1.9955570594642684	3343	36.37724304199219	36.37724304199219	80	33.14596939086914	33.14596939086914	-0.08882678787375436	0.0	True	False	0.17381518801262885	1.1280376244285493	0.0	0.0	False	False
127	3630	1026	2604	0.0	0.0	0.2267316877798673	0.01182722567407117	0.007016995464822056	0.28264462809917357	0.7536122715528002	1.6860090398209893	300.0	6.934397209928558	5.2258468332236605	261.292341661183	7121	28.34225082397461	28.34225082397461	61	24.252376556396484	24.252376556396484	-0.1443030863349256	0.0	True	False	0.760611531811497	1.6942086163185468	0.0	0.0	False	False
128	4436	899	3537	0.011657323194715	0.0186755075670434	0.0363499388188051	0.010363231852816747	0.009531149369844704	0.2026600541027953	0.12135011983977595	1.0877523395448967	1.7287275860014193	6.802394763324311	0.8254714197268694	1.4270152147375954	6212	29.7381649017334	29.7381649017334	81	24.007770538330078	24.007770538330078	-0.1926949555340351	0.0	True	False	0.12255618229925958	1.0886620576327293	0.0	0.0	False	False
129	2934	735	2199	0.0	0.0	0.1552874166237655	0.008472720146629932	0.005925642483542127	0.2505112474437628	0.5165067265396059	1.4304873368883149	300.0	6.601230118728877	3.4095797597593065	170.47898798796533	5077	28.0064697265625	28.0064697265625	68	22.48050708770752	22.48050708770752	-0.19731021770351614	0.0	True	False	0.520201600259707	1.4341556409896588	0.0	0.0	False	False
130	2053	548	1505	0.0	0.0	0.1924693654549786	0.0063170757011608205	0.004055521572410597	0.2669264490988797	0.6402058988734156	1.5585515771615461	300.0	6.3080984415095305	4.038481832928601	201.92409164643004	3747	29.292503356933594	29.292503356933594	89	24.164616775512695	24.164616775512695	-0.17505798391270366	0.0	True	False	0.643479226485856	1.5620917860823078	0.0	0.0	False	False
131	1912	407	1505	0.0031955241234344	0.0061182596021855	0.063283216196104	0.004691696734256303	0.004055521572410597	0.21286610878661089	0.21151433758866212	1.1579029493041566	2.21337209953102	6.0112671744041615	1.271469194462565	2.814234440436622	2688	37.24971008300781	37.24971008300781	161	23.30640411376953	23.30640411376953	-0.37431985210534013	0.0	True	False	0.2124297733468996	1.1586379086009893	0.0	0.0	False	False
132	2368	377	1991	3.9632977293591054e-05	0.0001208228628173	-0.0915046029207152	0.004345871422148958	0.00536514514994651	0.15920608108108109	-0.3024218489568451	0.8108900138989126	3.91785087816601	5.934894195619588	0.0	0.0	2598	35.36628723144532	35.36628723144532	41	33.423683166503906	33.423683166503906	-0.054928131195354335	0.0	True	False	-0.30390592242058645	0.8100562953640124	0.0	0.0	False	False
133	1693	385	1308	5.637343916120585e-06	2.132681915255257e-05	0.1000782924210159	0.0044380915053775834	0.003524665924726286	0.22740696987595985	0.3337739220618987	1.2603058795152795	4.671073913772665	5.955837369464831	1.9879031979690984	9.285642771138715	2650	27.462297439575195	27.462297439575195	45	22.335060119628906	22.335060119628906	-0.18670096088019067	0.0	True	False	0.33509058262442704	1.2614566095354267	0.0	0.0	False	False
134	870	118	752	1.2825131406879464e-05	4.330205657806615e-05	-0.1731105263824461	0.0013602462276222204	0.0020264134368456936	0.135632183908046	-0.5699194415539051	0.6736544034764214	4.3634914768730635	4.77912349311153	0.0	0.0	798	41.70640182495117	41.70640182495117	28	37.049142074584964	37.049142074584964	-0.11166774275837833	0.0	True	False	-0.5708885267815305	0.6732020491652476	0.0	0.0	False	False
135	1363	138	1225	0.0	0.0	-0.3170316953965545	0.0015907964356937831	0.003301005931031881	0.1012472487160675	-1.0485275216227503	0.48346135477858526	300.0	4.9344739331306915	0.0	0.0	944	39.67150115966797	39.67150115966797	22	43.487434005737306	43.487434005737306	0.08774794221167201	0.08774794221167201	True	False	-1.051007260896757	0.48263108341020955	0.0	0.0	False	False
136	1770	304	1466	0.0362207816976336	0.0510280802053189	-0.0520350797952553	0.0035043631626877542	0.0039504283223614186	0.17175141242937852	-0.17097785665572296	0.8882404289818558	1.2921907705256974	5.720311776607412	0.0	0.0	2082	35.41328430175781	35.41328430175781	46	30.0773868560791	30.0773868560791	-0.150675023536686	0.0	True	False	-0.1716301933851092	0.8878388882125554	0.0	0.0	False	False
137	931	150	781	0.0158255879600319	0.0247622995090045	-0.0853344679193121	0.0017291265605367209	0.0021045596997027747	0.1611170784103115	-0.27959730504506375	0.8238209357392764	1.606209027757708	5.017279836814924	0.0	0.0	1018	40.118038177490234	40.118038177490234	32	35.42710647583008	35.42710647583008	-0.11692824262508883	0.0	True	False	-0.2801463626115641	0.8235074675121861	0.0	0.0	False	False
138	1478	221	1257	2.0769497759198785e-05	6.723321955039606e-05	-0.1237176970992596	0.0025475797991907686	0.0033872362900465914	0.14952638700947227	-0.4082947149429721	0.7535135106890839	4.172416091489698	5.402677381872279	0.0	0.0	1514	36.71006393432617	36.71006393432617	33	31.301023864746092	31.301023864746092	-0.14734488284348352	0.0	True	False	-0.4095160747281579	0.7528758695910434	0.0	0.0	False	False
139	1134	218	916	0.7909750676215337	0.8224045405071575	0.0077863268382401	0.0025129972679800343	0.002468344026796084	0.19223985890652556	0.028383480155612872	1.0198687364339896	0.08491450059617298	5.389071729816501	0.15296061050042098	0.012988573851528979	1515	28.928133010864258	28.928133010864258	11	28.996564865112305	28.996564865112305	0.0023599986607510805	0.0023599986607510805	True	False	0.02844167437415024	1.019909875870583	0.00036172696175903763	0.0003609868359286612	False	False
140	1422	237	1185	0.0160539707435316	0.0249551822448957	-0.0677446974345851	0.002732019965648019	0.003193217982263493	0.16666666666666666	-0.22261116306879813	0.8570129068103267	1.6028392541824088	5.472270673671475	0.0	0.0	1573	36.10341033935546	36.10341033935546	86	24.870595932006836	24.870595932006836	-0.3111289017232814	0.0	True	False	-0.22328489631866688	0.856612778388088	0.0	0.0	False	False
141	1580	338	1242	0.0050756205917581	0.0089036026023019	0.0660204113379962	0.003896298516409411	0.003346815809258446	0.2139240506329114	0.220866968320248	1.165433727913597	2.050434232262626	5.82600010738045	1.2867709811505592	2.638439268833273	2324	33.281497955322266	33.281497955322266	42	21.280205917358398	21.280205917358398	-0.36059951550482006	0.0	True	False	0.22165618818846688	1.1660714476358387	0.0	0.0	False	False
142	1173	279	894	1.2397916384632168e-06	5.332802390102056e-06	0.1254919913787184	0.003216175402598301	0.0024090606549734706	0.23785166240409208	0.4186518819861824	1.336677920089945	5.273044509037599	5.634789603169249	2.35901527196298	12.43919252656023	1903	25.52090072631836	25.52090072631836	50	22.36036911010742	22.36036911010742	-0.12384091181200549	0.0	True	False	0.419813193161378	1.3377543249425743	0.0	0.0	False	False
143	2799	641	2158	1.0808423045460811e-09	7.713283718806125e-09	0.1040318960723695	0.007389134168693587	0.00581515983605453	0.22901036084315826	0.34637715882312836	1.2713640142041462	8.112760693628308	6.464588303689961	2.2391857295933555	18.1659779727784	4385	26.6086616516113	26.6086616516113	102	19.080054092407227	19.080054092407227	-0.28293822732524293	0.0	True	False	0.34865659379166125	1.2733743366255734	0.0	0.0	False	False
144	2587	430	2157	0.0009158496773049	0.0020395517636436	-0.0691563826221822	0.0049568294735386	0.00581246513733532	0.16621569385388482	-0.22839033547457266	0.853586736775124	2.6904652678514234	6.066108090103747	0.0	0.0	2898	35.13370132446289	35.13370132446289	112	23.311964797973634	23.311964797973634	-0.33647854000107924	0.0	True	False	-0.229637841351245	0.8528489549291391	0.0	0.0	False	False
145	1827	362	1465	0.2901126890297703	0.3424638509599543	0.0240962527439083	0.004172958766095286	0.003947733623642208	0.19813902572523262	0.08154501340765563	1.0581506304543318	0.4653852640464936	5.8944028342648505	0.48065915815025057	0.22369168923211968	2502	29.916208267211914	29.916208267211914	32	22.96774082183838	22.96774082183838	-0.23226430914338286	0.0	True	False	0.08186487067221204	1.0583852570931453	0.0	0.0	False	False
146	576	160	416	1.9235857351418407e-10	1.4381093353203294e-09	0.21625195893082	0.0018444016645725024	0.0011209946671912347	0.2777777777777778	0.7211418829516543	1.6484862835841994	8.84220809453643	5.081404364984463	3.6644135118036507	32.4015068157989	1106	33.89569091796875	33.89569091796875	14	33.09257698059082	33.09257698059082	-0.023693688360610574	0.0	True	False	0.722180703721401	1.6496737129650536	0.0	0.0	False	False
147	534	129	405	0.0004158976687662	0.0009893323332773	0.1343599939868423	0.00148704884206158	0.001091352981279928	0.24157303370786518	0.45013526466418163	1.36616834039911	3.0046577971143944	4.867534450455582	2.1910489081178453	6.583352185635264	894	34.30509948730469	34.30509948730469	9	23.242795944213867	23.242795944213867	-0.3224681959364279	0.0	True	False	0.45070048827776077	1.3667036870036384	0.0	0.0	False	False
148	1681	345	1336	0.063835056392056	0.0849330835046846	0.0432379438346487	0.003976991089234458	0.0036001174888641574	0.20523497917906008	0.14518285934008013	1.1058708118334801	1.0709231085213786	5.846438775057725	0.848802698319596	0.9090024242057557	2347	34.06519317626953	34.06519317626953	68	21.20465717315674	21.20465717315674	-0.37752717081527337	0.0	True	False	0.14572224306052917	1.10628434360223	0.0	0.0	False	False
149	3355	642	2713	0.7558236833658625	0.7955419956811615	0.0053105412077412	0.007400661679097165	0.0073107176252159125	0.19135618479880775	0.0184985319337434	1.0129047622048672	0.09933688954198805	6.466144724237619	0.11961418466951601	0.011882101050170672	4491	33.76371383666992	33.76371383666992	3	58.51146926879883	58.51146926879883	0.4229556314581493	0.4229556314581493	True	False	0.018622836148763255	1.0129920389696332	0.050931451651862275	0.05059149300824682	False	False
150	1152	226	926	0.5163661743095549	0.5811432929505386	0.0187227593668869	0.0026052173512086593	0.002495291013988181	0.19618055555555555	0.06460515521386867	1.045798680634442	0.2357167700797736	5.424950017481403	0.3504797379068656	0.08261395179781195	1551	28.351898193359375	28.351898193359375	31	27.23750877380371	27.23750877380371	-0.03930563703197404	0.0	True	False	0.06475776251357779	1.0459093103583061	0.0	0.0	False	False
151	1282	240	1042	0.8182982279098141	0.8424447329956776	-0.0064311703505391	0.0027666024968587533	0.002807876065416506	0.187207488299532	-0.019053503367084446	0.9868799460656257	0.07445858059585164	5.484796933490655	0.0	0.0	1676	40.14716720581055	40.14716720581055	4	62.66555404663086	62.66555404663086	0.35934234019639993	0.35934234019639993	True	False	-0.019119604070031215	0.98683473071386	0.0	0.0	False	False
152	660	139	521	0.1186329441316642	0.1496013833628215	0.0574023838568291	0.0016023239460973614	0.001403938032708253	0.2106060606060606	0.1944829505043213	1.1443139748119138	0.8250643905353134	4.941642422609304	0.9610651986863796	0.7929406724188778	967	29.609899520874023	29.609899520874023	6	28.102808952331543	28.102808952331543	-0.050898199349850216	0.0	True	False	0.19476320962151128	1.1445362917724964	0.0	0.0	False	False
153	1898	502	1396	0.0	0.0	0.1870436057583987	0.005786810222596226	0.0037617994120167394	0.2644889357218124	0.6222650089812412	1.539289946714547	300.0	6.220590170099739	3.870855598065735	193.54277990328674	3478	27.384416580200195	27.384416580200195	36	22.431039810180664	22.431039810180664	-0.18088304914266387	0.0	True	False	0.6251940853991194	1.5424183125966793	0.0	0.0	False	False
154	1896	252	1644	1.3423484546137844e-11	1.2396982786727302e-10	-0.1832759655210606	0.0029049326217016913	0.004430084694380745	0.13291139240506328	-0.6064086340013448	0.6568297444648857	9.906684001815313	5.53338948872752	0.0	0.0	1705	36.80310821533203	36.80310821533203	59	30.64464340209961	30.64464340209961	-0.16733545376656062	0.0	True	False	-0.6086234502763768	0.6558221572264451	0.0	0.0	False	False
155	1646	395	1251	1.8816341817995408e-09	1.28441985453273e-08	0.1305650928337602	0.004553366609413365	0.003371068097731333	0.2399756986634265	0.4349763899793606	1.351888708891985	7.891292989739481	5.981414211254481	2.601773960582719	20.531360616033133	2687	30.423444747924805	30.423444747924805	78	26.86344051361084	26.86344051361084	-0.11701515932237733	0.0	True	False	0.43668246863866234	1.3534883489389193	0.0	0.0	False	False
156	4258	749	3509	0.0124062269652061	0.0197743922186533	-0.0394762436155159	0.008634105292280026	0.009455697805706834	0.17590418036636918	-0.1303800392960719	0.9135907575584706	1.7038968560043177	6.620073206530356	0.0	0.0	5185	33.06875991821289	33.06875991821289	58	27.66926670074463	27.66926670074463	-0.16328078920475173	0.0	True	False	-0.1315825910228705	0.912829555533112	0.0	0.0	False	False
157	1750	375	1375	0.0027539991982761	0.0054387153978534	0.0669538764622473	0.004322816401341802	0.003705210738913336	0.21428571428571427	0.22381375439296214	1.1678166248732613	2.2645036667549165	5.929589143389895	1.3271236081898405	3.005276276982909	2583	35.68216705322267	35.68216705322267	42	29.46270179748535	29.46270179748535	-0.17430178067549856	0.0	True	False	0.22470196163837652	1.168535822294426	0.0	0.0	False	False
158	1099	204	895	0.7179940990020004	0.7642377867343326	-0.0109675609884018	0.0023516121223299403	0.0024117553536926804	0.18562329390354868	-0.033707507849312535	0.9769065670308732	0.1167714929960743	5.3230099791384085	0.0	0.0	1410	28.8697566986084	28.8697566986084	18	23.91365795135498	23.91365795135498	-0.17167095653051745	0.0	True	False	-0.03380086974433638	0.9768433499997533	0.0	0.0	False	False
159	492	130	362	8.001773430521553e-07	3.589366938833953e-06	0.1864600886757798	0.0014985763524651581	0.000975480936353911	0.26422764227642276	0.6229538928624887	1.5400251299726806	5.444982141732268	4.875197323201151	3.0370231509609416	16.53653682100979	901	24.48773956298828	24.48773956298828	9	25.57630729675293	25.57630729675293	0.04256156767020268	0.04256156767020268	True	False	0.623703112657692	1.5408251028925364	0.12941592649677272	0.1292604663555963	True	True
160	3401	683	2718	0.0578673777183216	0.0779843631053776	0.0313965581855007	0.007873289605643869	0.007324191118811961	0.20082328726845045	0.1050874960028585	1.0755596185971905	1.1079924703588453	6.52795791762255	0.6860067515749882	0.7600903153604179	4706	34.3372917175293	34.3372917175293	75	26.365352630615234	26.365352630615234	-0.2321656335768718	0.0	True	False	0.10587932021088697	1.0761501022942275	0.0	0.0	False	False
161	1087	185	902	0.0746469819189916	0.0976631346773474	-0.0568095022370941	0.0021325894246619556	0.002430618244727148	0.1701931922723091	-0.18562266395882965	0.8792695032623334	1.0102693403506213	5.225746673713202	0.0	0.0	1266	37.415645599365234	37.415645599365234	29	31.783144760131837	31.783144760131837	-0.1505386516524241	0.0	True	False	-0.18605999645426863	0.8790030056047264	0.0	0.0	False	False
162	2993	695	2298	8.480993685111571e-12	8.321975053515729e-11	0.1118600871382511	0.008011619730486808	0.006192417656743888	0.23220848646842632	0.3723148349203358	1.2944281027433338	10.079773590410015	6.54534966033442	2.4369307782832856	24.56371050059719	4831	28.57041358947754	28.57041358947754	34	26.70798263549805	26.70798263549805	-0.0651873991304565	0.0	True	False	0.37495173587682107	1.296796170723509	0.0	0.0	False	False
163	1253	175	1078	1.1894629394770817e-06	5.187380041608384e-06	-0.1583554052623789	0.0020173143206261746	0.002904885219308055	0.13966480446927373	-0.5225981596609923	0.696117061531462	5.285051933242725	5.170483995038151	0.0	0.0	1193	31.43830680847168	31.43830680847168	32	27.974336624145508	27.974336624145508	-0.11018310258975957	0.0	True	False	-0.5238881957281869	0.6954948824053405	0.0	0.0	False	False
164	1813	350	1463	0.6644688299614594	0.7194593538203388	0.0100490251258765	0.004034628641252349	0.00394234422620379	0.19305019305019305	0.034948684796773044	1.0245203812311132	0.14299373669633833	5.860786223465865	0.2048267703851784	0.029288945272819552	2255	28.51473045349121	28.51473045349121	195	20.849370574951173	20.849370574951173	-0.2688210534215843	0.0	True	False	0.03507595871576008	1.0246107679532943	0.0	0.0	False	False
165	1270	191	1079	0.0001129395156549	0.0003083739818752	-0.1207627705333441	0.0022017544870834246	0.002907579918027265	0.15039370078740158	-0.3980618649026475	0.758877084014637	3.510922271362645	5.2574953720277815	0.0	0.0	1241	39.29413986206055	39.29413986206055	96	27.8233642578125	27.8233642578125	-0.2919207709983076	0.0	True	False	-0.39908914803567264	0.7583369115468593	0.0	0.0	False	False
166	1329	254	1075	0.8642938290845745	0.8811307218589494	0.0046505592695873	0.0029279876425088473	0.002896801123150426	0.1911211437170805	0.017615117847533668	1.012284714029771	0.05495965620707399	5.541263545158426	0.09761001037220787	0.005364612612425471	1772	36.72233963012695	36.72233963012695	6	57.02263641357422	57.02263641357422	0.3560041776429472	0.3560041776429472	True	False	0.017653851627875028	1.012311892427841	0.034825982103191926	0.034749571472277405	False	False
167	679	101	578	0.0033122675107495	0.0062653734841888	-0.1263811577343701	0.0011642785507613921	0.0015575358597032058	0.1487481590574374	-0.41395215072741287	0.750564442006276	2.2030530352384385	4.624972813284271	0.0	0.0	702	38.97491455078125	38.97491455078125	5	50.060430908203124	50.060430908203124	0.22144268749403337	0.22144268749403337	True	False	-0.4145266524320448	0.7502656160621605	0.0	0.0	False	False
168	2324	536	1788	7.150204206496369e-09	4.4022825898820784e-08	0.1080225821334061	0.0061787455763178825	0.004818121309946941	0.2306368330464716	0.35978503895619696	1.2832346818102427	7.356322082798729	6.285998094508865	2.261608069311452	16.637117382911633	3644	33.324398040771484	33.324398040771484	108	22.064048767089844	22.064048767089844	-0.3379010555540992	0.0	True	False	0.3617524442661564	1.2849858245448837	0.0	0.0	False	False
169	1734	231	1503	1.2476109034764704e-10	9.793745592290294e-10	-0.182121693793205	0.00266285490322655	0.004050132174972177	0.13321799307958476	-0.6023556881188652	0.6586775627030921	9.009051181643052	5.44673737166631	0.0	0.0	1609	45.5690803527832	45.5690803527832	8	53.02015228271485	53.02015228271485	0.14053282778595064	0.14053282778595064	True	False	-0.6043702326551035	0.657758443118998	0.0	0.0	False	False
170	9	9	0	0.0	0.0	10.585467816387547	0.00010374759363220326	0.0	1.0	6.344812594638487	81.2791040818915	300.0	2.302585092994046	14.609470898255454	730.4735449127727	64	0.0	0.0	0					False	True	6.344955906175198	81.28717842299744			False	True
171	1696	239	1457	3.475117726914334e-08	1.881356838363967e-07	-0.1538363439203657	0.002755074986455175	0.003926176033888531	0.1409198113207547	-0.5085132411567788	0.7029464810910171	6.725528823676332	5.480638923341991	0.0	0.0	1638	42.828853607177734	42.828853607177734	35	38.74939880371094	38.74939880371094	-0.09525015170574436	0.0	True	False	-0.5102148328843326	0.7021178771436373	0.0	0.0	False	False
172	1577	421	1156	0.0	0.0	0.1925495686517815	0.004853081879906396	0.0031150717194064117	0.26696258719086874	0.6407243515007917	1.5591117651042041	300.0	6.045005314036012	3.873182109654563	193.65910548272817	2884	32.935691833496094	32.935691833496094	63	24.774608612060547	24.774608612060547	-0.24778842547754235	0.0	True	False	0.643235394504976	1.561827796993606	0.0	0.0	False	False
173	1888	377	1511	0.2047458162643383	0.2491867686317916	0.0283021927675997	0.004345871422148958	0.0040716897647258546	0.1996822033898305	0.09545265177963369	1.068400570744085	0.6034750216547524	5.934894195619588	0.5665013890034457	0.3418694379963017	2556	30.07880210876465	30.07880210876465	83	23.78482437133789	23.78482437133789	-0.2092496142189372	0.0	True	False	0.0958434843114242	1.0686900444398477	0.0	0.0	False	False
174	2042	329	1713	0.0003461297310169	0.0008296544697659	-0.085336158114502	0.003792550922777208	0.004616018906006214	0.16111655239960823	-0.2817107403162229	0.8226149861005704	3.0811027427060496	5.799092654460526	0.0	0.0	2213	37.966243743896484	37.966243743896484	90	32.78504943847656	32.78504943847656	-0.13646844655926382	0.0	True	False	-0.2829101635399134	0.821931367276371	0.0	0.0	False	False
175	1608	252	1356	0.0002556475802766	0.0006421867216548	-0.0996338418481296	0.0029049326217016913	0.0036540114632483515	0.15671641791044777	-0.3286486734478089	0.7962819865628489	3.192338678482483	5.53338948872752	0.0	0.0	1640	36.52833557128906	36.52833557128906	124	23.516406440734862	23.516406440734862	-0.35621467354185876	0.0	True	False	-0.32973931019121316	0.7956802473267335	0.0	0.0	False	False
176	2675	505	2170	0.9196800330291512	0.9315468721650112	-0.0019430488292406	0.00582139275380696	0.005847496220685046	0.18878504672897195	-0.005359344154966195	0.9962920770958937	0.03079528804580478	6.226536669287466	0.0	0.0	3473	29.186044692993164	29.186044692993164	62	25.877180671691896	25.877180671691896	-0.11337144365079531	0.0	True	False	-0.005403633268896257	0.9962614925199618	0.0	0.0	False	False
177	768	90	678	5.1695969505161095e-08	2.74224905634964e-07	-0.2457618775235858	0.0010374759363220324	0.0018270057316241758	0.1171875	-0.809474037140749	0.570589839771258	6.561893104292546	4.51085950651685	0.0	0.0	572	36.10369110107422	36.10369110107422	58	29.65648078918457	29.65648078918457	-0.17857482476903366	0.0	True	False	-0.810621098237517	0.5701363542690443	0.0	0.0	False	False
178	1054	170	884	0.010701611698894	0.0172323388382191	-0.0847780367327681	0.001959676768608284	0.0023821136677813735	0.16129032258064516	-0.2782053224713845	0.8246161819620065	1.7636557744614807	5.14166355650266	0.0	0.0	1190	41.648712158203125	41.648712158203125	0					False	True	-0.2788224792154015	0.8242635027147951			False	False
179	1027	200	827	0.6306134154435932	0.6923517917807283	0.0147497930130485	0.002305502080715628	0.002228515840786421	0.19474196689386564	0.05172800595524052	1.0365056682092053	0.15967317952064444	5.303304908059076	0.27432938786653616	0.043803045596601926	1308	36.261070251464844	36.261070251464844	92	22.632001876831055	22.632001876831055	-0.3758595176622845	0.0	True	False	0.05183293960747548	1.0365810606364323	0.0	0.0	False	False
180	2525	446	2079	0.0688817024865826	0.0910581078409085	-0.0372943237185947	0.00514126963999585	0.005602278637236963	0.17663366336633662	-0.12261952333023363	0.9185183678405616	1.0406813784379998	6.102558594613569	0.0	0.0	3094	30.50044822692871	30.50044822692871	28	29.678684806823732	29.678684806823732	-0.02694266700577363	0.0	True	False	-0.12329461429930522	0.9180886592881707	0.0	0.0	False	False
181	1916	313	1603	0.001396558629038	0.0029041020497878	-0.078163877906612	0.0036081107563199575	0.004319602046893147	0.16336116910229645	-0.2578019244447072	0.8363612206742806	2.536988126649279	5.749392985908253	0.0	0.0	2134	35.239444732666016	35.239444732666016	57	32.109947204589844	32.109947204589844	-0.08880666400441924	0.0	True	False	-0.25883886757930075	0.8357602985092575	0.0	0.0	False	False
182	1404	308	1096	0.0011920446487603	0.0025290677007482	0.0799654692530753	0.0035504732043020668	0.0029533897962538296	0.21937321937321938	0.2673216636707245	1.203571344673891	2.597039544847834	5.733341276897746	1.5326463285323415	3.980343123464336	2126	35.787240982055664	35.787240982055664	30	32.614070892333984	32.614070892333984	-0.08866763691877677	0.0	True	False	0.26817948797673985	1.2042871991909503	0.0	0.0	False	False
183	1377	208	1169	7.669188704229057e-05	0.000216382438739	-0.1185258692973944	0.002397722163944253	0.0031501028027561377	0.15105301379811184	-0.3908874917128635	0.7626603002216136	3.6647779887975713	5.342334251964811	0.0	0.0	1401	35.849063873291016	35.849063873291016	55	31.674846649169922	31.674846649169922	-0.11643866737705952	0.0	True	False	-0.3919823522630601	0.7620817372617943	0.0	0.0	False	False
184	1884	321	1563	0.0200083039076732	0.0302048433990836	-0.056228638713272	0.0037003308395485825	0.0042118140981247595	0.17038216560509553	-0.18500349540219307	0.8796469446864521	1.5199234115845779	5.7745515455444085	0.0	0.0	2230	35.81127166748047	35.81127166748047	17	33.82588195800781	33.82588195800781	-0.055440357659109624	0.0	True	False	-0.18575073478257575	0.8791914522756139	0.0	0.0	False	False
185	3874	621	3253	3.804119950157059e-07	1.8098388853777525e-06	-0.0879671562047398	0.007158583960622024	0.00876585493358915	0.16029943211151265	-0.291281176146045	0.8171760482540344	5.742360084968261	6.432940092739179	0.0	0.0	4269	29.68575286865237	29.68575286865237	78	23.36636257171631	23.36636257171631	-0.21287620108194139	0.0	True	False	-0.29362500378272216	0.815849527566824	0.0	0.0	False	False
186	1074	291	783	1.3322676295501878e-15	1.9015092530852682e-14	0.2013565338288693	0.0033545055274412385	0.0021099490971411942	0.2709497206703911	0.6704476899228169	1.5915667779445377	13.72090155689237	5.676753802268282	3.805966472991337	52.221291304747	1966	28.840517044067383	28.840517044067383	71	29.144792556762695	29.144792556762695	0.010440133073608344	0.010440133073608344	True	False	0.6722417293614189	1.593547175447306	0.03984112210992061	0.03973479645172135	True	True
187	1052	213	839	0.2277354052309959	0.2739805258334586	0.0358429495115264	0.0024553597159621436	0.002260852225416937	0.20247148288973385	0.12159082587836068	1.087933840411512	0.562280305149087	5.365976015021851	0.6524534553099816	0.3668617279472726	1463	30.91767120361328	30.91767120361328	28	31.060930442810058	31.060930442810058	0.004612200508949599	0.004612200508949599	True	False	0.12186571658844336	1.088141154771739	0.003016049417094685	0.0030092461586466216	False	False
188	2145	313	1832	2.362607798289673e-08	1.3738126827091806e-07	-0.1361558248842649	0.0036081107563199575	0.004936688053592168	0.14592074592074591	-0.450390769024235	0.731844593370373	6.862072478638586	5.749392985908253	0.0	0.0	2160	40.048492431640625	40.048492431640625	31	37.10946273803711	37.10946273803711	-0.07338677476112715	0.0	True	False	-0.4523221173408487	0.7308655221815914	0.0	0.0	False	False
189	1095	210	885	0.8280562586553568	0.8497047882934052	0.0065013309376387	0.0024207771847514093	0.0023848083665005833	0.1917808219178082	0.024213007509382933	1.0169248066354517	0.07073193438487221	5.351858133476067	0.12958458117500812	0.009165768092961822	1404	32.19287109375	32.19287109375	66	28.709654808044434	28.709654808044434	-0.10819837334675646	0.0	True	False	0.02425863749545698	1.0169569707430905	0.0	0.0	False	False
190	864	199	665	0.0004724596327869	0.0010989061088526	0.1072567380080991	0.0022939745703120496	0.0017919746482744497	0.23032407407407407	0.35883516150535577	1.2823900719156438	2.959039412352802	5.298317366548036	1.901222567931896	5.625792510165082	1389	26.176124572753906	26.176124572753906	4	26.167199325561523	26.167199325561523	-0.0003409690066066387	0.0	True	False	0.3595544898033083	1.2830296315239729	0.0	0.0	False	False
191	1162	184	978	0.0031277326369849	0.0060252027485477	-0.094295724876181	0.002121061914258378	0.0026354153473870856	0.15834767641996558	-0.3100659533715078	0.806604884119569	2.2200283344636373	5.220355825078324	0.0	0.0	1245	34.930259704589844	34.930259704589844	43	32.07206344604492	32.07206344604492	-0.08182579467536436	0.0	True	False	-0.3108161615691305	0.8061855548272413	0.0	0.0	False	False
192	455	83	372	0.6709625379100015	0.7211393202613661	-0.0202395406017908	0.0009567833634969856	0.0010024279235460079	0.1824175824175824	-0.060507241680571866	0.9589269079248227	0.14198082380257884	4.430816798843313	0.0	0.0	569	30.840187072753906	30.840187072753906	12	29.32273998260498	29.32273998260498	-0.04920356308375094	0.0	True	False	-0.06057953494967272	0.9588788574206208	0.0	0.0	False	False
193	976	204	772	0.0794661999219001	0.10353687458704	0.0532381739916966	0.0023516121223299403	0.0020803074112298874	0.20901639344262296	0.17945099134491294	1.132452855373654	0.9849049489744911	5.3230099791384085	0.9552194176952518	0.940800331844585	1419	28.828458786010742	28.828458786010742	9	26.818528747558595	26.818528747558595	-0.06972034312939	0.0	True	False	0.17983688353117344	1.1327558044696504	0.0	0.0	False	False
194	1285	227	1058	0.1956727449670803	0.2390709802321526	-0.0372345036045738	0.0026167448616122376	0.0028509912449238613	0.17665369649805449	-0.12119773772663045	0.9194240200199041	0.6214731377693363	5.429345628954441	0.0	0.0	1548	35.02566146850586	35.02566146850586	41	29.307703018188477	29.307703018188477	-0.16325054861444427	0.0	True	False	-0.12154299801912316	0.9192040132854443	0.0	0.0	False	False
195	774	88	686	1.0684633622304318e-08	6.451874918083763e-08	-0.2606161366523132	0.0010144209155148762	0.0018485633213778533	0.11369509043927649	-0.8586252788692015	0.5514778020659638	7.190314060829353	4.48863636973214	0.0	0.0	570	41.51997375488281	41.51997375488281	46	35.70578384399414	35.70578384399414	-0.14003356421208996	0.0	True	False	-0.8598367935455453	0.5510148885745731	0.0	0.0	False	False
196	1634	276	1358	0.0197719133975193	0.0299921778107298	-0.0607653809780437	0.0031815928713875663	0.0036594008606867707	0.1689106487148103	-0.19977809879236652	0.8706844731473568	1.522991997833576	5.6240175061873385	0.0	0.0	1839	30.185720443725586	30.185720443725586	93	21.845755767822265	21.845755767822265	-0.2762884089995894	0.0	True	False	-0.20047618687541835	0.8702632701853036	0.0	0.0	False	False
197	1803	480	1323	0.0	0.0	0.1909067000886304	0.005533204993717507	0.0035650864055144314	0.26622296173044924	0.6351352224732514	1.5530833122442014	300.0	6.175867270105761	3.922510832563894	196.1255416281947	3337	33.354042053222656	33.354042053222656	23	34.037173461914065	34.037173461914065	0.02007015680828491	0.02007015680828491	True	False	0.6379811833640199	1.5561500565829702	0.07907816612157553	0.07872540749175355	True	True
198	879	142	737	0.0209187613166761	0.0312785288258871	-0.0839538365735581	0.0016369064773080959	0.001985992956057548	0.161547212741752	-0.2747960488895611	0.8265671601548285	1.504753682013234	4.962844630259907	0.0	0.0	953	37.490413665771484	37.490413665771484	41	32.90427780151367	32.90427780151367	-0.12232822782760933	0.0	True	False	-0.27530696944372046	0.8262744888908023	0.0	0.0	False	False
199	921	179	742	0.6732436705724227	0.7211393202613661	0.0136744326026747	0.002063424362240487	0.0019994664496535966	0.19435396308360478	0.04847789932982316	1.034173254134291	0.14198082380257884	5.19295685089021	0.25174363944157113	0.03574276931497365	1251	35.9380989074707	35.9380989074707	2	52.72002029418945	52.72002029418945	0.3183216033125915	0.3183216033125915	True	False	0.04856397411654356	1.0342349573323175	0.08027772316566746	0.08013543893078787	False	False
200	1701	348	1353	0.0739654517647223	0.097176367590472	0.0415067542498526	0.004011573620445193	0.0036459273670907226	0.20458553791887124	0.13942075484836014	1.101462787414274	1.0124393387047623	5.855071922202427	0.8163185470849014	0.8264730099830699	2417	34.825401306152344	34.825401306152344	19	25.300820922851564	25.300820922851564	-0.27349520826966445	0.0	True	False	0.13994390049778982	1.1018622688958721	0.0	0.0	False	False
201	526	141	385	7.49583104475704e-08	3.858509750907722e-07	0.1949836900487989	0.0016253789669045176	0.001037459006895734	0.26806083650190116	0.6509562741117474	1.570208645994625	6.413580397899432	4.955827057601261	3.2260267165583008	20.690381712418183	977	35.471378326416016	35.471378326416016	10	42.2321117401123	42.2321117401123	0.16008513747312575	0.16008513747312575	True	False	0.6517992111248709	1.571126354655253	0.5171076780789526	0.5164389304122121	True	True
202	942	175	767	0.7480979002263031	0.790918318757775	-0.0105320083608033	0.0020173143206261746	0.002066833917633839	0.18577494692144372	-0.03181063875808121	0.978191857800236	0.10186836548394813	5.170483995038151	0.0	0.0	1201	27.84132957458496	27.84132957458496	24	20.423995971679688	20.423995971679688	-0.2664144894026975	0.0	True	False	-0.03188861090961481	0.9781389916985699	0.0	0.0	False	False
203	2282	507	1775	5.874362906777009e-06	2.195892800866644e-05	0.0870349088428026	0.005844447774614117	0.004783090226597215	0.22217353198948292	0.2901394482464674	1.2227584615618998	4.65838886510011	6.230481447578482	1.8077084495102724	8.421008912546037	3493	25.0835865020752	25.0835865020752	56	20.42031192779541	20.42031192779541	-0.1859094023055272	0.0	True	False	0.29167243260844256	1.224058435423478	0.0	0.0	False	False
204	2795	400	2395	1.2176037955669015e-11	1.158568460024264e-10	-0.1460202195217475	0.004611004161431256	0.006453803432507229	0.14311270125223613	-0.4835675845287781	0.7152068282590718	9.936078298574634	5.993961427306569	0.0	0.0	2693	35.398292541503906	35.398292541503906	107	21.703840255737305	21.703840255737305	-0.3868675945233823	0.0	True	False	-0.4862473703205259	0.7138795746718235	0.0	0.0	False	False
205	2563	527	2036	0.0189297301204096	0.0292387841658667	0.0442581484484039	0.00607499798268568	0.005486406592310947	0.2056184159188451	0.14803626578603346	1.108060201408447	1.5340406905730475	6.269096283706261	0.9280536036929747	1.4236719910979763	3647	33.11526870727539	33.11526870727539	42	23.874483489990233	23.874483489990233	-0.27904907850724964	0.0	True	False	0.14888394935584337	1.1087114550704815	0.0	0.0	False	False
206	1059	167	892	0.0039954702006679	0.00729405606401	-0.0964230763264584	0.0019250942373975493	0.0024036712575350515	0.15769593956562794	-0.3168059923764268	0.8028453447569993	2.1370309029091854	5.123963979403259	0.0	0.0	1111	40.285614013671875	40.285614013671875	58	24.66333770751953	24.66333770751953	-0.3877879657202334	0.0	True	False	-0.3175043135618836	0.802456830045274	0.0	0.0	False	False
207	513	73	440	0.0032237139541699	0.0061348253430871	-0.1489045094608015	0.0008415082594612042	0.0011856674364522674	0.14230019493177387	-0.48644078288914905	0.7137838759805268	2.2121977970141145	4.30406509320417	0.0	0.0	495	44.21550369262695	44.21550369262695	16	45.90407752990723	45.90407752990723	0.036784833246679256	0.036784833246679256	True	False	-0.4869441796059206	0.7135348602364007	0.0	0.0	False	False
208	1118	209	909	0.8105519170868489	0.8372148090962848	-0.0071922902093455	0.002409249674347831	0.0024494811357616162	0.18694096601073346	-0.021238312757233757	0.9853865516134523	0.07716309823598354	5.3471075307174685	0.0	0.0	1417	31.257966995239258	31.257966995239258	46	27.413073539733887	27.413073539733887	-0.12300523114926083	0.0	True	False	-0.02130288264820024	0.985342450208393	0.0	0.0	False	False
209	2239	392	1847	0.0550821339539402	0.0748735500499447	-0.0419555215189437	0.004518784078202631	0.0049771085343803135	0.17507815989280928	-0.13792472405962375	0.9088255352793215	1.1256715747716504	5.973809611869261	0.0	0.0	2694	33.208518981933594	33.208518981933594	50	27.603179931640625	27.603179931640625	-0.16879220218590407	0.0	True	False	-0.13859550044377755	0.9084030780094565	0.0	0.0	False	False
210	2384	401	1983	0.0035791560537892	0.0066896131005346	-0.0629530346842886	0.0046225316718348335	0.0053435875601928326	0.16820469798657717	-0.207691423433066	0.8659217568328024	2.1745989992967227	5.996452088619021	0.0	0.0	2709	35.513641357421875	35.513641357421875	98	32.5474853515625	32.5474853515625	-0.08352159599763172	0.0	True	False	-0.2087432965671212	0.865290640873362	0.0	0.0	False	False
211	1970	309	1661	5.521321659829326e-05	0.0001605273149246	-0.0991858461254481	0.003562000714705645	0.00447589457260731	0.15685279187817258	-0.32758989728286547	0.7968665826170207	3.7944510585132853	5.736572297479192	0.0	0.0	2122	29.787364959716797	29.787364959716797	41	26.71047019958496	26.71047019958496	-0.10329529867085932	0.0	True	False	-0.3289200802463741	0.7961322002175367	0.0	0.0	False	False
212	430	61	369	0.0065095082673221	0.0111086173692344	-0.150471224242383	0.0007031781346182665	0.000994343827388379	0.14186046511627906	-0.4900309676120109	0.7120098142634175	1.954339992029344	4.127134385045092	0.0	0.0	415	45.735801696777344	45.735801696777344	12	51.988616943359375	51.988616943359375	0.12027277535377325	0.12027277535377325	True	False	-0.49045776317288947	0.7117992100298641	0.0	0.0	False	False
213	1903	281	1622	4.366401704647416e-07	2.0463434854616248e-06	-0.1301192230688118	0.003239230423405457	0.004370801322558132	0.14766158696794535	-0.43012656961137097	0.742196668528179	5.6890214667527745	5.641907070938114	0.0	0.0	1951	40.011863708496094	40.011863708496094	16	39.50440216064453	39.50440216064453	-0.01268277707703499	0.0	True	False	-0.43177170696476175	0.7413508074713887	0.0	0.0	False	False
214	216	54	162	0.0087469982891308	0.0144555655936162	0.1541040521856669	0.0006224855617932196	0.0004365411925119712	0.25	0.5207734980560108	1.4347242663848052	1.8399649113000638	4.007333185232471	2.08691292074945	3.839846547117719	378	33.09532928466797	33.09532928466797	0					False	True	0.5210355253646792	1.434984869678712			False	True
215	3203	679	2524	0.0002370400219366	0.0006002465071622	0.0610057306088402	0.007827179564029556	0.00680141956728528	0.21198876053699656	0.2034328599111861	1.1514349110015578	3.221670358425614	6.522092798170152	1.3268079905379042	4.274537974438219	4726	27.031917572021484	27.031917572021484	27	23.880711364746094	23.880711364746094	-0.11657353566869945	0.0	True	False	0.20491719899789818	1.152620192245711	0.0	0.0	False	False
216	1295	324	971	1.1340905992085482e-10	9.13088328593549e-10	0.154551087199468	0.003734913370759317	0.0026165524563526174	0.2501930501930502	0.5148895636086941	1.4288847563222238	9.03948720848401	5.783825182329737	2.978031224118734	26.919875156887272	2253	34.19578170776367	34.19578170776367	15	35.067037963867186	35.067037963867186	0.024845447653755362	0.024845447653755362	True	False	0.516501760167694	1.430482412549005	0.07422219431795786	0.073990518890091	True	True
217	335	84	251	0.0009417580787107	0.0020679163406656	0.1558308714842511	0.0009683108739005637	0.0006763693785216344	0.2507462686567164	0.5233499276715587	1.437288750637194	2.684467034979554	4.442651256490317	2.3250612137541666	6.2415501826326105	577	20.93071174621582	20.93071174621582	11	19.187652587890625	19.187652587890625	-0.08327758651782745	0.0	True	False	0.5237650786144137	1.4377024053760872	0.0	0.0	False	False
218	609	109	500	0.4657081905206723	0.5317540793581496	-0.0303181994923116	0.0012564986339900172	0.0013473493596048494	0.17898193760262726	-0.09555411803991909	0.9359127080253553	0.27428916971683953	4.700480365792417	0.0	0.0	599	35.82433319091797	35.82433319091797	164	29.496458053588867	29.496458053588867	-0.17663622944790267	0.0	True	False	-0.09569173813973109	0.935823434649042	0.0	0.0	False	False
219	916	141	775	0.0028149039198814	0.0055242489427674	-0.1088572829484429	0.0016253789669045176	0.0020883915073875163	0.1539301310043668	-0.35743964700930775	0.7805485919160909	2.2577267587620993	4.955827057601261	0.0	0.0	959	40.23707962036133	40.23707962036133	28	32.75923175811768	32.75923175811768	-0.18584469680199167	0.0	True	False	-0.35811525657172005	0.7801831490333643	0.0	0.0	False	False
220	1891	204	1687	0.0	0.0	-0.2862596082613873	0.0023516121223299403	0.004545956739306762	0.10787942887361185	-0.9478296726889068	0.5184117515710501	300.0	5.3230099791384085	0.0	0.0	1418	39.237457275390625	39.237457275390625	10	44.52018737792969	44.52018737792969	0.11865920638864849	0.11865920638864849	True	False	-0.9510127821400749	0.5172692077834458	0.0	0.0	False	False
221	925	141	784	0.0017739928759485	0.0036171023574536	-0.1138716431265647	0.0016253789669045176	0.002112643795860404	0.15243243243243243	-0.37408631294131567	0.7715939235575883	2.441639201316262	4.955827057601261	0.0	0.0	875	37.757266998291016	37.757266998291016	112	30.808374977111818	30.808374977111818	-0.18404118130408437	0.0	True	False	-0.37479698476169077	0.7712139298609193	0.0	0.0	False	False
222	1668	263	1405	0.0002973885871413	0.0007352757193888	-0.0964952688500309	0.0030317352361410505	0.0037860517004896267	0.15767386091127097	-0.31832350554822675	0.8020013078536731	3.133549775262544	5.575949103146316	0.0	0.0	1826	39.26095962524414	39.26095962524414	15	40.03264541625977	40.03264541625977	0.019276412612547405	0.019276412612547405	True	False	-0.3194218660389083	0.8013909561927481	0.0	0.0	False	False
223	1801	453	1348	7.105427357601002e-15	9.700453001246585e-14	0.1576336167141351	0.005221962212820897	0.003632453873494674	0.2515269294836202	0.5247040154878189	1.4386383974840566	13.013207984151494	6.118097198041348	3.210190166957069	41.774872311290345	3125	26.920396041870106	26.920396041870106	46	22.48117733001709	22.48117733001709	-0.16490168662261004	0.0	True	False	0.5270009812208647	1.44093072885849	0.0	0.0	False	False
224	639	175	464	1.6319856577240444e-10	1.249862186647195e-09	0.2077453750329269	0.0020173143206261746	0.0012503402057133003	0.27386541471048514	0.6926775151168076	1.616280410897053	8.903137870894533	5.170483995038151	3.581478005634251	31.886392465738123	1178	22.819326400756836	22.819326400756836	47	16.892322540283203	16.892322540283203	-0.2597361445461885	0.0	True	False	0.6937794498485808	1.6175154022319207	0.0	0.0	False	False
225	552	135	417	0.0001432697299896	0.0003845016685193	0.1414230204233917	0.0015562139044830489	0.0011236893659104443	0.24456521739130435	0.47340173518735895	1.3883792755242739	3.4151017712665745	4.912654885736052	2.3256593472841036	7.942363356272608	923	29.494272232055664	29.494272232055664	22	28.748878479003906	28.748878479003906	-0.025272491797293146	0.0	True	False	0.4740201911790347	1.388974574965546	0.0	0.0	False	False
226	606	95	511	0.0251652087262563	0.0370980072302558	-0.0994719879421756	0.0010951134883399232	0.001376991045516156	0.15676567656765678	-0.3242765205146796	0.7986988156423966	1.4306494184751852	4.564348191467836	0.0	0.0	629	39.48860168457031	39.48860168457031	36	35.619882583618164	35.619882583618164	-0.09797052658017524	0.0	True	False	-0.3246900650905218	0.7984699036279665	0.0	0.0	False	False
227	695	113	582	0.0479639101236575	0.0657671082044911	-0.0806192342634038	0.0013026086756043297	0.0015683146545800446	0.16258992805755396	-0.2626806710558274	0.8335376836046693	1.1819912537533759	4.736198448394496	0.0	0.0	783	41.51662063598633	41.51662063598633	8	44.65180931091309	44.65180931091309	0.07021414637638225	0.07021414637638225	True	False	-0.26307093410325777	0.8333122340446211	0.0	0.0	False	False
228	1113	143	970	2.5619854904235243e-08	1.4626608072599754e-07	-0.200210389898626	0.0016484339877116739	0.0026138577576334076	0.12848158131176998	-0.6607923948430763	0.6325307863961287	6.834856375593486	4.969813299576001	0.0	0.0	907	33.77720260620117	33.77720260620117	94	2.4980461597442627	2.4980461597442627	-0.926043426719842	0.0	True	False	-0.6621945618020959	0.6319163232667823	0.0	0.0	False	False
229	600	125	475	0.1848654397642422	0.2285344412833545	0.0514417102857175	0.0014409388004472674	0.001279981891624607	0.20833333333333334	0.17512710428510836	1.1290638731836151	0.6410483403111688	4.836281906951478	0.8469640458708743	0.5429448959087565	861	28.961029052734375	28.961029052734375	14	24.456593322753907	24.456593322753907	-0.15553438110843573	0.0	True	False	0.1753532513529592	1.129240871433692	0.0	0.0	False	False
230	242	35	207	0.0541959639198805	0.0739892724819239	-0.140676994196364	0.00040346286412523485	0.0005578026348764077	0.1446280991735537	-0.450335325534704	0.7318727190633221	1.1308312429667247	3.58351893845611	0.0	0.0	236	67.13324737548828	67.13324737548828	9	65.88808975219726	65.88808975219726	-0.01854755537634924	0.0	True	False	-0.45056447160423296	0.7317564835219188	0.0	0.0	False	False
231	1020	188	832	0.6412773805685352	0.6997634841402335	-0.0147401701252883	0.0021671719558726903	0.0022419893343824694	0.1843137254901961	-0.04600066749505949	0.968617741073908	0.1550487241139985	5.241747015059643	0.0	0.0	1291	36.24280548095703	36.24280548095703	25	36.81849670410156	36.81849670410156	0.015635924186997007	0.015635924186997007	True	False	-0.046115229837464966	0.968540827583243	0.0	0.0	False	False
232	1338	279	1059	0.045343746696921	0.0624470897492685	0.0519335500672267	0.003216175402598301	0.002853685943643071	0.2085201793721973	0.17442168166592076	1.1285119391415344	1.2044877964457206	5.634789603169249	0.9828294784184267	1.1838061127421078	1858	27.61442756652832	27.61442756652832	95	24.093060302734376	24.093060302734376	-0.12751911135258234	0.0	True	False	0.17493984262972972	1.1289173303296487	0.0	0.0	False	False
233	2709	513	2196	0.987911266714472	0.9942440312446932	-0.0002896637656215	0.005913612837035585	0.0059175583873844985	0.1893687707641196	0.00011476342033400755	1.0000795511052574	0.0025070075386372606	6.2422232654551655	0.0007163788924321523	1.795967283848017e-06	3588	35.215850830078125	35.215850830078125	3	78.10884857177734	78.10884857177734	0.549143900159828	0.549143900159828	True	False	0.00010262792217474725	1.0000711387851455	0.00035179608175485807	0.00039339509898237	False	False
234	1414	247	1167	0.1176851332057447	0.1490045638169509	-0.0431485958843506	0.0028472950696838005	0.0031447134053177186	0.1746817538896747	-0.1410370384351527	0.9068670465577874	0.8268004295060869	5.5134287461649825	0.0	0.0	1644	34.966976165771484	34.966976165771484	85	27.856783294677733	27.856783294677733	-0.20334022700120652	0.0	True	False	-0.14147380091247364	0.9065925425655476	0.0	0.0	False	False
235	442	103	339	0.0075925409370003	0.0127489724824497	0.1138628334049931	0.0011873335715685484	0.0009135028658120879	0.2330316742081448	0.3831042744494937	1.3041449922449055	1.894524816264103	4.6443908991413725	1.7792860056753872	3.3709014929834527	716	37.540653228759766	37.540653228759766	5	41.84523239135742	41.84523239135742	0.10286904664166016	0.10286904664166016	True	False	0.38349336445007687	1.3044967631969178	0.18321934832662504	0.1830334551066746	True	True
236	938	153	785	0.0241852644931064	0.0358215709945066	-0.0789529190254008	0.0017637090917474554	0.0021153384945796134	0.1631130063965885	-0.25848753872911523	0.8359638498154275	1.4458553716057994	5.0369526024136295	0.0	0.0	1024	37.59300994873047	37.59300994873047	47	35.603440093994145	35.603440093994145	-0.052923930737382004	0.0	True	False	-0.25900220062615453	0.8356656842316996	0.0	0.0	False	False
237	802	188	614	0.0002032371613533	0.0005230858087292	0.1172147850240826	0.0021671719558726903	0.001654545013594755	0.2344139650872818	0.39203659409090363	1.3122445393718936	3.2814270621828534	5.241747015059643	2.054956646870143	6.7431903526522206	1304	29.957489013671875	29.957489013671875	12	27.461069107055664	27.461069107055664	-0.08333208118600678	0.0	True	False	0.3927711880205429	1.3129128804310275	0.0	0.0	False	False
238	2092	329	1763	4.054839508937924e-05	0.0001224249620967	-0.0978311074483063	0.003792550922777208	0.0047507538419666985	0.15726577437858508	-0.3232061242233	0.7992916238635256	3.9121300217691815	5.799092654460526	0.0	0.0	2302	38.871219635009766	38.871219635009766	1	72.78824615478516	72.78824615478516	0.46596845385792635	0.46596845385792635	True	False	-0.32460084325382077	0.7985192856195076	0.0	0.0	False	False
239	16	7	9	0.0007365630711331	0.0016759478575058	0.5220808374886868	8.069257282504698e-05	2.425228847288729e-05	0.4375	1.7558481633598344	3.377248092045353	2.775739497370284	2.0794415416798357	3.651183611772682	10.134734563348522	42	21.926502227783203	21.926502227783203	7	21.25978660583496	21.25978660583496	-0.03040683894868753	0.0	True	False	1.755923221623	3.377423802755584	0.0	0.0	False	False
240	964	137	827	5.007852239868882e-05	0.0001483458116338	-0.1495596354935273	0.0015792689252902051	0.002228515840786421	0.1421161825726141	-0.4924426120876575	0.7108205954053156	3.828724710958242	4.927253685157205	0.0	0.0	945	41.80285720825196	41.80285720825196	14	46.28169403076172	46.28169403076172	0.0967733985608402	0.0967733985608402	True	False	-0.49338744445321225	0.7103552257925557	0.0	0.0	False	False
241	843	154	689	0.5775292086606261	0.6407921255103767	-0.0194731941690052	0.0017752366021510334	0.0018566474175354824	0.1826809015421115	-0.06105863241470644	0.9585604809474614	0.19328283379710814	5.043425116919247	0.0	0.0	1055	33.41210861206055	33.41210861206055	23	30.829285430908204	30.829285430908204	-0.07730201081113573	0.0	True	False	-0.06118267974291669	0.9584780645313942	0.0	0.0	False	False
242	935	225	710	4.511710903987165e-06	1.7489842269777407e-05	0.1321494762935733	0.0025936898408050815	0.0019132360906388862	0.24064171122994651	0.4411778652075018	1.357712357529281	4.757214107140774	5.420534999272286	2.3914200592614945	11.376497242018207	1533	35.563497161865214	35.563497161865214	42	23.34700241088867	23.34700241088867	-0.34351218878654904	0.0	True	False	0.4421553802873497	1.3586326033138902	0.0	0.0	False	False
243	1178	191	987	0.0088274536941101	0.0145121490049769	-0.0820584785201077	0.0022017544870834246	0.002659667635859973	0.16213921901528014	-0.2695512748319704	0.8295775313354941	1.8382682710979943	5.2574953720277815	0.0	0.0	1299	36.564876556396484	36.564876556396484	38	34.70245018005371	34.70245018005371	-0.05093484654516004	0.0	True	False	-0.27021989825263226	0.8291931490249189	0.0	0.0	False	False
244	821	103	718	5.447656628021491e-07	2.5155355605863943e-06	-0.2120619126335488	0.0011873335715685484	0.0019347936803925637	0.12545676004872108	-0.6984723077631099	0.6162243909076489	5.599369538939591	4.6443908991413725	0.0	0.0	718	42.29645538330078	42.29645538330078	3	78.10767211914063	78.10767211914063	0.4584852648177202	0.4584852648177202	True	False	-0.6995587284424207	0.6157605181623262	0.0	0.0	False	False
245	478	68	410	0.0044330961051484	0.0078643625820147	-0.149049637108204	0.0007838707074433134	0.0011048264748759766	0.14225941422594143	-0.48632124762237794	0.7138430193742628	2.104336471811451	4.23410650459726	0.0	0.0	405	41.33862915039063	41.33862915039063	71	32.292999267578125	32.292999267578125	-0.21881784831094306	0.0	True	False	-0.4867911024835365	0.7136105738521952	0.0	0.0	False	False
246	1417	240	1177	0.0338580797963143	0.0481060500273426	-0.0593399142304203	0.0027666024968587533	0.0031716603925098156	0.16937191249117856	-0.19473317953520386	0.8737344745421782	1.3178003014170043	5.484796933490655	0.0	0.0	1601	29.4857120513916	29.4857120513916	79	22.28719711303711	22.28719711303711	-0.24413569954858025	0.0	True	False	-0.19532568320223298	0.8733757122436724	0.0	0.0	False	False
247	1601	313	1288	0.4915734752907417	0.5552304720909816	0.0168537814236733	0.0036081107563199575	0.003470771950342092	0.19550281074328546	0.057729892137320604	1.0408267111767247	0.2555267070023925	5.749392985908253	0.3319118369315511	0.08481233870623432	2184	38.58367919921875	38.58367919921875	7	39.19016876220703	39.19016876220703	0.015475553745845232	0.015475553745845232	True	False	0.05792233909557076	1.0409655605449044	0.0051536424471553014	0.005136519471316437	False	False
248	1047	185	862	0.2444464669814225	0.2929625596647583	-0.0371102305198875	0.0021325894246619556	0.0023228302959587602	0.1766953199617956	-0.1202201887371892	0.9200472193556596	0.533187878519496	5.225746673713202	0.0	0.0	1266	42.80913543701172	42.80913543701172	29	39.4921371459961	39.4921371459961	-0.077483421637799	0.0	True	False	-0.12050164583049039	0.9198677437557861	0.0	0.0	False	False
249	935	128	807	9.855942518566252e-06	3.4386288342553365e-05	-0.1684382581713796	0.0014755213316580019	0.0021746218664022267	0.13689839572192514	-0.5548088191925089	0.6807472624750235	4.463614699413281	4.859812404361672	0.0	0.0	838	38.50895309448242	38.50895309448242	58	32.367302322387694	32.367302322387694	-0.15948630847029457	0.0	True	False	-0.5558256317763277	0.6802676403153111	0.0	0.0	False	False
250	725	119	606	0.0567249763015687	0.0767743213736748	-0.0757003558708548	0.0013717737380257986	0.0016329874238410775	0.16413793103448276	-0.2466119459448599	0.8428735139311873	1.1147840136992324	4.787491742782046	0.0	0.0	652	37.616290664672846	37.616290664672846	181	30.494571685791016	30.494571685791016	-0.18932539208524773	0.0	True	False	-0.2469957444098121	0.8426493151045897	0.0	0.0	False	False
251	1477	240	1237	0.0037793244108057	0.0070219400295444	-0.0809331510160884	0.0027666024968587533	0.0033333423156623973	0.16249153689911983	-0.26643464488939195	0.8313715909280124	2.1535428839206765	5.484796933490655	0.0	0.0	1680	36.028743743896484	36.028743743896484	0					False	True	-0.26726116709597925	0.8308954332743629			False	False
252	1159	165	994	9.648927375760508e-06	3.404228310099775e-05	-0.1486771332812441	0.0019020392165903929	0.0026785305268944406	0.14236410698878343	-0.4902550728316264	0.7118992207431943	4.467981320946009	5.111987788356544	0.0	0.0	1108	40.71082305908203	40.71082305908203	47	32.748511505126956	32.748511505126956	-0.19558218074834013	0.0	True	False	-0.49138426673943414	0.7113422369539053	0.0	0.0	False	False
253	775	128	647	0.0585290094499351	0.0785389272105966	-0.0724690041181427	0.0014755213316580019	0.0017434700713286752	0.16516129032258065	-0.23622675218513756	0.8489628022371917	1.1049150351982733	4.859812404361672	0.0	0.0	894	41.36088180541992	41.36088180541992	2	81.26248321533203	81.26248321533203	0.4910211924508819	0.4910211924508819	True	False	-0.2366203240852336	0.8487312340108698	0.0	0.0	False	False
254	544	102	442	0.8963831332879069	0.9108877147326948	-0.0055967906839313	0.0011758060611649702	0.0011910568338906868	0.1875	-0.013168464270014724	0.9909138469692376	0.04053515527452401	4.634728988229636	0.0	0.0	711	39.92656707763672	39.92656707763672	3	90.34822845458984	90.34822845458984	0.5580813507848212	0.5580813507848212	True	False	-0.013196871528041498	0.9908943356606081	0.0	0.0	False	False
255	967	148	819	0.0016677125659079	0.0034226257888567	-0.1117968794630892	0.0017060715397295646	0.0022069582510327434	0.15305067218200621	-0.36739593710379204	0.775180434550007	2.465640581644677	5.003946305945459	0.0	0.0	1025	34.890621185302734	34.890621185302734	11	30.653207778930664	30.653207778930664	-0.1214484942491374	0.0	True	False	-0.36812636191056747	0.7747880663133109	0.0	0.0	False	False
256	1544	204	1340	6.269786911872184e-10	4.5784025356462035e-09	-0.1862493240371363	0.0023516121223299403	0.003610896283740996	0.13212435233160622	-0.6157133898459115	0.6526071098665779	8.339286026575282	5.3230099791384085	0.0	0.0	1340	39.68193817138672	39.68193817138672	88	25.429014205932617	25.429014205932617	-0.35917912839578475	0.0	True	False	-0.6175419695909685	0.6517804707215568	0.0	0.0	False	False
257	1158	210	948	0.4349882252746488	0.5003161272389733	-0.0233637357025693	0.0024207771847514093	0.0025545743858107943	0.18134715025906736	-0.07494245915017927	0.9493799855305134	0.3007554978001609	5.351858133476067	0.0	0.0	1462	39.0083122253418	39.0083122253418	8	81.8529052734375	81.8529052734375	0.5234339930265055	0.5234339930265055	True	False	-0.07514235580307727	0.9492484506398665	0.0	0.0	False	False
258	186	15	171	7.787011330417926e-05	0.000216382438739	-0.4256795444100916	0.00017291265605367208	0.0004607934809848585	0.08064516129032258	-1.370983374591038	0.3866276241428007	3.6647779887975713	2.772588722239781	0.0	0.0	94	70.42794685363775	70.42794685363775	11	81.95683288574219	81.95683288574219	0.14067022389917275	0.14067022389917275	True	False	-1.3714052025169838	0.386514595066238	0.0	0.0	False	False
259	509	70	439	0.0012723815261195	0.0026635186613435	-0.1661411733226819	0.0008069257282504697	0.0011829727377330578	0.137524557956778	-0.5432829215497108	0.6862076328092143	2.5745442560820364	4.2626798770413155	0.0	0.0	461	46.06201171875	46.06201171875	29	44.64335632324219	44.64335632324219	-0.030798815391954205	0.0	True	False	-0.5438323589476362	0.6859463465770214	0.0	0.0	False	False
260	978	189	789	0.7366957379990706	0.7814948031476628	0.0106101078655389	0.002178699466276268	0.002126117289456452	0.19325153374233128	0.03814366350575504	1.0267917885082782	0.10707390564453524	5.247024072160486	0.20014072061508614	0.021429848634769023	1312	33.35776138305664	33.35776138305664	11	34.03327178955078	34.03327178955078	0.01984852971736741	0.01984852971736741	True	False	0.038213301666857546	1.0268413524256108	0.003979751556739495	0.003972499040783866	False	False
261	700	112	588	0.0298045463593257	0.0429294842056343	-0.0889339965028501	0.0012910811652007516	0.001584482846895303	0.16	-0.2902323326265073	0.8177703536388484	1.3672443295031498	4.727387818712341	0.0	0.0	753	27.356069564819336	27.356069564819336	31	21.40360450744629	21.40360450744629	-0.21759211582895235	0.0	True	False	-0.2906626104234675	0.8175264933982705	0.0	0.0	False	False
262	1775	258	1517	2.72971200088179e-07	1.3186608742721262e-06	-0.1381405679221355	0.00297409768412316	0.004087857957041113	0.14535211267605633	-0.4565752496332083	0.7287140693720264	5.879866879487022	5.556828061699537	0.0	0.0	1721	36.92610168457031	36.92610168457031	85	23.36075439453125	23.36075439453125	-0.36736472769091105	0.0	True	False	-0.4581941482909446	0.727896812402579	0.0	0.0	False	False
263	2627	501	2126	0.8564511096427438	0.8759793108398096	0.0034997725805979	0.005775282712192647	0.00572892947703982	0.19071183859916255	0.012725832181317287	1.0088598932535189	0.05750615101709346	6.218600119691729	0.07913686152591654	0.004550856309928169	3427	35.24966812133789	35.24966812133789	80	22.267637252807617	22.267637252807617	-0.3682880310771432	0.0	True	False	0.012786684047028984	1.0089024471541974	0.0	0.0	False	False
264	616	96	520	0.0203616487651348	0.0305911852260876	-0.1025068036915743	0.0011066409987435014	0.0014012433339890434	0.15584415584415584	-0.3344122348364351	0.793107188826789	1.514403696366808	4.574710978503383	0.0	0.0	617	30.60999298095703	30.60999298095703	55	22.812541961669922	22.812541961669922	-0.25473547230598936	0.0	True	False	-0.3348441677777263	0.7928697735485609	0.0	0.0	False	False
265	888	128	760	0.0001918456033207	0.0004978472681216	-0.1423783157301338	0.0014755213316580019	0.002047971026599371	0.14414414414414414	-0.4682948073357185	0.7228184279402781	3.3029038716691277	4.859812404361672	0.0	0.0	832	40.92052459716797	40.92052459716797	64	32.30553436279297	32.30553436279297	-0.2105298091650376	0.0	True	False	-0.4691285150388058	0.722400844746114	0.0	0.0	False	False
266	1415	135	1280	0.0	0.0	-0.3456508942500169	0.0015562139044830489	0.0034492143605884145	0.09540636042402827	-1.1434574150486956	0.4526734459440719	300.0	4.912654885736052	0.0	0.0	927	39.25429153442383	39.25429153442383	18	39.80204277038574	39.80204277038574	0.01376188752727685	0.01376188752727685	True	False	-1.1462016680948572	0.45181320194935115	0.0	0.0	False	False
267	688	194	494	2.6356694604601216e-13	2.955715037801708e-12	0.2253000879079063	0.002236337018294159	0.001331181167289591	0.2819767441860465	0.7506847154219827	1.6825912132327068	11.529337438841436	5.272999558563747	3.9583601730406666	45.637270139456625	1328	26.944421005249016	26.944421005249016	30	26.497710990905762	26.497710990905762	-0.016578942789538142	0.0	True	False	0.7519865253274265	1.684110177670009	0.0	0.0	False	False
268	442	79	363	0.5247784555376931	0.5885015537101272	-0.0310542268414023	0.000910673321882673	0.0009781756350731206	0.17873303167420815	-0.09604351744033934	0.9355952761182026	0.23025238623287614	4.382026634673881	0.0	0.0	539	38.56513214111328	38.56513214111328	14	27.523325157165527	27.523325157165527	-0.2863158083717901	0.0	True	False	-0.09614737193314404	0.9355279283607816	0.0	0.0	False	False
269	334	31	303	2.19536322276781e-06	9.191254025987898e-06	-0.3588556277554884	0.0003573528225109223	0.0008164937119205387	0.09281437125748503	-1.1713877015608638	0.44399406547812065	5.0366252307888475	3.4657359027997265	0.0	0.0	198	48.91938781738281	48.91938781738281	19	43.80459060668945	43.80459060668945	-0.10455562587551208	0.0	True	False	-1.1720568637515	0.4437881764016712	0.0	0.0	False	False
270	518	81	437	0.0362396875343506	0.0510280802053189	-0.1007711111874365	0.0009337283426898293	0.0011775833402946384	0.15637065637065636	-0.3275259712937135	0.7969018926525294	1.2921907705256974	4.406719247264253	0.0	0.0	525	39.003028869628906	39.003028869628906	42	34.20619125366211	34.20619125366211	-0.12298628478318058	0.0	True	False	-0.32788452845619886	0.7967038609348098	0.0	0.0	False	False
271	962	133	829	1.2330564808316067e-05	4.25472236242994e-05	-0.1634775826804786	0.0015331588836758926	0.0022339052382248405	0.13825363825363826	-0.5385171580734092	0.6884781824772377	4.371128774098455	4.897839799950911	0.0	0.0	865	36.77741241455078	36.77741241455078	66	29.256288528442383	29.256288528442383	-0.20450388954315632	0.0	True	False	-0.5395364091011476	0.6879919506334641	0.0	0.0	False	False
272	869	135	734	0.0051821635579241	0.0090399964288231	-0.1041369845184714	0.0015562139044830489	0.001977908859899919	0.15535097813578827	-0.34158455800750787	0.7891740606281602	2.0438317410890976	4.912654885736052	0.0	0.0	929	37.97998809814453	37.97998809814453	16	50.00554656982422	50.00554656982422	0.24048449215304638	0.24048449215304638	True	False	-0.342200392792833	0.7888372624060611	0.0	0.0	False	False
273	553	107	446	0.7881605664907372	0.82220072384748	0.0112742258761205	0.001233443613182861	0.0012018356287675257	0.19349005424954793	0.04256156566313862	1.0299409075031927	0.08502214521216633	4.68213122712422	0.1992788356666793	0.01694311410376384	743	39.999290466308594	39.999290466308594	6	49.90545654296875	49.90545654296875	0.19849865651726714	0.19849865651726714	True	False	0.04260084250408802	1.029968947646623	0.039593084920812656	0.039556581152161104	False	False
274	1622	290	1332	0.2250055052500768	0.2717374178789389	-0.0308809200341869	0.0033429780170376603	0.0035893386939873186	0.17879161528976573	-0.10064038304710898	0.9326189290328611	0.5658505556952169	5.673323267171493	0.0	0.0	2018	36.36923141479492	36.36923141479492	12	35.01029243469238	35.01029243469238	-0.037365072816736046	0.0	True	False	-0.10100343500746689	0.9323842664591939	0.0	0.0	False	False
275	954	128	826	2.741731199407127e-06	1.1037225597613306e-05	-0.178544770769679	0.0014755213316580019	0.002225821142067211	0.13417190775681342	-0.5883613789035351	0.665097900119276	4.957140080508259	4.859812404361672	0.0	0.0	864	42.74918746948244	42.74918746948244	32	42.47146224975586	42.47146224975586	-0.006496619846279997	0.0	True	False	-0.5894522192061071	0.6645952011029728	0.0	0.0	False	False
276	686	87	599	7.306408847274071e-06	2.699073385934186e-05	-0.2066822628664583	0.0010028934051112982	0.0016141245328066096	0.12682215743440234	-0.6795197503869943	0.6243730834612617	4.568785307117071	4.477336814478207	0.0	0.0	578	44.23870086669922	44.23870086669922	31	37.564476013183594	37.564476013183594	-0.15086846409948856	0.0	True	False	-0.6804091026219279	0.6239883060394461	0.0	0.0	False	False
277	231	24	207	0.0004531386088286	0.0010618322624791	-0.3045337968293464	0.00027666024968587535	0.0005578026348764077	0.1038961038961039	-0.9853726009241779	0.505095256818349	2.9739440832858923	3.2188758248682006	0.0	0.0	138	49.48109817504883	49.48109817504883	30	39.57214241027832	39.57214241027832	-0.20025739383785882	0.0	True	False	-0.9857847456730315	0.5049509833442769	0.0	0.0	False	False
278	481	55	426	7.81556506956882e-06	2.853590037028616e-05	-0.2578216027016305	0.0006340130721967977	0.0011479416543833316	0.11434511434511435	-0.8451009837732837	0.5566718426044271	4.544608419954763	4.02535169073515	0.0	0.0	346	45.98719787597656	45.98719787597656	39	44.05872497558594	44.05872497558594	-0.04193499472595712	0.0	True	False	-0.8458494617494381	0.5563831131507538	0.0	0.0	False	False
279	460	63	397	0.0019653371844723	0.0039306743689446	-0.168224650403766	0.0007262331554254228	0.0010697953915262503	0.13695652173913042	-0.5492412822046528	0.6833794252499307	2.40553293319039	4.1588830833596715	0.0	0.0	440	45.29779815673828	45.29779815673828	1	72.03996276855469	72.03996276855469	0.37121291549985796	0.37121291549985796	True	False	-0.5497437587152891	0.6831414523534114	0.0	0.0	False	False
280	804	80	724	6.5716321273612266e-12	6.6564273806175e-11	-0.3254232723004067	0.0009222008322862512	0.001950961872707822	0.09950248756218906	-1.0730399202474121	0.47531639813971593	10.176758801638435	4.394449154672439	0.0	0.0	545	40.67194366455078	40.67194366455078	15	41.12723236083984	41.12723236083984	0.011070248838883025	0.011070248838883025	True	False	-1.0745326194349172	0.4748248614949122	0.0	0.0	False	False
281	974	154	820	0.0064313453209707	0.0110352045398077	-0.0950678246449955	0.0017752366021510334	0.002209652949751953	0.15811088295687886	-0.3120114144144388	0.8055179178711452	1.9572196126893164	5.043425116919247	0.0	0.0	1034	36.77048110961914	36.77048110961914	44	32.434073257446286	32.434073257446286	-0.1179317681279523	0.0	True	False	-0.3126457779405918	0.8051638036297635	0.0	0.0	False	False
282	1059	108	951	1.6431300764452317e-14	2.063771376015211e-13	-0.3135314545469319	0.0012449711235864391	0.0025626584819684237	0.10198300283286119	-1.0356235326346415	0.48780500555274087	12.685338415394869	4.6913478822291435	0.0	0.0	743	40.63886642456055	40.63886642456055	13	47.4939582824707	47.4939582824707	0.14433608201572587	0.14433608201572587	True	False	-1.0375345568992618	0.48715927652652463	0.0	0.0	False	False
283	663	97	566	0.0021259647439679	0.0042250185418097	-0.1348193900183488	0.0011181685091470794	0.0015251994750726894	0.14630467571644043	-0.4417167508760045	0.736257968874847	2.3741713807763083	4.584967478670572	0.0	0.0	642	40.041481018066406	40.041481018066406	37	32.21318588256836	32.21318588256836	-0.1955046351049298	0.0	True	False	-0.4423111274318803	0.7359547001109951	0.0	0.0	False	False
284	711	102	609	0.0007104240448538	0.0016282711684972	-0.1447918139674454	0.0011758060611649702	0.0016410715199987064	0.14345991561181434	-0.47511722991986716	0.7194083302442782	2.788273267029658	4.634728988229636	0.0	0.0	688	39.92832946777344	39.92832946777344	26	33.62176704406738	33.62176704406738	-0.1579470643467853	0.0	True	False	-0.47579579092830926	0.7190700413859898	0.0	0.0	False	False
285	243	29	214	0.0029440902040129	0.0057304931400648	-0.2367904685373208	0.00033429780170376604	0.0005766655259108756	0.11934156378600823	-0.7653057069428044	0.5883286886065014	2.2418080030250143	3.4011973816621555	0.0	0.0	201	41.01664733886719	41.01664733886719	2	41.37931823730469	41.37931823730469	0.008764545040535284	0.008764545040535284	True	False	-0.765661902159124	0.588183450707306	0.0	0.0	False	False
286	707	100	607	0.0004318006653027	0.0010194391646998	-0.1519633841716624	0.001152751040357814	0.001635682122560287	0.14144271570014144	-0.49880382611931573	0.7076933038969098	2.99163868574998	4.61512051684126	0.0	0.0	690	44.74576530456543	44.74576530456543	10	45.67693099975586	45.67693099975586	0.020385907608271813	0.020385907608271813	True	False	-0.49950789906426607	0.7073480153013219	0.0	0.0	False	False
287	234	38	196	0.2480015784244318	0.2960931392595878	-0.0812471678304851	0.0004380453953359693	0.000528160948965101	0.1623931623931624	-0.25471388036880427	0.8381533432845376	0.5285716554821034	3.6635616461296463	0.0	0.0	229	47.11337966918948	47.11337966918948	37	45.273494720458984	45.273494720458984	-0.03905228114920641	0.0	True	False	-0.25485032659050155	0.8380740767411882	0.0	0.0	False	False
288	106	17	89	0.4041274991238035	0.4699853137958308	-0.0877157783460041	0.00019596767686082836	0.0002398281860096632	0.16037735849056603	-0.25764767912438913	0.8364506447710088	0.3279157127814793	2.8903717578961645	0.0	0.0	100	56.822021484375	56.822021484375	19	50.479827880859375	50.479827880859375	-0.11161506468508182	0.0	True	False	-0.2577173429221542	0.8364102558322023	0.0	0.0	False	False
289	508	62	446	3.4564454923113885e-05	0.0001064043024103	-0.2257178623078893	0.0007147056450218446	0.0012018356287675257	0.1220472440944882	-0.7398469992642358	0.5988028531995301	3.973040811183119	4.143134726391533	0.0	0.0	415	35.436397552490234	35.436397552490234	19	30.15040054321289	30.15040054321289	-0.14916857734896588	0.0	True	False	-0.7405568285018482	0.5985083050014085	0.0	0.0	False	False
290	376	75	301	0.5802062931194645	0.6414956902799713	0.0277200747021721	0.0008645632802683604	0.0008111043144821194	0.19946808510638298	0.09927562861989436	1.071235464464136	0.1928062569724731	4.330733340286331	0.4299362747420604	0.08289440386970551	516	37.13478469848633	37.13478469848633	9	38.45022201538086	38.45022201538086	0.03421143618802331	0.03421143618802331	True	False	0.0993464411552889	1.0712880457503988	0.014719229056504277	0.014708737428254457	False	False
291	229	26	203	0.0018381504600231	0.00372373706095	-0.2612973830278629	0.0002997152704930316	0.0005470238399995688	0.11353711790393013	-0.8440794485081486	0.5570661472055144	2.429020992838405	3.295836866004329	0.0	0.0	179	46.13587951660156	46.13587951660156	3	88.57136535644531	88.57136535644531	0.47911066594792795	0.47911066594792795	True	False	-0.8444427634083542	0.5569258785111462	0.0	0.0	False	False
292	586	78	508	0.0001824611463761	0.0004774399996841	-0.1825438026887582	0.0008991458114790948	0.001368906949358527	0.13310580204778158	-0.598598133770972	0.6603953496277473	3.3210811988307967	4.3694478524670215	0.0	0.0	536	40.73124313354492	40.73124313354492	10	44.17502059936523	44.17502059936523	0.07795757464502	0.07795757464502	True	False	-0.5992830015977475	0.6600819249750144	0.0	0.0	False	False
293	522	84	438	0.0690185658157205	0.0910581078409085	-0.0859695175380715	0.0009683108739005637	0.001180278039013848	0.16091954022988506	-0.27866851496764866	0.8243514727143761	1.0406813784379998	4.442651256490317	0.0	0.0	540	43.559157943725594	43.559157943725594	48	32.44804649353027	32.44804649353027	-0.2550809513937311	0.0	True	False	-0.2789810250903635	0.8241729247381474	0.0	0.0	False	False
294	415	46	369	1.445596759652723e-05	4.778077710852158e-05	-0.2730432275692544	0.0005302654785645945	0.000994343827388379	0.1108433734939759	-0.8933866618432198	0.5383488839552667	4.320746791145408	3.8501476017100584	0.0	0.0	319	45.41397857666014	45.41397857666014	3	42.39942626953125	42.39942626953125	-0.06637939246041263	0.0	True	False	-0.8940630701390262	0.5380965379710498	0.0	0.0	False	False
295	112	10	102	0.0045756932470779	0.0080717285369802	-0.3773748648227782	0.0001152751040357814	0.00027485926935938925	0.08928571428571429	-1.1902775955317857	0.43821853291905516	2.093033452429471	2.3978952727983707	0.0	0.0	37	49.57069778442383	49.57069778442383	33	45.04855194091797	45.04855194091797	-0.09122618897099358	0.0	True	False	-1.1905142436639107	0.43814665695812754	0.0	0.0	False	False
296	360	103	257	3.0296955833009065e-08	1.698793594922294e-07	0.234129408276372	0.0011873335715685484	0.0006925375708368926	0.2861111111111111	0.7819434166236459	1.7194455334646437	6.769859385128466	4.6443908991413725	3.6316508878103715	24.58576584635317	711	35.77130126953125	35.77130126953125	10	42.696933364868165	42.696933364868165	0.1622044383411258	0.1622044383411258	True	False	0.7826515479275535	1.7202897119245664	0.5896033567235255	0.5890698925083321	True	True
297	202	15	187	1.3991973170091043e-05	4.673914441924029e-05	-0.4645250405542194	0.00017291265605367208	0.0005039086604922136	0.07425742574257425	-1.4996653938014681	0.3536354002159486	4.330319241824059	2.772588722239781	0.0	0.0	84	51.09492492675781	51.09492492675781	21	44.65525436401367	44.65525436401367	-0.1260334675503508	0.0	True	False	-1.5001494537169062	0.3535167666845373	0.0	0.0	False	False
298	591	107	484	0.5634569172767563	0.6273952908684449	-0.0242362770560736	0.001233443613182861	0.0013042341800974942	0.18104906937394247	-0.07527492463071894	0.9491612284833348	0.2024587453729314	4.68213122712422	0.0	0.0	699	28.103256225585938	28.103256225585938	50	21.180964088439943	21.180964088439943	-0.24631637279255061	0.0	True	False	-0.07538356281549419	0.9490897571968224	0.0	0.0	False	False
299	215	30	185	0.0439307470534418	0.0607676412985935	-0.1588251667712547	0.00034582531210734416	0.0004985192630537942	0.13953488372093023	-0.5076529578630158	0.7033657751447554	1.2163276205045113	3.4339872044851463	0.0	0.0	200	46.85704803466797	46.85704803466797	10	56.43147010803223	56.43147010803223	0.16966458706524953	0.16966458706524953	True	False	-0.5078797151204775	0.7032552315052268	0.0	0.0	False	False
300	497	69	428	0.0018960956302089	0.0038165001787539	-0.1613693713706696	0.0007953982178468916	0.0011533310518217512	0.13883299798792756	-0.5273252401940915	0.6938399230720944	2.418334712941278	4.248495242049359	0.0	0.0	445	38.68421936035156	38.68421936035156	38	34.16389846801758	34.16389846801758	-0.11685180590633751	0.0	True	False	-0.5278485076439701	0.6935883120226584	0.0	0.0	False	False
301	179	44	135	0.0267447324864731	0.039242271031554	0.1443442148978022	0.0005072104577574381	0.00036378432709330933	0.24581005586592178	0.49046947080742775	1.4049019738373167	1.4062458670430558	3.8066624897703196	1.867051736900134	2.625533788571372	307	45.40459899902345	45.40459899902345	1	45.42985153198242	45.42985153198242	0.0005558577038534966	0.0005558577038534966	True	False	0.49067010611116935	1.4050973668532853	0.001038239628262175	0.0010378150914489913	True	True
302	354	58	296	0.1782348083335461	0.222086229431482	-0.0766384105900129	0.0006685956034075321	0.0007976308208860708	0.1638418079096045	-0.24463849376769886	0.844027263475752	0.6534783692647975	4.07753744390572	0.0	0.0	357	52.20252227783203	52.20252227783203	49	42.067030334472655	42.067030334472655	-0.1941571307496658	0.0	True	False	-0.24483116432743124	0.8439145519585308	0.0	0.0	False	False
303	253	38	215	0.0836833936303862	0.1085809322311623	-0.1214295563894187	0.0004380453953359693	0.0005793602246300853	0.15019762845849802	-0.387872437199297	0.7642558327397286	0.9642464339907861	3.6635616461296463	0.0	0.0	247	45.18864440917969	45.18864440917969	19	37.733697509765626	37.733697509765626	-0.16497389990082667	0.0	True	False	-0.38808278918863337	0.7641444086266652	0.0	0.0	False	False
304	473	67	406	0.004154106179284	0.0074431452187529	-0.1512259239709875	0.0007723431970397353	0.0010940476799991376	0.1416490486257928	-0.4934108638292951	0.7103436946368457	2.1282435076656845	4.219507705176107	0.0	0.0	469	40.743006896972645	40.743006896972645	0					False	True	-0.4938817946185239	0.7101118589993618			False	False
305	165	21	144	0.0290517309321101	0.0422326088550119	-0.2049178904436978	0.00024207771847514092	0.0003880366155661966	0.12727272727272726	-0.6517758466036803	0.6364963532182357	1.3743520898670647	3.091042453358316	0.0	0.0	116	51.04017639160156	51.04017639160156	31	46.035133361816406	46.035133361816406	-0.0980608489944152	0.0	True	False	-0.6519928599078977	0.6364006172625617	0.0	0.0	False	False
306	110	13	97	0.0421494946225751	0.0589123822805291	-0.2416030750305104	0.0001498576352465158	0.00026138577576334076	0.11818181818181818	-0.7555577303912422	0.5923173576817997	1.2297934150441934	2.6390573296152584	0.0	0.0	48	51.58323287963867	51.58323287963867	43	44.71577835083008	44.71577835083008	-0.13313346499302814	0.0	True	False	-0.7557250368204453	0.5922486718172505	0.0	0.0	False	False
307	174	13	161	5.9041179111707365e-05	0.0001700819288172	-0.4616572167943354	0.0001498576352465158	0.0004338464937927615	0.07471264367816093	-1.483617771335556	0.3575909744518606	3.769341827668399	2.6390573296152584	0.0	0.0	69	48.061342620849615	48.061342620849615	22	41.56005210876465	41.56005210876465	-0.13527068029232756	0.0	True	False	-1.4840339721723907	0.3574878284696262	0.0	0.0	False	False
308	304	27	277	2.6885056516601225e-06	1.0963516553523097e-05	-0.3798906979909763	0.0003112427808966098	0.0007464315452210866	0.08881578947368421	-1.2380991665179089	0.42393084158407085	4.960050123330122	3.332204510175204	0.0	0.0	157	44.50594711303711	44.50594711303711	32	43.07385940551758	43.07385940551758	-0.03217744594632	0.0	True	False	-1.238733716044278	0.42374442244718147	0.0	0.0	False	False
309	256	29	227	0.0009515655623884	0.0020749415735413	-0.2624025523811364	0.00033429780170376604	0.0006116966092606016	0.11328125	-0.8501946045293174	0.5547099064004156	2.6829941276968783	3.4011973816621555	0.0	0.0	195	50.532081604003906	50.532081604003906	8	62.14959907531738	62.14959907531738	0.1869282769987708	0.1869282769987708	True	False	-0.8506013688949654	0.5545535293345785	0.0	0.0	False	False
310	172	34	138	0.7591870037595705	0.7955419956811615	0.0228251375506126	0.0003919353537216567	0.00037186842325093845	0.19767441860465115	0.09166737192388119	1.0656010225442731	0.09933688954198805	3.5553480614894135	0.3259094130714001	0.032374827366967826	235	38.36949157714844	38.36949157714844	3	41.08048553466797	41.08048553466797	0.06599225696180529	0.06599225696180529	True	False	0.09168995940404123	1.0656177062020757	0.021512797331214674	0.021507497733678976	False	False
311	17	5	12	0.1900297578217002	0.2339974272784858	0.2510140652390294	5.76375520178907e-05	3.2336384630516385e-05	0.29411764705882354	0.912460510057473	1.8822529366332754	0.6307889174825894	1.791759469228055	1.634909759192138	1.0312829571825295	20	16.967885971069336	16.967885971069336	15	14.405538558959961	14.405538558959961	-0.15101158838987017	0.0	True	False	0.9124906416477803	1.882292249076311	0.0	0.0	False	False
312	250	26	224	0.0002681479019801	0.0006682415969981	-0.3040493634486124	0.0002997152704930316	0.0006036125131029726	0.104	-0.9857660989830475	0.504957509827716	3.175066493701693	3.295836866004329	0.0	0.0	182	43.6829833984375	43.6829833984375	0					False	True	-0.9862111009673349	0.5048017787581638			False	False
314	147	41	106	0.0011174673615634	0.0024033202159653	0.2187032983614283	0.0004726279265467037	0.00028563806423622805	0.2789115646258503	0.737214892315988	1.666954692067456	2.6191883603814126	3.7376696182833684	2.7554657051555136	7.217083702373483	277	21.4815731048584	21.4815731048584	10	20.051581573486327	20.051581573486327	-0.06656828735920908	0.0	True	False	0.7374783891004117	1.6672591758999529	0.0	0.0	False	False
