cluster_id	cluster_size	sample	background	enrichment_pvalue_zbinom	enrichment_fdr_zbinom	log_fold_change	sample_usage	background_usage	sample_fraction_in_cluster	log2fc_smooth	fc_smooth	minus_log10_fdr	support_log	enrichment_support_score	enrichment_stat_score	internal_edges_n	internal_mreach_q90	cohesion	external_edges_n	external_mreach_q10	separation	density_validity	geometry_score	has_density_validity	is_sample_knn_closed	log2_odds	odds_ratio	dbcv_with_odds	redcea_auxiliary_validity	is_good_candidate	is_good_candidate_relaxed
0	2653	639	2014	0.0455759411864473	0.0640643746943276	0.0342905988976018	0.0031047450610745624	0.002869031694680325	0.24085940444779494	0.11468120965974471	1.0827357684559595	1.1933834084643198	6.461468176353717	0.741008986642189	0.8843078301817471	4297	26.28964614868164	26.28964614868164	176	22.198820114135742	22.198820114135742	-0.15560597550115915	0.0	True	False	0.11501980572257509	1.0829899130134601	0.0	0.0	False	False
1	3461	900	2561	4.9649472977364446e-08	1.5427421683428506e-07	0.0786821379275449	0.004372880367710651	0.0036482572840498078	0.2600404507367813	0.2618960403784172	1.1990535076992477	6.811706649583235	6.803505257608338	1.7818110876613669	12.13717443412407	6252	26.979122161865234	26.979122161865234	48	22.075103950500488	22.075103950500488	-0.1817708590347145	0.0	True	False	0.26294317123878397	1.1999241155966915	0.0	0.0	False	False
2	4260	1408	2852	0.0	0.0	0.2263023405827584	0.006841128397485108	0.004062799599418216	0.3305164319248826	0.7520194281255925	1.68414858673608	300.0	7.25063551189868	5.452618771205158	272.6309385602579	9753	26.0601863861084	26.0601863861084	103	21.714748001098634	21.714748001098634	-0.16674625118284406	0.0	True	False	0.7560471875184396	1.6888570129026614	0.0	0.0	False	False
3	481	55	426	3.9394243422918847e-10	1.4962584199163679e-09	-0.3561977026452614	0.000267231578026762	0.0006068557606424123	0.11434511434511435	-1.1718993140414788	0.44383664299675935	8.824993392667118	4.02535169073515	0.0	0.0	374	43.60725784301758	43.60725784301758	11	48.44709396362305	48.44709396362305	0.09989941035966997	0.09989941035966997	True	False	-1.172391979973181	0.44368510309702186	0.0	0.0	False	False
4	4441	953	3488	0.0290028690243546	0.0424282253571831	-0.0306343686655352	0.004630394433809168	0.004968809608264635	0.21459130826390452	-0.10121523906478647	0.9322473918811506	1.3723451330625351	6.860663671448287	0.0	0.0	6550	28.664274215698242	28.664274215698242	121	22.792821884155273	22.792821884155273	-0.20483519964121108	0.0	True	False	-0.10170831200310815	0.9319288301573104	0.0	0.0	False	False
5	3204	743	2461	0.4235997235912414	0.4844483026706463	0.0127264070145176	0.003610055681343349	0.003505802880143138	0.2318976279650437	0.0429536587442545	1.030220861044156	0.31475256136406615	6.612041034833092	0.284011354213228	0.08939330119509056	5156	26.4031982421875	26.4031982421875	45	21.346242904663086	21.346242904663086	-0.19152813576365613	0.0	True	False	0.04310211444510692	1.0303268779256831	0.0	0.0	False	False
6	3013	790	2223	5.8501808730682114e-08	1.7940554677409182e-07	0.0835368355481419	0.0038384172116571274	0.0031667613988452647	0.2621971457019582	0.27809171393356813	1.2125899024728255	6.746164133777206	6.673297967767654	1.8557888694459042	12.519456310918908	5481	25.20087242126465	25.20087242126465	49	23.17569046020508	23.17569046020508	-0.08036158142488388	0.0	True	False	0.27906162690327463	1.2134053915903604	0.0	0.0	False	False
7	2469	485	1984	5.951675311322013e-05	0.0001324727730584	-0.0789507222588828	0.002356496642599629	0.0028262953735083245	0.1964358039692183	-0.2611456106539354	0.8344250587059278	3.8778733724860426	6.186208623900494	0.0	0.0	3374	29.626928329467773	29.626928329467773	21	26.876562118530273	26.876562118530273	-0.09283332312927994	0.0	True	False	-0.2618276305384306	0.8340306856954721	0.0	0.0	False	False
8	3140	827	2313	1.0324272325945572e-08	3.50348257618153e-08	0.0861790837386014	0.0040181911823296765	0.0032949703623612672	0.26337579617834395	0.2868408690559896	1.219965939186113	7.455500038035407	6.71901315438526	1.9272875724024938	14.36889256935196	5703	22.65110893249514	22.65110893249514	86	18.11534595489502	18.11534595489502	-0.20024463222165445	0.0	True	False	0.2878855974242356	1.2208496981075183	0.0	0.0	False	False
9	2640	477	2163	4.080902282765919e-10	1.535903222786446e-09	-0.123688933441931	0.0023176265948866453	0.003081288756501263	0.1806818181818182	-0.4097077315720732	0.7527758593845173	8.813636148323999	6.169610732491456	0.0	0.0	3314	35.221534729003906	35.221534729003906	25	33.84120559692383	33.84120559692383	-0.039189920107127456	0.0	True	False	-0.4108149275895805	0.752198363331356	0.0	0.0	False	False
10	3403	825	2578	0.0117365246842067	0.0182666211250435	0.0380202424892356	0.004008473670401431	0.0036724745327139418	0.2424331472230385	0.12689482564074606	1.0919409389184387	1.7383417789999078	6.716594773520978	0.8523011226854907	1.4815906498527147	5734	26.533788681030273	26.533788681030273	41	20.03863525390625	20.03863525390625	-0.24478801369845782	0.0	True	False	0.1273789511858423	1.092307423306717	0.0	0.0	False	False
11	926	193	733	0.1348403761092389	0.1700984015522348	-0.0466974586753596	0.0009377399010757286	0.001044190780635888	0.2084233261339093	-0.15237664860227262	0.8997669943336182	0.7692997675179765	5.267858159063328	0.0	0.0	1342	30.21815299987793	30.21815299987793	9	26.75861358642578	26.75861358642578	-0.11448546883279477	0.0	True	False	-0.15253285657002813	0.899669577235164	0.0	0.0	False	False
12	1830	551	1279	0.0	0.0	0.1671302613299166	0.002677174536231743	0.0018219918259663038	0.3010928961748634	0.5559393944786422	1.4701255772535307	300.0	6.313548046277095	3.509950077859102	175.4975038929551	3756	26.019372940063477	26.019372940063477	101	20.657550811767578	20.657550811767578	-0.2060703822742785	0.0	True	False	0.5571734593416764	1.4713836438753278	0.0	0.0	False	False
13	3020	742	2278	0.00407458134995	0.006941879336952	0.045699392492677	0.003605196925379226	0.003245111320993933	0.2456953642384106	0.15246531139159458	1.1114671515502539	2.1585229394619776	6.610696044717759	1.0079018309730758	2.175579222881113	5060	27.236127853393555	27.236127853393555	134	23.90011978149414	23.90011978149414	-0.12248466778598102	0.0	True	False	0.1529841039823001	1.1118669065888813	0.0	0.0	False	False
14	3123	1043	2080	0.0	0.0	0.2330701804203137	0.005067682470580232	0.0029630516012587272	0.3339737431956452	0.7745870630417819	1.7107003342186544	300.0	6.950814768442584	5.384011197235385	269.20055986176925	7188	23.345772361755373	23.345772361755373	113	9.006258773803712	9.006258773803712	-0.6142231392370807	0.0	True	False	0.7776331538142687	1.714316104286986	0.0	0.0	False	False
15	1942	524	1418	1.0687037277357093e-07	3.183045635126501e-07	0.1005042630935382	0.0025459881252004237	0.0020200034473965745	0.2698249227600412	0.3347352782296138	1.2611459784748233	6.497157134881496	6.263398262591624	2.0965803600914867	13.62181204542082	3664	26.91737174987793	26.91737174987793	4	26.77964687347412	26.77964687347412	-0.005116579645426681	0.0	True	False	0.33549336599335966	1.2618088424481542	0.0	0.0	False	False
16	6025	1276	4749	0.0017534752856542	0.0032407980725931	-0.0379022882402891	0.006199772610220879	0.006765159641527738	0.21178423236514524	-0.12549535414263335	0.9166892408625567	2.489348028113295	7.152268856032539	0.0	0.0	8815	27.025379180908203	27.025379180908203	117	23.9620418548584	23.9620418548584	-0.11335039207197756	0.0	True	False	-0.12631884947840533	0.9161661407706589	0.0	0.0	False	False
17	6541	1457	5084	0.3826487701082417	0.4425044436447264	-0.0098967831554309	0.007079207439727132	0.007242381894615081	0.22274881516587677	-0.03252327483605022	0.9777087878176186	0.35408236374424756	7.284820912568604	0.0	0.0	10043	26.151933288574238	26.151933288574238	156	12.127503871917725	12.127503871917725	-0.5362674056217396	0.0	True	False	-0.03276287844962411	0.9775464228688301	0.0	0.0	False	False
18	1100	226	874	0.0586480028040357	0.0803982554995721	-0.0545537865292405	0.0010980788478917858	0.001245051490144292	0.20545454545454545	-0.17886058294871177	0.8834004161128615	1.0947533745740492	5.424950017481403	0.0	0.0	1549	29.07074737548828	29.07074737548828	33	26.58788070678711	26.58788070678711	-0.08540773433278365	0.0	True	False	-0.17907534818560045	0.8832689194531717	0.0	0.0	False	False
19	3050	591	2459	1.24402867740514e-06	3.388341266090316e-06	-0.0863218409005667	0.002871524774796661	0.003502953792065005	0.19377049180327868	-0.2858282304568345	0.8202705680884139	5.47001285497771	6.3835066348840055	0.0	0.0	4032	33.72669982910156	33.72669982910156	105	21.23131561279297	21.23131561279297	-0.3704893831778576	0.0	True	False	-0.2867445864661242	0.8197497226028426	0.0	0.0	False	False
20	3373	706	2667	0.0065102506269942	0.0107498282754803	-0.0443691076812832	0.0034302817106708	0.0037992589521908776	0.20930922027868368	-0.14664005445114192	0.9033518640305331	1.968598473386236	6.561030665896573	0.0	0.0	4876	34.61858367919922	34.61858367919922	66	29.662357330322266	29.662357330322266	-0.14316664121227268	0.0	True	False	-0.14717679269647377	0.9030158447763641	0.0	0.0	False	False
21	8848	2043	6805	0.2818663498255551	0.3372620486352018	0.0102894440495796	0.009926438434703179	0.009694022185848864	0.2308996383363472	0.034427833875463776	1.0241505691398092	0.4720325262748466	7.622663951323595	0.262431808204655	0.12387634940171932	14183	29.787578582763672	29.787578582763672	118	25.91805191040039	25.91805191040039	-0.12990403572455367	0.0	True	False	0.034763959326450156	1.0243892080530383	0.0	0.0	False	False
22	2748	651	2097	0.1439486416778321	0.1795022218512726	0.0248317650596448	0.003163050132644038	0.0029872688499228608	0.2368995633187773	0.08325302416765545	1.0594041198521096	0.7459301714211755	6.480044561926653	0.539483306521564	0.40241687531249276	4400	28.68329620361328	28.68329620361328	157	25.100812911987305	25.100812911987305	-0.12489789409819244	0.0	True	False	0.08350491991681785	1.0595891088381137	0.0	0.0	False	False
23	2463	556	1907	0.89503583886384	0.9081981306118376	-0.0024266945070579	0.002701468316052358	0.0027166054825001886	0.22574096630125862	-0.007142713453227145	0.9950612840684604	0.04181939636348092	6.322565239927284	0.0	0.0	3892	31.14958953857422	31.14958953857422	0					False	True	-0.007167095040772509	0.9950444676463359			False	False
24	2523	496	2027	5.389672641786802e-05	0.0001212676344402	-0.0785228652458131	0.002409942958204981	0.0028875507671881923	0.19659135949266746	-0.2597495406495547	0.8352329076124514	3.9162550941013663	6.208590026096629	0.0	0.0	3432	30.25288963317871	30.25288963317871	40	25.319015121459962	25.319015121459962	-0.163087710679634	0.0	True	False	-0.2604428957737035	0.8348315935008757	0.0	0.0	False	False
25	7674	1718	5956	0.4972485297202453	0.559404595935276	-0.0070823226283984	0.008347342746363222	0.00848458429668124	0.22387281730518635	-0.02322825894662106	0.9840283196635237	0.2522739698895358	7.449498005382849	0.0	0.0	11997	31.678192138671875	31.678192138671875	29	26.523279190063477	26.523279190063477	-0.16272749802269876	0.0	True	False	-0.023430435100809888	0.9838904297309388	0.0	0.0	False	False
26	3905	1093	2812	0.0	0.0	0.1224540525584961	0.00531062026878638	0.004005817837855548	0.2798975672215109	0.4071868749830374	1.326097521062707	300.0	6.9975959829819265	2.8493292407042663	142.4664620352133	7474	27.034839630126942	27.034839630126942	177	21.679952239990236	21.679952239990236	-0.19807357703610548	0.0	True	False	0.4090756252332435	1.3278347608824665	0.0	0.0	False	False
27	2459	591	1868	0.0638102779655453	0.086050342272755	0.0330598159440199	0.002871524774796661	0.0026610482649765876	0.24034160227734852	0.11065626088574909	1.079719273328046	1.0652473978887373	6.3835066348840055	0.7063749755556348	0.7524641046443604	4118	28.138259887695312	28.138259887695312	19	21.70898780822754	21.70898780822754	-0.2284886167491563	0.0	True	False	0.11095827201845232	1.0799453234392133	0.0	0.0	False	False
28	2315	416	1899	2.3160413586964523e-09	8.125772224579081e-09	-0.1265824271531226	0.0020212424810751453	0.002705209130187655	0.1796976241900648	-0.4191445603727697	0.7478679378516022	8.09013535564914	6.0330862217988015	0.0	0.0	2873	33.884944915771484	33.884944915771484	39	30.30775032043457	30.30775032043457	-0.10556884788299996	0.0	True	False	-0.4201361347212753	0.7473540996123056	0.0	0.0	False	False
29	2118	561	1557	9.756417898021397e-07	2.7108436307254084e-06	0.0895234556448731	0.002725762095872973	0.002218015068826845	0.26487252124645894	0.29821251541594407	1.2296199824239389	5.5668955330545895	6.331501849893691	1.8881330930175007	10.51103968133167	3910	25.218032836914062	25.218032836914062	17	24.515281677246094	24.515281677246094	-0.027867009461550237	0.0	True	False	0.29894437020316467	1.2302439060783086	0.0	0.0	False	False
30	1803	277	1526	6.661338147750939e-16	4.596323321948148e-15	-0.208225557596793	0.001345875402062056	0.0021738542036157777	0.1536328341652801	-0.6895811620426056	0.6200338298005829	14.337589429070105	5.627621113690637	0.0	0.0	1491	33.78919982910156	33.78919982910156	448	27.606487274169922	27.606487274169922	-0.182978957365148	0.0	True	False	-0.6907802686646871	0.6195186982179991	0.0	0.0	False	False
31	1278	283	995	0.6092083872356455	0.6689980698025391	-0.0131874382640002	0.0013750279378467937	0.0014174213188713623	0.2214397496087637	-0.04198582985156918	0.9713170357691845	0.17457513525955443	5.648974238161206	0.0	0.0	1914	27.350337982177734	27.350337982177734	67	21.51278305053711	21.51278305053711	-0.21343629959690236	0.0	True	False	-0.04204955670931021	0.9712741316115336	0.0	0.0	False	False
32	1608	451	1157	1.2479275390830935e-09	4.531947378775445e-09	0.1236923898831354	0.0021912989398194488	0.001648197453200167	0.2804726368159204	0.4118724502599651	1.3304114132198583	8.34371514144768	6.113682179832232	2.518057259518186	21.009952483274137	3091	24.25507354736328	24.25507354736328	66	20.114709854125977	20.114709854125977	-0.17070093335946182	0.0	True	False	0.41265500391702226	1.3311332572011434	0.0	0.0	False	False
33	7823	1544	6279	3.601563491884008e-12	1.5214768220816114e-11	-0.0763939801020827	0.007501919208605829	0.008944712021299782	0.19736673910264604	-0.25342306839693407	0.8389035936721679	10.81773465922348	7.3427791893318455	0.0	0.0	10759	32.115726470947266	32.115726470947266	49	27.234872817993164	27.234872817993164	-0.15197705888326862	0.0	True	False	-0.25552433211553005	0.8376826325246026	0.0	0.0	False	False
34	4539	1105	3434	0.0019231885052755	0.0034921054437897	0.0404111941528352	0.0053689253403558556	0.004891884230155033	0.24344569288389514	0.13468569160089228	1.097853607169641	2.4569126512881625	7.00850518208228	0.9439453675371894	2.319191315626975	7700	31.029661178588867	31.029661178588867	35	25.202867889404295	25.202867889404295	-0.1877814023056489	0.0	True	False	0.13537497441477164	1.0983782588835733	0.0	0.0	False	False
35	4823	1541	3282	0.0	0.0	0.2045132689578312	0.0074873429407134595	0.004675353536216896	0.31951067800124405	0.6796266292536322	1.6017251736498292	300.0	7.340835554123275	4.98902732355402	249.451366177701	10634	25.024791717529297	25.024791717529297	153	21.936207962036132	21.936207962036132	-0.12342095751908624	0.0	True	False	0.6837057983031984	1.6062604033374002	0.0	0.0	False	False
36	3408	794	2614	0.317904923795369	0.3781972369289735	0.0153641261392883	0.003857852235513619	0.0037237581181203427	0.232981220657277	0.051670805428383204	1.036464573249219	0.4222816483912525	6.678342114654332	0.34507531599048125	0.14571897325559274	5351	32.775245666503906	32.775245666503906	207	24.293272018432617	24.293272018432617	-0.2587920693067394	0.0	True	False	0.05186251150583665	1.0366023083589697	0.0	0.0	False	False
37	1410	402	1008	5.74189362723132e-10	2.141571136643033e-09	0.1336147279319498	0.0019532198975774242	0.0014359403913792293	0.2851063829787234	0.44493635531572373	1.3612540632701757	8.669267495052882	5.998936561946683	2.669144969642795	23.139531724908196	2768	23.519315719604492	23.519315719604492	46	18.797414779663086	18.797414779663086	-0.20076693540898694	0.0	True	False	0.44568141604510103	1.3619572464454366	0.0	0.0	False	False
38	3205	815	2390	1.5305145205868342e-05	3.7493077604908246e-05	0.0656089147485269	0.003959886110760201	0.0034046602533694026	0.2542901716068643	0.21853112729089474	1.1635483223057113	4.426048909219126	6.704414354964107	1.4651232268155632	6.48470705991863	5685	29.393245697021484	29.393245697021484	20	23.91893138885498	23.91893138885498	-0.1862439542946166	0.0	True	False	0.219332621704587	1.1641949153488105	0.0	0.0	False	False
39	5114	1244	3870	0.001132756777042	0.0021029654963919	0.0399586222924621	0.006044292419368945	0.005512985431188113	0.24325381306218224	0.1331330322078088	1.0966727091028712	2.6771678527770795	7.126890808898808	0.9488245836026615	2.5401626731456437	8666	29.621076583862305	29.621076583862305	42	25.17438621520996	25.17438621520996	-0.1501191341261013	0.0	True	False	0.1339015084623112	1.0972570262378192	0.0	0.0	False	False
40	2422	447	1975	3.8982689742894656e-08	1.2414487348891064e-07	-0.1124103698734541	0.002171863915962957	0.002813474477156724	0.18455821635012387	-0.3721715078993455	0.7726186951102154	6.906071209749742	6.104793232414985	0.0	0.0	3092	35.0866813659668	35.0866813659668	37	33.705159759521486	33.705159759521486	-0.03937453052443291	0.0	True	False	-0.3731019513928615	0.7721205674721859	0.0	0.0	False	False
41	11	6	5	0.0001805483775294	0.0003718757626726	0.6120304529894851	2.9152535784737677e-05	7.122720195333479e-06	0.5454545454545454	2.011094850430501	4.030880044382529	3.429602126240553	1.9459101490553132	3.913409880165589	13.421438845866692	30	3.112945556640625	3.112945556640625	12	3.112945556640625	3.112945556640625	0.0	0.0	True	False	2.011124155961447	4.030961924666511	0.0	0.0	False	False
42	5027	1438	3589	0.0	0.0	0.1356346346701418	0.006986891076408796	0.005112688556210371	0.286055301372588	0.45086907440633706	1.366863402494174	300.0	7.271703706887368	3.2785863196814375	163.92931598407188	9891	30.157026290893555	30.157026290893555	175	20.711027145385742	20.711027145385742	-0.3132271416416213	0.0	True	False	0.4535869388659801	1.369440836266057	0.0	0.0	False	False
43	1861	506	1355	4.7561294236331264e-08	1.4916951374122078e-07	0.1050604285862491	0.002458530517846211	0.0019302571729353727	0.27189682966147233	0.3498958118901321	1.2744685848127144	6.8263199259707354	6.2285110035911835	2.1793299144681586	14.87680322039809	3524	25.29868507385254	25.29868507385254	18	24.25542392730713	24.25542392730713	-0.041237761705792006	0.0	True	False	0.3506571414434134	1.275141316494443	0.0	0.0	False	False
44	3510	729	2781	0.0024411029031821	0.0043676236359865	-0.0486242535894085	0.0035420330978456274	0.003961656972644481	0.2076923076923077	-0.16079647140901532	0.8945310890954687	2.359754792431644	6.593044534142437	0.0	0.0	5010	27.771793365478516	27.771793365478516	93	20.009811401367188	20.009811401367188	-0.27949156404713105	0.0	True	False	-0.16140662620935586	0.8941528476642908	0.0	0.0	False	False
45	1148	201	947	4.159154293414957e-06	1.0852270310617055e-05	-0.1403047146247457	0.0009766099487887121	0.001349043204996161	0.1750871080139373	-0.4632593536037799	0.7253456966408669	4.964479397277993	5.308267697401205	0.0	0.0	1361	33.85511779785156	33.85511779785156	46	27.524041175842285	27.524041175842285	-0.18700500939952558	0.0	True	False	-0.46379976603919104	0.7250740436467008	0.0	0.0	False	False
46	4751	1392	3359	0.0	0.0	0.1502784383893985	0.006763388302059141	0.004785043427225031	0.29299094927383706	0.4995175482253167	1.4137407141591436	300.0	7.239214973779806	3.6161149147784886	180.80574573892443	9654	29.037471771240234	29.037471771240234	90	19.982166481018066	19.982166481018066	-0.3118489571530422	0.0	True	False	0.5023857775140108	1.4165541750059547	0.0	0.0	False	False
47	2268	592	1676	5.51504886736609e-06	1.4094013772157786e-05	0.0808968993854733	0.002876383530760784	0.002387535809475782	0.26102292768959434	0.269521326918543	1.2054078179936738	4.850965308461767	6.385194398997726	1.720946067050716	8.34824966899674	4128	25.79853630065918	25.79853630065918	16	23.946943283081055	23.946943283081055	-0.07177124298834019	0.0	True	False	0.27022596131796917	1.2059967014698798	0.0	0.0	False	False
48	2465	549	1916	0.589986637635638	0.6496129467583885	-0.0099739533355325	0.0026674570243034974	0.002729426378851789	0.22271805273833672	-0.032195860924581154	0.9779307001252356	0.18734532821008282	6.309918278226516	0.0	0.0	3810	29.18336029052734	29.18336029052734	33	26.112365341186525	26.112365341186525	-0.10523102613161489	0.0	True	False	-0.03228798952429912	0.9778682527563562	0.0	0.0	False	False
49	2572	498	2074	7.80047463400102e-06	1.9691442063880624e-05	-0.0867302023363052	0.002419660470133227	0.002954504337024327	0.19362363919129083	-0.2870114965467483	0.8195980763991914	4.705722477998339	6.212606095751519	0.0	0.0	3413	29.9307804107666	29.9307804107666	73	27.419680404663087	27.419680404663087	-0.08389691052626981	0.0	True	False	-0.2877876748559274	0.8191572464701586	0.0	0.0	False	False
50	1572	355	1217	0.923446647438507	0.9301871339161604	-0.0022130182177675	0.0017248583672636458	0.0017336700955441688	0.22582697201017812	-0.005913556423584154	0.9959094243284071	0.03142967182069519	5.87493073085203	0.0	0.0	2470	26.120849609375	26.120849609375	15	25.947106170654298	25.947106170654298	-0.00665152325896568	0.0	True	False	-0.005928772609436805	0.995898920471009	0.0	0.0	False	False
51	6503	1582	4921	0.0002352767467164	0.0004798254834512	0.0400023210840999	0.0076865519352425	0.007010181216247209	0.2432723358449946	0.13319415600283424	1.0967191736820212	3.3189166904483485	7.367077059881012	0.981251611198693	3.256692349936676	10873	24.51321029663086	24.51321029663086	201	21.118087768554688	21.118087768554688	-0.138501750158069	0.0	True	False	0.13417467916554493	1.0974648087865535	0.0	0.0	False	False
52	2363	550	1813	0.4231079725844637	0.4844483026706463	0.014814092355622	0.0026723157802676202	0.0025826983428279193	0.23275497249259416	0.05012447452079449	1.0353542494860506	0.31475256136406615	6.311734809152915	0.31637239062339695	0.09957902029358706	3742	28.491741180419922	28.491741180419922	108	22.439488029479982	22.439488029479982	-0.2124213157986696	0.0	True	False	0.050251621773771404	1.0354455010992187	0.0	0.0	False	False
53	5145	1036	4109	1.0862862473981494e-06	2.998150042818892e-06	-0.0655271788960068	0.005033671178831372	0.005853451456525053	0.20136054421768707	-0.21715600551064007	0.86025960159906	5.523146636618584	6.9440872082295275	0.0	0.0	7136	31.916088104248047	31.916088104248047	116	21.43072509765625	21.43072509765625	-0.328529078261198	0.0	True	False	-0.21834766075604328	0.8595493270239489	0.0	0.0	False	False
54	2079	373	1706	1.2430154461284816e-08	4.1500676991708985e-08	-0.12742098806557	0.0018123159746178587	0.0024302721306477828	0.1794131794131794	-0.42177351538292385	0.7465063743760553	7.3819448186766925	5.924255797414532	0.0	0.0	2577	32.56570816040039	32.56570816040039	34	32.47802734375	32.47802734375	-0.0026924277592406147	0.0	True	False	-0.42266941401083	0.7460429455823865	0.0	0.0	False	False
55	2895	634	2261	0.2608122072801409	0.3144373469347472	-0.0193620975067973	0.0030804512812539478	0.003220894072329799	0.21899827288428325	-0.06350117586359971	0.9569389707228981	0.5024658767407458	6.453624998892692	0.0	0.0	4331	26.724123001098633	26.724123001098633	107	22.520331954956056	22.520331954956056	-0.15730323670377352	0.0	True	False	-0.0637069171426603	0.9568025123555047	0.0	0.0	False	False
56	3575	884	2691	0.0007003286924078	0.0013299820121874	0.0493877742059852	0.004295140272284685	0.003833448009128478	0.24727272727272728	0.16461037359773378	1.1208633273359094	2.876154232762675	6.785587645007929	1.1169781173249218	3.2126013400473576	6007	26.06148910522461	26.06148910522461	181	21.85883331298828	21.85883331298828	-0.16125923485292373	0.0	True	False	0.1652766845246827	1.1213811193525234	0.0	0.0	False	False
57	1520	282	1238	2.101931321085715e-05	5.001146936376356e-05	-0.109622329407212	0.0013701691818826707	0.0017635855203645694	0.18552631578947368	-0.3621843450171074	0.7779857605613926	4.300930385460332	5.645446897643238	0.0	0.0	1910	35.21668243408203	35.21668243408203	64	22.147764205932617	22.147764205932617	-0.37110020947065603	0.0	True	False	-0.3627552957983209	0.7776779313378114	0.0	0.0	False	False
58	5530	1889	3641	0.0	0.0	0.2478604859443372	0.009178190016228245	0.005186764846241839	0.3415913200723327	0.8235584243764595	1.7697657618367033	300.0	7.5443321080536885	6.213198263881429	310.65991319407146	13106	25.295114517211914	25.295114517211914	117	21.208021545410155	21.208021545410155	-0.16157637748667714	0.0	True	False	0.829355995981258	1.7768919992165857	0.0	0.0	False	False
59	1089	273	816	0.0289876926008809	0.0424282253571831	0.0573216952442903	0.0013264403782055642	0.0011624279358784238	0.25068870523415976	0.19217469815756694	1.1424845836850372	1.3723451330625351	5.6131281063880705	1.0787011995648828	1.4803503412515853	1887	31.245296478271484	31.245296478271484	24	26.628740310668945	26.628740310668945	-0.14775203592044556	0.0	True	False	0.19240913220449585	1.1426702494283247	0.0	0.0	False	False
60	3302	656	2646	1.6420893620860966e-05	3.975584771366339e-05	-0.0728367935189871	0.0031873439124646525	0.003769343527370477	0.19866747425802544	-0.24113198681528303	0.8460811882314352	4.4005989816493045	6.48768401848461	0.0	0.0	4487	35.17056655883789	35.17056655883789	105	26.277174758911134	26.277174758911134	-0.2528646157874294	0.0	True	False	-0.24197705015114224	0.8455857385296964	0.0	0.0	False	False
61	1132	332	800	1.9347412560932758e-10	7.628408381167771e-10	0.1508973036691947	0.001613106980088818	0.0011396352312533565	0.29328621908127206	0.5025396887990006	1.416705305561821	9.117566065371674	5.808142489980444	2.9188221194150246	26.612553506834658	2307	31.486574172973633	31.486574172973633	17	38.623023986816406	38.623023986816406	0.1847719074580678	0.1847719074580678	True	False	0.5032212238700549	1.417374721079885	0.5400477414104033	0.5393163305351142	True	True
62	2545	454	2091	1.2450218633830443e-10	4.956144725390197e-10	-0.1304489730034822	0.0022058752077118173	0.0029787215856884606	0.17838899803536346	-0.4320990475232236	0.7411826176240984	9.304856020189305	6.12029741895095	0.0	0.0	3162	35.603092193603516	35.603092193603516	16	42.41335105895996	42.41335105895996	0.16056875241688207	0.16056875241688207	True	False	-0.43321940902795575	0.7406072568572741	0.0	0.0	False	False
63	9185	2335	6850	2.398081733190338e-13	1.2107388262692685e-12	0.0654455203661648	0.011345195176227079	0.009758126667606866	0.2542188350571584	0.21760890562738844	1.1628047787663933	11.91694953030289	7.756195343948118	1.6878171806287956	20.113632157931473	16201	25.983976364135742	25.983976364135742	144	22.574916648864747	22.574916648864747	-0.13119853818741667	0.0	True	False	0.21992047195641362	1.1646693827193728	0.0	0.0	False	False
64	2652	449	2203	8.437694987151191e-15	5.2137398875829766e-14	-0.1579189491903374	0.0021815814278912026	0.0031382705180639306	0.16930618401206637	-0.523317124836284	0.6957702389362863	13.282850639490139	6.1092475827643655	0.0	0.0	3090	36.0880126953125	36.0880126953125	53	32.573787689208984	32.573787689208984	-0.09737928867886873	0.0	True	False	-0.524703498281994	0.6951019521296392	0.0	0.0	False	False
65	4796	1124	3672	0.1474841283176087	0.1828096680344012	0.0187128456604423	0.005461241703674191	0.005230925711452907	0.23436196830692244	0.06260792126088077	1.0443519025813413	0.7380008399864237	7.025538314638521	0.4398543496181895	0.3246128794899059	7718	28.737701416015625	28.737701416015625	150	24.3419246673584	24.3419246673584	-0.1529620161690261	0.0	True	False	0.0629394918250421	1.044591950640437	0.0	0.0	False	False
66	3395	702	2693	0.0017948649033201	0.0032879383627192	-0.0510500343249109	0.003410846686814308	0.0038362970972066115	0.20677466863033872	-0.16882518380410083	0.8895667787969895	2.4830763325498215	6.555356891810665	0.0	0.0	4861	30.45331382751465	30.45331382751465	53	21.678874969482422	21.678874969482422	-0.28812755510713906	0.0	True	False	-0.16944369652474833	0.8891854851576189	0.0	0.0	False	False
67	5829	1249	4580	0.0102127121369741	0.0160153894875276	-0.031453832673144	0.00606858619918956	0.006524411698925466	0.21427346028478297	-0.10406743683300235	0.9304061661057434	1.7954624950128266	7.1308988302963465	0.0	0.0	8713	31.9996337890625	31.9996337890625	30	34.99026679992676	34.99026679992676	0.0854704260463232	0.0854704260463232	True	False	-0.10473171286276362	0.9299778675177439	0.0	0.0	False	False
68	1906	637	1269	0.0	0.0	0.233527017197322	0.0030950275491463167	0.0018077463855756368	0.3342077649527807	0.7763236030254212	1.7127607059855479	300.0	6.45833828334479	5.013760445683241	250.68802228416206	4371	21.77281951904297	21.77281951904297	88	19.387203025817872	19.387203025817872	-0.1095685605228384	0.0	True	False	0.7781828349491438	1.7149694001921094	0.0	0.0	False	False
69	676	149	527	0.6573484542884156	0.7068630131828677	-0.015775139841845	0.000723954638654319	0.0007507347085881486	0.22041420118343194	-0.04893885846973589	0.9666470627760947	0.15066474233195537	5.0106352940962555	0.0	0.0	1033	33.034664154052734	33.034664154052734	10	25.679416847229003	25.679416847229003	-0.22265240150538598	0.0	True	False	-0.04898000147603376	0.9666194961747164	0.0	0.0	False	False
70	1955	450	1505	0.6767735244464093	0.7184211259508038	0.0085252208024949	0.0021864401838553255	0.002143938778795377	0.23017902813299232	0.029443054015565906	1.0206180446024882	0.14362090525367102	6.111467339502679	0.17994026299134422	0.025843183462400495	3145	36.299102783203125	36.299102783203125	5	58.58284683227539	58.58284683227539	0.3803800131610428	0.3803800131610428	True	False	0.029502020903487747	1.020659760902935	0.06858275875145724	0.06844567960484903	False	False
71	2462	594	1868	0.0474943522823114	0.0664279116380977	0.0352587800439544	0.0028861010426890297	0.0026610482649765876	0.2412672623883022	0.11795490229161665	1.085195448847884	1.1776494007017113	6.38856140554563	0.7535621363751279	0.8874319982936707	4156	36.89702606201172	36.89702606201172	2	57.706002426147464	57.706002426147464	0.3606033252912852	0.3606033252912852	True	False	0.11827800319599646	1.085438512618542	0.27248135153277103	0.2717370121904761	False	False
72	2751	615	2136	0.6523627432311963	0.7033285825461335	-0.0078769256242623	0.0029881349179356116	0.0030428260674464623	0.22355507088331517	-0.025331804269947966	0.9825945864189062	0.1528417329494113	6.423246963533519	0.0	0.0	4194	25.095714569091797	25.095714569091797	111	17.2893009185791	17.2893009185791	-0.3110656056045192	0.0	True	False	-0.025413430193566455	0.9825389939898254	0.0	0.0	False	False
73	537	146	391	0.0033898277813269	0.0058474529227889	0.1050253053467709	0.0007093783707619501	0.000556996719275078	0.2718808193668529	0.3519751080579123	1.2763067475238117	2.233033265962641	4.990432586778736	1.7565080489871725	3.9223409053194924	992	21.164926528930664	21.164926528930664	30	14.959287643432617	14.959287643432617	-0.2932038945193343	0.0	True	False	0.3521926084278597	1.2764991777382229	0.0	0.0	False	False
74	2303	555	1748	0.0601397993209782	0.0819009109173848	0.0346007617811629	0.002696609560088235	0.002490102980288584	0.2409900130264872	0.11582777161808266	1.0835965997756078	1.0867112679075464	6.320768294250582	0.7321205064372743	0.7956036038115654	3788	35.87208137512208	35.87208137512208	97	23.05368576049805	23.05368576049805	-0.357336266066619	0.0	True	False	0.11612398810703439	1.0838191084315372	0.0	0.0	False	False
75	1780	359	1421	0.0047130332066114	0.0079640642756617	-0.0646504223919097	0.0017442933911201376	0.0020242770795137746	0.20168539325842696	-0.21326367231152332	0.8625836811337271	2.0988652435652018	5.886104031450156	0.0	0.0	2388	32.68959045410156	32.68959045410156	125	22.19119644165039	22.19119644165039	-0.3211540391486899	0.0	True	False	-0.2136708472473714	0.8623402666305903	0.0	0.0	False	False
76	2407	713	1694	0.0	0.0	0.157025330813867	0.0034642930024196606	0.0024131776021789828	0.29621936019941836	0.5222124489184754	1.4361559810398472	300.0	6.570882962339584	3.4313968833200406	171.56984416600204	4935	32.010101318359375	32.010101318359375	56	25.178682327270508	25.178682327270508	-0.2134144757352177	0.0	True	False	0.5237308706276096	1.4376683161746595	0.0	0.0	False	False
77	1945	403	1542	0.0207895162100979	0.0311842743151469	-0.0499301206166958	0.001958078653541547	0.002196646908240845	0.20719794344473008	-0.16454315983229506	0.8922109999746582	1.5060643579009467	6.0014148779611505	0.0	0.0	2783	33.67918014526367	33.67918014526367	38	22.29378490447998	22.29378490447998	-0.3380544060656069	0.0	True	False	-0.1648905394199467	0.8919961946488644	0.0	0.0	False	False
78	1461	288	1173	0.002548364681973	0.0045086452065677	-0.0770563173988238	0.0013993217176674084	0.001670990157825234	0.1971252566735113	-0.2540878669509823	0.8385171132278816	2.345953938765798	5.666426688112432	0.0	0.0	2010	32.9154052734375	32.9154052734375	6	41.29386901855469	41.29386901855469	0.2028984918161209	0.2028984918161209	True	False	-0.2544828847184508	0.8382875540995636	0.0	0.0	False	False
79	1854	339	1515	5.847283401916314e-07	1.646785937682554e-06	-0.1173637276779104	0.0016471182718376786	0.002158184219186044	0.18284789644012944	-0.3882236216128927	0.7640698183258399	5.783362850208038	5.8289456176102075	0.0	0.0	2338	29.10492515563965	29.10492515563965	35	27.729603576660157	27.729603576660157	-0.04725391223735877	0.0	True	False	-0.3889648202754934	0.7636773708173976	0.0	0.0	False	False
80	2642	671	1971	0.0001048229702675	0.0002225994522946	0.0648851028463125	0.003260225251926497	0.0028077763010004573	0.25397426192278577	0.21625234524633186	1.1617119119698605	3.6524759085804908	6.51025834052315	1.4078586342976236	5.1421697444591015	4678	27.73995018005371	27.73995018005371	19	25.0599422454834	25.0599422454834	-0.0966118510370419	0.0	True	False	0.21690459174673116	1.1622372439476085	0.0	0.0	False	False
81	2503	510	1993	0.0020748889875568	0.0037511093486834	-0.0590879156455807	0.0024779655417027026	0.0028391162698599244	0.20375549340791052	-0.19523398819282178	0.8734312241411551	2.425840275535331	6.236369590203704	0.0	0.0	3507	30.960216903686536	30.960216903686536	63	28.590232849121094	28.590232849121094	-0.07654933626396011	0.0	True	False	-0.1957588904730354	0.8731134975008088	0.0	0.0	False	False
82	2384	486	1898	0.0027747844445056	0.0048676303390903	-0.0588107318719789	0.0023613553985637518	0.0027037845861485883	0.20385906040268456	-0.194261537911272	0.8740201599446158	2.312682410678022	6.18826412308259	0.0	0.0	3385	35.1856689453125	35.1856689453125	17	35.47165298461914	35.47165298461914	0.008062326258960814	0.008062326258960814	True	False	-0.1947592958922737	0.8737186579251263	0.0	0.0	False	False
83	3831	1218	2613	0.0	0.0	0.201357085526058	0.005917964764301748	0.003722333574081276	0.3179326546593579	0.6692098426901536	1.5902017828988886	300.0	7.105786129481271	4.755262017900037	237.76310089500186	8467	31.161680221557617	31.161680221557617	59	24.802255630493164	24.802255630493164	-0.20407835989103726	0.0	True	False	0.6723903183124884	1.593711309717286	0.0	0.0	False	False
84	7524	1748	5776	0.1833423448814173	0.2239048105631468	0.0137634506933115	0.008493105425286909	0.008228166369649235	0.23232323232323232	0.0460089231062808	1.0324049209147321	0.649936575565292	7.466799475018602	0.3435394028961487	0.22327882309006805	12094	27.49614715576172	27.49614715576172	142	24.52584056854248	24.52584056854248	-0.10802628347865896	0.0	True	False	0.04639187321483629	1.032678999664747	0.0	0.0	False	False
85	1596	466	1130	1.3011813848606837e-13	6.650482633732387e-13	0.1481566801634649	0.0022641802792812927	0.0016097347641453662	0.29197994987468673	0.4930747450269344	1.4074412919912171	12.177146836266681	6.1463292576688975	3.0305997315766784	36.9040579333596	3224	31.835138893127453	31.835138893127453	38	24.937020683288573	24.937020683288573	-0.21668252282474074	0.0	True	False	0.49401825916416975	1.4083620514352462	0.0	0.0	False	False
86	1231	244	987	0.0075960783946409	0.0121890560286098	-0.0740781193732306	0.0011855364552459987	0.0014060249665588287	0.19821283509341997	-0.24385953207288757	0.8444831064745325	1.9140299266572536	5.501258210544727	0.0	0.0	1681	36.228065490722656	36.228065490722656	27	28.552491760253908	28.552491760253908	-0.21186816426712937	0.0	True	False	-0.24418052244522492	0.8442952353128782	0.0	0.0	False	False
87	6382	1632	4750	1.2319723019516005e-10	4.951811000077307e-10	0.0688757517494871	0.007929489733448649	0.006766584185566805	0.2557192102789094	0.229090374611153	1.1720957048569662	9.30523593975327	7.398174092970465	1.6948504743971309	15.770983546868063	11253	23.710865020751953	23.710865020751953	171	19.12693977355957	19.12693977355957	-0.193325939107683	0.0	True	False	0.23077801379297558	1.1734676039693344	0.0	0.0	False	False
88	3303	712	2591	0.0832144729304471	0.1111315864296939	-0.0281382123921892	0.0034594342464555373	0.0036909936052218085	0.21556161065697851	-0.09273872351852575	0.9377409088246512	0.9541624859514959	6.569481420414296	0.0	0.0	4979	30.053728103637695	30.053728103637695	5	47.29109497070313	47.29109497070313	0.3644949832044277	0.3644949832044277	True	False	-0.09307647733046309	0.9375213970874648	0.0	0.0	False	False
89	3157	878	2279	4.440892098500626e-16	3.1698781530676885e-15	0.1185993976823679	0.004265987736499947	0.0032465358650329997	0.27811213177066835	0.3944835330703178	1.3144721112555242	14.49895743130508	6.778784897685177	2.674119016362561	38.77193778448419	6079	29.938934326171875	29.938934326171875	67	25.187384796142577	25.187384796142577	-0.1587080381106154	0.0	True	False	0.3959573478160685	1.3158156233637128	0.0	0.0	False	False
90	2242	481	1761	0.1197312608246576	0.1549023186919008	-0.030765072636452	0.002337061618743137	0.002508622052796451	0.21454058876003568	-0.10111002072479813	0.9323153848368769	0.8099420813527308	6.1779441140506	0.0	0.0	3253	26.207369232177733	26.207369232177733	114	19.90356159210205	19.90356159210205	-0.24053568995150376	0.0	True	False	-0.10136061412764796	0.9321534574796437	0.0	0.0	False	False
91	4598	1059	3539	0.5054563376985182	0.5663711260302722	0.0088646044265942	0.0051454225660061996	0.005041461354257037	0.23031752936059155	0.029924763206443217	1.0209588811382782	0.24689889537012663	6.966024187106113	0.20845662428950654	0.05146771026966467	7280	25.72347640991211	25.72347640991211	133	20.664852142333984	20.664852142333984	-0.19665398980166107	0.0	True	False	0.03007302520192745	1.0210638078032488	0.0	0.0	False	False
92	3539	639	2900	3.8746783559417963e-13	1.865252138790585e-12	-0.1240479327836892	0.0031047450610745624	0.004131177713293418	0.1805594800791184	-0.41119860417756016	0.7519983470279369	11.729262453354492	6.461468176353717	0.0	0.0	4442	38.314002990722656	38.314002990722656	31	35.48493576049805	35.48493576049805	-0.07383898860449635	0.0	True	False	-0.4126872945524189	0.7512227740370335	0.0	0.0	False	False
93	1599	207	1392	0.0	0.0	-0.2948196828595026	0.0010057624845734498	0.0019829653023808406	0.1294559099437148	-0.9764073350664013	0.5082438172243126	300.0	5.337538079701318	0.0	0.0	1431	41.455169677734375	41.455169677734375	18	38.540771865844725	38.540771865844725	-0.07030239737397521	0.0	True	False	-0.9778217294971707	0.5077457875358248	0.0	0.0	False	False
94	2123	455	1668	0.1232603393762405	0.1584775791980236	-0.0313354426875765	0.0022107339636759406	0.0023761394571632484	0.2143193593970796	-0.10294197645356284	0.9311322681532769	0.8000321714231305	6.1224928095143865	0.0	0.0	3167	31.25487518310547	31.25487518310547	18	21.889702987670898	21.889702987670898	-0.29963876485089364	0.0	True	False	-0.10318363725371782	0.9309763105062038	0.0	0.0	False	False
95	1585	296	1289	2.464968381521437e-05	5.765519265253531e-05	-0.1061119993369973	0.001438191765380392	0.0018362372663569709	0.18675078864353312	-0.35062101231650367	0.784246444045314	4.239161572345239	5.6937321388027	0.0	0.0	2031	33.52060317993164	33.52060317993164	41	31.480308532714844	31.480308532714844	-0.06086688345865731	0.0	True	False	-0.35119869273410487	0.783932480865835	0.0	0.0	False	False
96	1547	389	1158	0.007192071984541	0.0116309289125	0.0590902488913686	0.001890056070043826	0.0016496219972392337	0.25145442792501616	0.19752394012355268	1.1467285647991057	1.9343855986453509	5.966146739123692	1.1784568112669973	2.279589884340402	2620	23.641569137573242	23.641569137573242	103	18.161619567871092	18.161619567871092	-0.23179297185451775	0.0	True	False	0.1978689459723082	1.147002826066776	0.0	0.0	False	False
97	4508	949	3559	0.0033692455671157	0.0058362663798573	-0.0412125686198808	0.0046109594099526755	0.00506995223503837	0.21051464063886424	-0.13634794483890111	0.9098193701266015	2.2338648941840065	6.856461984594587	0.0	0.0	6452	32.023109436035156	32.023109436035156	191	20.46335792541504	20.46335792541504	-0.3609815447094619	0.0	True	False	-0.1370158406546258	0.9093982666392565	0.0	0.0	False	False
98	2050	377	1673	2.878093616764943e-07	8.332382918466338e-07	-0.1143053837993725	0.0018317509984743506	0.002383262177358582	0.18390243902439024	-0.37823325054738355	0.7693792091332505	6.079230780064221	5.934894195619588	0.0	0.0	2560	34.888858795166016	34.888858795166016	79	28.660228729248047	28.660228729248047	-0.1785277673450577	0.0	True	False	-0.37903307464903335	0.7689527867292621	0.0	0.0	False	False
99	1881	387	1494	0.0146583814633072	0.0223932469587055	-0.0537904255033002	0.00188033855811558	0.0021282687943656436	0.20574162679425836	-0.17730793058978733	0.8843516580889178	1.6498829303597413	5.961005339623274	0.0	0.0	2668	34.13086700439453	34.13086700439453	41	36.53556823730469	36.53556823730469	0.06581808765888669	0.06581808765888669	True	False	-0.17766881833599335	0.8841304666704983	0.0	0.0	False	False
100	4866	1006	3860	0.0001787104516812	0.0003699306349802	-0.0511401169951903	0.004887908499907684	0.005498739990797446	0.20674064940402795	-0.16935378980094118	0.8892408996718469	3.431879702066754	6.914730892718563	0.0	0.0	6995	28.483171463012695	28.483171463012695	47	25.84259796142578	25.84259796142578	-0.09270644264512032	0.0	True	False	-0.17024212265698857	0.8886935222053047	0.0	0.0	False	False
101	1958	560	1398	1.1501910535116622e-13	6.027583495618077e-13	0.1355300625533395	0.0027209033399088495	0.001991512566615241	0.28600612870275793	0.4509927752559406	1.3669806063441856	12.21985676495133	6.329720905522696	2.854658397777226	34.88351673370316	3907	32.29082489013672	32.29082489013672	13	23.21808433532715	23.21808433532715	-0.2809696124418566	0.0	True	False	0.45204506425246826	1.3679780336152398	0.0	0.0	False	False
102	1357	386	971	1.8712043026170022e-09	6.621184455414008e-09	0.1322172817207647	0.0018754798021514572	0.0013832322619337617	0.2844509948415623	0.44034116926620825	1.356925175873337	8.179064313213289	5.958424693029782	2.623739696313382	21.459735717277855	2556	24.857248306274414	24.857248306274414	146	19.261049270629883	19.261049270629883	-0.22513348889997412	0.0	True	False	0.4410500089440923	1.3575920380355664	0.0	0.0	False	False
103	2921	576	2345	2.037627456119573e-05	4.876172062621405e-05	-0.0768711566709844	0.0027986434353348168	0.0033405557716114013	0.19719274221157138	-0.25441623691750337	0.8383262811423446	4.311920978088808	6.3578422665081	0.0	0.0	3987	33.59100341796875	33.59100341796875	45	33.71762619018555	33.71762619018555	0.0037553881018366404	0.0037553881018366404	True	False	-0.2552029420713904	0.8378692643770087	0.0	0.0	False	False
104	2814	544	2270	2.37033623196048e-06	6.331091613107345e-06	-0.087577750537999	0.0026431632444828827	0.0032337149686813994	0.19331911869225302	-0.2899193317807214	0.8179477927880726	5.19852140204019	6.300785794663244	0.0	0.0	3648	29.049089431762695	29.049089431762695	160	22.583223342895508	22.583223342895508	-0.2225841227848373	0.0	True	False	-0.29077631194786413	0.8174620651282236	0.0	0.0	False	False
105	1163	268	895	0.7296818083432219	0.7667214940459236	0.0091609656703489	0.0013021465983849496	0.0012749669149646928	0.23043852106620807	0.03231540692615731	1.0226520818695009	0.11536236168873304	5.594711379601839	0.18079537486623637	0.020856981426968835	1847	35.97123336791992	35.97123336791992	29	23.06334686279297	23.06334686279297	-0.3588391416302823	0.0	True	False	0.03235218899839687	1.0226781551151953	0.0	0.0	False	False
106	2742	722	2020	9.323663419102957e-08	2.797099025730887e-07	0.0860350350797386	0.003508021806096767	0.0028775789589147254	0.2633114514952589	0.2864438921312864	1.219630295346929	6.553292158023465	6.583409222158765	1.8857773610881614	12.358049992197232	4906	26.889101028442383	26.889101028442383	148	22.068187713623047	22.068187713623047	-0.1792887501043615	0.0	True	False	0.28735385557252613	1.22039980589875	0.0	0.0	False	False
107	1644	278	1366	8.949541108194126e-10	3.3081339453503287e-09	-0.1585566964698564	0.001350734158026179	0.0019459271573651063	0.16909975669099755	-0.5246494762564691	0.6951279808587844	8.480416914310291	5.631211781821365	0.0	0.0	1857	37.425655364990234	37.425655364990234	89	32.7930908203125	32.7930908203125	-0.12378045219246205	0.0	True	False	-0.525512055992559	0.6947124917365627	0.0	0.0	False	False
108	2033	661	1372	0.0	0.0	0.2156965550715846	0.003211637692285267	0.0019544744215995065	0.3251352680767339	0.7170936633128218	1.643867095023089	300.0	6.495265555937008	4.657713771696461	232.88568858482304	4514	25.665630340576172	25.665630340576172	113	21.786038208007813	21.786038208007813	-0.15115904347904924	0.0	True	False	0.718909577262945	1.6459375261075004	0.0	0.0	False	False
109	1725	433	1292	0.005316437981012	0.008947176114386	0.0580745896513038	0.0021038413324652354	0.0018405108984741708	0.2510144927536232	0.19402636894624337	1.1439518816627332	2.048314014008744	6.073044534100405	1.178330779400332	2.4135914485835457	3010	24.014766693115234	24.014766693115234	21	25.900049209594727	25.900049209594727	0.07279069245092729	0.07279069245092729	True	False	0.1944045424300498	1.1442517849419358	0.08593868916143294	0.08577151336879099	True	True
110	444	139	305	1.5729595537194998e-07	4.618476987516829e-07	0.1915641678653465	0.0006753670790130895	0.0004344859319153422	0.3130630630630631	0.6391794929371635	1.557443139394432	6.335501215994646	4.941642422609304	3.158596497960191	20.01129195366322	916	25.676834106445312	25.676834106445312	57	21.945113754272462	21.945113754272462	-0.1453341302398385	0.0	True	False	0.6395247247509008	1.5578158746170725	0.0	0.0	False	False
111	3084	702	2382	0.8908976029329649	0.9081981306118376	0.0022445619398196	0.003410846686814308	0.0033932639010568694	0.22762645914396887	0.008180667237690287	1.00568651361582	0.04181939636348092	6.555356891810665	0.05362719335620274	0.002242656854824073	4897	31.11913299560547	31.11913299560547	17	26.09132194519043	26.09132194519043	-0.16156655299892347	0.0	True	False	0.008203634675666649	1.0057025240863835	0.0	0.0	False	False
112	2456	579	1877	0.2208714013611437	0.2673706437529634	0.0220634980629453	0.0028132197032271857	0.002673869161328188	0.23574918566775244	0.07415440953154473	1.0527438223052932	0.572886278285631	6.363028103540465	0.471846591850668	0.27031443792708837	4025	26.175769805908203	26.175769805908203	28	25.81504306793213	25.81504306793213	-0.013780940948474119	0.0	True	False	0.07435351855904315	1.0528891234658133	0.0	0.0	False	False
113	1872	448	1424	0.1351748166924764	0.1700984015522348	0.0306172316543075	0.00217672267192708	0.0020285507116309747	0.23931623931623933	0.10281101952211635	1.0738637956077006	0.7692997675179765	6.1070228877422545	0.6278692493336803	0.48301966754408665	3027	26.9880428314209	26.9880428314209	109	21.6322021484375	21.6322021484375	-0.19845235597254376	0.0	True	False	0.10302275408281503	1.0740214108752797	0.0	0.0	False	False
114	2547	575	1972	0.8948737994207441	0.9081981306118376	-0.00238985895869	0.002793784679370694	0.002809200845039524	0.22575579112681587	-0.00705071584188488	0.9951247390450847	0.04181939636348092	6.3561076606958915	0.0	0.0	3902	28.401734924316415	28.401734924316415	123	21.972730255126955	21.972730255126955	-0.22635957579074534	0.0	True	False	-0.007075503330936428	0.995107641577517	0.0	0.0	False	False
115	2369	454	1915	5.589741464362419e-06	1.4197257461632156e-05	-0.092263718490471	0.0022058752077118173	0.0027280018348127223	0.19164204305614183	-0.30528207530306695	0.8092839701178823	4.847795541836229	6.12029741895095	0.0	0.0	3147	32.358375549316406	32.358375549316406	31	25.974315643310547	25.974315643310547	-0.19729234850730099	0.0	True	False	-0.3060396898748188	0.8088590955938685	0.0	0.0	False	False
116	1668	437	1231	6.11646560746415e-05	0.0001354126610422	0.0830725909960834	0.0021232763563217272	0.0017536137120911025	0.2619904076738609	0.2770250451474361	1.2116936952178965	3.8683407273517982	6.082218910376446	1.6849269682436245	6.517871613870203	2949	25.558181762695312	25.558181762695312	110	20.709144020080565	20.709144020080565	-0.18972545807982305	0.0	True	False	0.2775569085092524	1.2121404800691005	0.0	0.0	False	False
117	4907	1213	3694	7.520824668971748e-05	0.0001656181602635	0.0492131167189276	0.005893670984481133	0.005262265680312374	0.24719788057876502	0.16388173085772273	1.120297370778604	3.7808920439411917	7.101675971619444	1.1638349502196943	4.400334303746335	8414	33.498207092285156	33.498207092285156	77	31.59918975830078	31.59918975830078	-0.05669011863090817	0.0	True	False	0.1647952732041995	1.1210069893458927	0.0	0.0	False	False
118	1055	236	819	0.7900399414303023	0.8238703671338669	-0.0075226918326651	0.0011466664075330153	0.0011667015679956239	0.22369668246445498	-0.02281701483335752	0.984308859573018	0.08414111751090193	5.4680601411351315	0.0	0.0	1639	33.40419006347656	33.40419006347656	13	27.919387817382812	27.919387817382812	-0.16419503767854313	0.0	True	False	-0.022848433011809277	0.9842874240971952	0.0	0.0	False	False
119	2568	535	2033	0.0122616944762117	0.0189415728102673	-0.0469343896598751	0.0025994344408057763	0.0028960980314225926	0.20833333333333334	-0.15491975978517125	0.8981823268497012	1.7225839622672552	6.284134161070802	0.0	0.0	3591	27.444795608520508	27.444795608520508	154	22.881661224365235	22.881661224365235	-0.16626592703567458	0.0	True	False	-0.1553514175562256	0.8979136287710895	0.0	0.0	False	False
120	2066	533	1533	7.99044195920473e-05	0.0001750287286301	0.0740342611290653	0.00258971692887753	0.0021838260118892446	0.2579864472410455	0.24681876048411233	1.1865877224277734	3.756890661819258	6.280395838960195	1.550119516321732	5.8236295355729	3693	27.49339485168457	27.49339485168457	38	22.518987083435057	22.518987083435057	-0.18093101252443994	0.0	True	False	0.2474032541796518	1.1870685541596173	0.0	0.0	False	False
121	1254	310	944	0.0456497355913687	0.0640643746943276	0.0492389064934814	0.0015062143488781133	0.0013447695728789608	0.24720893141945774	0.16512922275881614	1.1212665058100344	1.1933834084643198	5.739792912179234	0.9478075423847188	1.1310977954992658	2134	25.865921020507812	25.865921020507812	36	24.306225776672363	24.306225776672363	-0.06029923475753459	0.0	True	False	0.16535998967064636	1.1214458728259213	0.0	0.0	False	False
122	1657	362	1295	0.3637146352794858	0.4242335792675185	-0.0207119909269037	0.0017588696590125064	0.0018447845305913709	0.2184671092335546	-0.06736936435109087	0.9543766396683987	0.3723949588429827	5.8944028342648505	0.0	0.0	2468	25.283432006835938	25.283432006835938	66	18.776960372924805	18.776960372924805	-0.2573413147452436	0.0	True	False	-0.06749601858066612	0.9542928585997008	0.0	0.0	False	False
123	2134	516	1618	0.0557536762107664	0.0769400731708576	0.0365203913078678	0.00250711807748744	0.0023049122552099136	0.24179943767572634	0.12226963958259063	1.088445853100416	1.1138474050101679	6.248042874508429	0.7639459503627192	0.8509192143795413	3599	33.270023345947266	33.270023345947266	13	50.14424514770508	50.14424514770508	0.3365136268788779	0.3365136268788779	True	False	0.12255958080788609	1.0886646221606766	0.25768783887403535	0.2570782224959899	False	False
124	2633	601	2032	0.8299115702664666	0.8568164341404417	0.0037999753477036	0.0029201123344378905	0.002894673487383526	0.22825674135966578	0.013468041140392017	1.0093790448919286	0.06711221212477657	6.400257445308821	0.08619893058251951	0.00578500091418294	4204	32.9944953918457	32.9944953918457	3	70.3407974243164	70.3407974243164	0.5309337312056162	0.5309337312056162	True	False	0.013502364115085541	1.0094030591863925	0.04588255317172347	0.045765919840110976	False	False
125	2752	763	1989	8.79296635503124e-14	4.667035988439658e-13	0.1167389617871326	0.0037072308006258076	0.002833418093703658	0.2772529069767442	0.38838091402982045	1.3089236202658832	12.330958850171092	6.638567789166521	2.5782930258054177	31.79282520488972	5304	30.960344314575195	30.960344314575195	37	22.234088897705078	22.234088897705078	-0.2818526605584958	0.0	True	False	0.3896432082375334	1.3100693715781995	0.0	0.0	False	False
126	1800	376	1424	0.0420220015707781	0.0595791392133635	-0.0454729374159896	0.0018268922425102277	0.0020285507116309747	0.2088888888888889	-0.14964710072521648	0.9014709454766987	1.224905775669261	5.932245187448011	0.0	0.0	2573	27.52197265625	27.52197265625	59	24.80576362609863	24.80576362609863	-0.09869238168633022	0.0	True	False	-0.14994107590031724	0.9012872732014963	0.0	0.0	False	False
127	4281	1293	2988	0.0	0.0	0.1690671386935602	0.006282371461610969	0.004256537588731287	0.3020322354590049	0.5619452621858416	1.4762583933667983	300.0	7.165493475060845	4.026615109534005	201.33075547670023	8916	24.821491241455078	24.821491241455078	135	16.489046096801758	16.489046096801758	-0.3356947841528984	0.0	True	False	0.5648809110721702	1.4792653965388798	0.0	0.0	False	False
128	1902	489	1413	0.0002380371872388	0.0004830754682199	0.0720159042319792	0.0023759316664561207	0.002012880727201241	0.25709779179810727	0.24019563269922628	1.181152817554773	3.3159850165131552	6.194405391104672	1.487869122111885	4.9337517154555925	3416	31.707340240478516	31.707340240478516	7	57.71765899658203	57.71765899658203	0.45064750040613766	0.45064750040613766	True	False	0.24071807285958258	1.1815806234282638	0.6719628890216174	0.6705045008111953	True	True
129	1486	266	1220	1.2195769056866368e-06	3.343740655326276e-06	-0.1286289870860677	0.0012924290864567037	0.0017379437276613687	0.17900403768506057	-0.42517810609527196	0.7447467841116427	5.475767414345621	5.58724865840025	0.0	0.0	1808	37.70692825317383	37.70692825317383	54	26.696501541137696	26.696501541137696	-0.2920000971203316	0.0	True	False	-0.42582430322386955	0.744413279485316	0.0	0.0	False	False
130	2945	747	2198	5.195728811635547e-05	0.0001175427173779	0.0641421206846476	0.0036294907051998408	0.003131147797868597	0.2536502546689304	0.21371270279952626	1.1596686959617688	3.9298042733920324	6.617402977974478	1.4142230759365595	5.557619887345116	5222	32.53880729675298	32.53880729675298	7	50.88880081176758	50.88880081176758	0.36059001631595394	0.36059001631595394	True	False	0.21443161140648748	1.1602467138636001	0.5116701597800517	0.5099547220263626	True	True
131	5445	1174	4271	0.0266116514466843	0.0393472274961689	-0.0280122675586233	0.005704179501880339	0.006084227590853857	0.21561065197428833	-0.09260931810974071	0.9378250251379905	1.4050858636997134	7.069023426578259	0.0	0.0	8124	31.755136489868164	31.755136489868164	94	25.40880069732666	25.40880069732666	-0.19985225995064995	0.0	True	False	-0.09316335359767258	0.9374649430865717	0.0	0.0	False	False
132	6544	1423	5121	0.0421987531708949	0.0596255420230392	-0.0233006687935545	0.006914009736946952	0.007295090024060548	0.2174511002444988	-0.0770371688794862	0.9480025409467454	1.2245676600013886	7.261225091971921	0.0	0.0	9818	26.424346923828125	26.424346923828125	143	21.85244369506836	21.85244369506836	-0.17301858933122988	0.0	True	False	-0.0775933795396524	0.9476371224259705	0.0	0.0	False	False
133	4139	1135	3004	0.0	0.0	0.1101451401535856	0.0055146880192795435	0.0042793302933563536	0.27422082628654265	0.36628953509972995	1.2890333011856565	300.0	7.035268599281097	2.576945264532401	128.84726322662004	7824	29.711782455444336	29.711782455444336	121	13.815681457519531	13.815681457519531	-0.5350100089674031	0.0	True	False	0.3680780581365575	1.2906323192274993	0.0	0.0	False	False
134	1244	328	916	0.0002842458175318	0.000571251303195	0.0868275770010154	0.0015936719562323262	0.0013048823397850933	0.26366559485530544	0.2898452407091501	1.2225091309225118	3.243172796165416	5.796057750765372	1.6799597539347242	5.448399772613844	2265	33.0838623046875	33.0838623046875	31	29.419612884521484	29.419612884521484	-0.11075639798098316	0.0	True	False	0.2902599992478123	1.2228606390224706	0.0	0.0	False	False
135	4284	1008	3276	0.1244299232363355	0.1585455512419125	0.0209658459777607	0.004897626011835929	0.0046668062719824955	0.23529411764705882	0.07014230314952652	1.0498202296624581	0.799845939686689	6.9167150203536085	0.4851543217565263	0.38804871437840704	7043	31.655988693237305	31.655988693237305	13	28.92732162475586	28.92732162475586	-0.08619749946601331	0.0	True	False	0.07047441609897209	1.0500619294099764	0.0	0.0	False	False
136	1058	231	827	0.4611351430028443	0.5230409567210343	-0.0210443227027106	0.0011223726277124005	0.0011780979203081573	0.21833648393194707	-0.0676603675076386	0.9541841536621055	0.28146430237267317	5.44673737166631	0.0	0.0	1545	26.705936431884766	26.705936431884766	72	21.49433822631836	21.49433822631836	-0.19514755525831975	0.0	True	False	-0.06774333467263105	0.9541292815820372	0.0	0.0	False	False
137	4712	974	3738	0.0002211722777762	0.0004532936782147	-0.0512311332075311	0.004732428309055749	0.005324945618031309	0.2067062818336163	-0.16963869152004118	0.8890653107634383	3.3436203377152287	6.882437470997847	0.0	0.0	6745	33.68876266479492	33.68876266479492	73	24.73523712158203	24.73523712158203	-0.26577187272506775	0.0	True	False	-0.170500322106105	0.8885344867616943	0.0	0.0	False	False
138	1541	397	1144	0.0007635796385787	0.0014434793167653	0.0732136892631608	0.0019289261177568096	0.0016296783806922998	0.25762491888384165	0.24439605354273652	1.1845967667481665	2.840589434629851	5.986452005284438	1.4630652448145178	4.155967676594256	2731	22.49739646911621	22.49739646911621	48	18.874368095397948	18.874368095397948	-0.161042117859809	0.0	True	False	0.24482606395494066	1.1849499008835394	0.0	0.0	False	False
139	5695	1298	4397	0.8049511816915635	0.837311028191727	0.0029674338012167	0.006306665241431584	0.006263720139776261	0.22791922739244952	0.010249187245790381	1.0071294899013923	0.07711318867792268	7.1693500166706	0.07348001075146736	0.005666277933133689	8867	24.352474212646484	24.352474212646484	219	20.818361282348633	20.818361282348633	-0.1451233619811227	0.0	True	False	0.010309042780275668	1.0071712752563975	0.0	0.0	False	False
140	1642	563	1079	0.0	0.0	0.2503361571251413	0.0027354796078012185	0.0015370830181529647	0.34287454323995126	0.8322110230764199	1.780411868393848	300.0	6.335054251498059	5.272101979883823	263.60509899419117	3834	26.18183135986328	26.18183135986328	107	21.79269256591797	21.79269256591797	-0.16764063344605662	0.0	True	False	0.833941160181805	1.7825482896959997	0.0	0.0	False	False
141	1305	318	987	0.0922530031773303	0.1220215441387052	0.0409591742720584	0.0015450843965910967	0.0014060249665588287	0.24367816091954023	0.13759937523117927	1.1000730855302194	0.9135634834685635	5.765191102784844	0.793286693831548	0.7247177554060089	2221	25.882131576538086	25.882131576538086	5	27.461563110351562	27.461563110351562	0.05751426193282181	0.05751426193282181	True	False	0.1377978108121738	1.1002244055590342	0.04569109610791912	0.04562529869684987	False	False
142	5550	1550	4000	0.0	0.0	0.1211209137988375	0.007531071744390566	0.005698176156266783	0.27927927927927926	0.40263995126724605	1.3219246555135646	300.0	7.346655163176539	2.9580568768786635	147.90284384393317	10686	26.0281925201416	26.0281925201416	164	21.176826858520506	21.176826858520506	-0.18638888035989917	0.0	True	False	0.40529937101459534	1.3243636981777143	0.0	0.0	False	False
143	1703	423	1280	0.0136888664690815	0.0210676234877314	0.0519796046841981	0.002055253772824006	0.0018234163700053705	0.24838520258367586	0.17381337266143682	1.128036205013427	1.6763844517851174	6.049733455231958	1.051524575556594	1.7627594491330192	2950	23.337661743164062	23.337661743164062	11	28.686922073364258	28.686922073364258	0.18647034758626027	0.18647034758626027	True	False	0.17414601064798596	1.1282963230163703	0.1964534006484102	0.1960781530995329	True	True
144	2873	807	2066	2.220446049250313e-16	1.6415440435529101e-15	0.1245924244951334	0.003921016063047217	0.0029431079847117934	0.28089105464671077	0.4144315521334532	1.3327734368489197	14.784747460412323	6.694562058521095	2.774437744766623	41.01936140101042	5630	32.519073486328125	32.519073486328125	19	33.615098571777345	33.615098571777345	0.03260514268934567	0.03260514268934567	True	False	0.4158447460702295	1.3340795965461878	0.09076940649737932	0.09046093855082214	True	True
145	1999	544	1455	1.2679436833806791e-08	4.1994294793568095e-08	0.1055851133330905	0.0026431632444828827	0.002072711576842042	0.272136068034017	0.3515758655208465	1.2759535991242312	7.376809707410972	6.300785794663244	2.2152042192201846	16.341139988241203	3743	26.099775314331055	26.099775314331055	65	21.968599319458008	21.968599319458008	-0.15828396777824638	0.0	True	False	0.3523983140650522	1.2766811994339307	0.0	0.0	False	False
146	1964	608	1356	0.0	0.0	0.1844930966984212	0.0029541236261867512	0.0019316817169744394	0.3095723014256619	0.6135268713585678	1.5299949290920887	300.0	6.411818267709897	3.9338228015077648	196.69114007538823	4120	26.056934356689453	26.056934356689453	136	22.88263702392578	22.88263702392578	-0.12182159609842023	0.0	True	False	0.615003069989541	1.5315612561837275	0.0	0.0	False	False
147	2224	477	1747	0.1193570566830428	0.1549022616513471	-0.0309253189858183	0.0023176265948866453	0.0024886784362495172	0.21447841726618705	-0.10163306641298142	0.9319774373553089	0.8099422412754645	6.169610732491456	0.0	0.0	3297	28.37778663635254	28.37778663635254	42	27.10728874206543	27.10728874206543	-0.044770859354463406	0.0	True	False	-0.10188291935939198	0.9318160469438946	0.0	0.0	False	False
148	1899	330	1569	1.289163220619116e-09	4.640987594228818e-09	-0.1442597967516731	0.0016033894681605721	0.0022351095972956455	0.17377567140600317	-0.4774961011477181	0.7182230696376932	8.33338959248706	5.802118375377063	0.0	0.0	2275	37.96603775024414	37.96603775024414	35	36.417781829833984	36.417781829833984	-0.0407800237305564	0.0	True	False	-0.47841171378704495	0.7177673908787716	0.0	0.0	False	False
149	5578	1803	3775	0.0	0.0	0.2119279777136575	0.008760337003313672	0.005377653747476776	0.3232341340982431	0.7042184568321401	1.629261814746549	300.0	7.4977617006225685	5.280062174507548	264.0031087253774	12547	24.527170181274414	24.527170181274414	74	20.991348266601562	20.991348266601562	-0.14415939093423508	0.0	True	False	0.7091308828429463	1.6348189627806329	0.0	0.0	False	False
150	3296	649	2647	4.872770631436652e-06	1.2608294008842336e-05	-0.077660037544137	0.003153332620715792	0.0037707680714095435	0.19690533980582525	-0.2571425025051113	0.8367435890779684	4.899343672560016	6.476972362889683	0.0	0.0	4469	31.072904586791992	31.072904586791992	74	21.64575939178467	21.64575939178467	-0.3033879619678192	0.0	True	False	-0.2580388526582347	0.8362238795912186	0.0	0.0	False	False
151	2151	428	1723	0.0005869099390052	0.0011301428592937	-0.0719923014777569	0.0020795475526446208	0.0024544893793119167	0.198977219897722	-0.23788743832806425	0.8479861234606251	2.9468666546746283	6.061456918928017	0.0	0.0	2948	32.62586975097656	32.62586975097656	48	27.05804023742676	27.05804023742676	-0.17065689148051436	0.0	True	False	-0.23843207615721518	0.8476660570968159	0.0	0.0	False	False
152	736	182	554	0.1244620873275883	0.1585455512419125	0.0494108302145841	0.0008842935854703761	0.0007891973976429494	0.24728260869565216	0.1667957545323766	1.1225624872161934	0.799845939686689	5.209486152841421	0.8689201735891526	0.6950022727571368	1227	30.66448402404785	30.66448402404785	47	27.268745040893556	27.268745040893556	-0.11073850062147703	0.0	True	False	0.16693058467752486	1.1226674035925823	0.0	0.0	False	False
153	1952	457	1495	0.3717735008861798	0.4311322951453177	0.0181242143663985	0.0022204514756041863	0.0021296933384047103	0.2341188524590164	0.06130248897875923	1.043407341169924	0.365389443910024	6.126869184114185	0.37559233063345937	0.13723747282702958	3147	27.402881622314453	27.402881622314453	52	25.51297950744629	25.51297950744629	-0.06896727654106263	0.0	True	False	0.06143122784717825	1.0435004537613661	0.0	0.0	False	False
154	4269	977	3292	0.703060252382643	0.7425177155265669	0.0052839441351902	0.004747004576948119	0.004689598976607563	0.2288592176153666	0.018071917977543706	1.0126052842059021	0.1292931801741848	6.885509670034818	0.12443436599045325	0.016088514901864127	6760	26.8262996673584	26.8262996673584	79	24.04231834411621	24.04231834411621	-0.10377805950738966	0.0	True	False	0.01815264023741925	1.0126619434938304	0.0	0.0	False	False
155	2500	602	1898	0.0533096474594638	0.0740610538530806	0.03414949012338	0.0029249710904020133	0.0027037845861485883	0.2408	0.11425989842494033	1.0824196225418932	1.1304101124415677	6.401917196727186	0.731482408622927	0.8268751117804717	4112	32.934444427490234	32.934444427490234	102	20.146844482421876	20.146844482421876	-0.38827434825026547	0.0	True	False	0.11457741896275486	1.082657876833255	0.0	0.0	False	False
156	2711	811	1900	0.0	0.0	0.1631164602149708	0.003940451086903709	0.0027066336742267217	0.29915160457395795	0.5423707256127122	1.4563637389424096	300.0	6.699500340161678	3.6336128607361013	181.68064303680507	5624	30.983457565307617	30.983457565307617	53	20.36855812072754	20.36855812072754	-0.3425989311298056	0.0	True	False	0.5441541954776188	1.4581652194210806	0.0	0.0	False	False
157	1727	347	1380	0.004149429280823	0.0070404250912325	-0.0667004046530891	0.0016859883195506622	0.00196587077391204	0.2009264620729589	-0.22001925405049505	0.858553978193642	2.152401117959724	5.8522024797744745	0.0	0.0	2397	41.03925704956055	41.03925704956055	32	39.46791305541992	39.46791305541992	-0.038288802164303616	0.0	True	False	-0.2204262588651673	0.8583118020530622	0.0	0.0	False	False
158	1376	363	1013	0.0001269469282727	0.0002654344863884	0.0871463866329366	0.0017637284149766294	0.0014430631115745628	0.26380813953488375	0.29076793137940093	1.2232912494754302	3.576042652401551	5.8971538676367405	1.7147032311187687	6.131851890691472	2515	26.89704704284668	26.89704704284668	26	27.466981887817383	27.466981887817383	0.02074981690010471	0.02074981690010471	True	False	0.29122881462033057	1.2236821044268442	0.03563617399836091	0.035579778083732375	True	True
159	1058	181	877	2.028617378746489e-06	5.453555810396406e-06	-0.1524718115386149	0.0008794348295062532	0.001249325122261492	0.17107750472589792	-0.5033428262694652	0.70547026154808	5.263320238039003	5.204006687076795	0.0	0.0	1231	28.689882278442383	28.689882278442383	36	26.762245178222656	26.762245178222656	-0.06718874206284756	0.0	True	False	-0.5038795128223157	0.7052078734635325	0.0	0.0	False	False
160	2745	585	2160	0.0546080723106965	0.0756111770455798	-0.0344486781118723	0.0028423722390119232	0.0030770151243840627	0.21311475409836064	-0.11353740416181424	0.9243189050200502	1.121414001186274	6.373319789577012	0.0	0.0	4080	29.337308883666992	29.337308883666992	15	29.7106990814209	29.7106990814209	0.012567533221976582	0.012567533221976582	True	False	-0.11387941124975853	0.9240998107965932	0.0	0.0	False	False
161	3915	810	3105	0.0008573788323535	0.001613431075429	-0.0507273786772161	0.003935592330939586	0.00442320924130209	0.20689655172413793	-0.1678547260024592	0.8901653650642759	2.792249582599843	6.698268054115413	0.0	0.0	5612	31.06171417236328	31.06171417236328	58	27.580900192260742	27.580900192260742	-0.11206123270555184	0.0	True	False	-0.16856364752894848	0.8897280568665933	0.0	0.0	False	False
162	531	139	392	0.0247196758531247	0.0366808093304431	0.0825779401919911	0.0006753670790130895	0.0005584212633141447	0.2617702448210923	0.27765921897690404	1.21222644352866	1.4355610905628724	4.941642422609304	1.3720925755248352	1.9697227140736528	963	31.48035430908203	31.48035430908203	10	25.218312072753907	25.218312072753907	-0.1989190520171984	0.0	True	False	0.27782556121945845	1.2123662208791053	0.0	0.0	False	False
163	4276	1056	3220	0.0002611453321803	0.0005273861830374	0.0486572534585757	0.005130846298113831	0.00458703180579476	0.2469597754911132	0.16209482628171656	1.1189106430150961	3.2778712524516065	6.963189985870238	1.1286970711262245	3.6997236821709776	7279	23.373998641967763	23.373998641967763	113	21.70067138671875	21.70067138671875	-0.07158925953921176	0.0	True	False	0.16288072491106487	1.1195203282704214	0.0	0.0	False	False
164	1476	324	1152	0.4537841713961255	0.517538972336077	-0.0180582619232809	0.0015742369323758344	0.0016410747330048334	0.21951219512195122	-0.058389616390854826	0.9603354792873982	0.2860569408793187	5.783825182329737	0.0	0.0	2209	28.09522819519043	28.09522819519043	59	22.32816162109375	22.32816162109375	-0.2052685436128237	0.0	True	False	-0.05848867931814539	0.960269539934345	0.0	0.0	False	False
165	1583	367	1216	0.5785566284837846	0.6387265178460982	0.0125816962725362	0.0017831634388331213	0.001732245551505102	0.23183828174352494	0.04316658571200449	1.0303729222812217	0.19468505297437105	5.908082938168931	0.2550317685441005	0.04965087336915574	2531	26.097492218017578	26.097492218017578	38	22.986260223388673	22.986260223388673	-0.11921574566007252	0.0	True	False	0.04323769230799002	1.030423707869723	0.0	0.0	False	False
166	3069	695	2374	0.968632723658645	0.968632723658645	-0.0006467030716797	0.0033768353950654473	0.0033818675487443358	0.22645812968393614	-0.001414585389392542	0.9990199646742964	0.013840863119011764	6.54534966033442	0.0	0.0	4865	31.866788864135742	31.866788864135742	0					False	True	-0.0014243555141462139	0.9990131991997091			False	False
167	1865	590	1275	0.0	0.0	0.1981910338289024	0.0028666660188325383	0.001816293649810037	0.3163538873994638	0.6590328167213908	1.5790236907569704	300.0	6.3818160174060985	4.20582618574883	210.2913092874415	4112	24.336769104003906	24.336769104003906	18	24.103478622436523	24.103478622436523	-0.009585926569398334	0.0	True	False	0.6605492549357415	1.5806842986347087	0.0	0.0	False	False
168	3706	778	2928	0.0059235368830885	0.0098487721670628	-0.0427422684399186	0.003780112140087652	0.004171064946387285	0.20992984349703184	-0.1413061991037754	0.9066978700061663	2.006617909025958	6.658011045870748	0.0	0.0	5394	33.57285690307617	33.57285690307617	52	26.480893516540526	26.480893516540526	-0.21124098574660866	0.0	True	False	-0.14187496232134222	0.9063404869533053	0.0	0.0	False	False
169	3384	673	2711	1.490691160355162e-05	3.6734889308752206e-05	-0.0722652463996868	0.0032699427638547426	0.003861938889909812	0.19887706855791962	-0.23925456862619932	0.8471829333411244	4.43492126445362	6.513230110912307	0.0	0.0	4664	31.605417251586914	31.605417251586914	47	19.099240493774413	19.099240493774413	-0.3956972520963811	0.0	True	False	-0.24011417975921923	0.8466783007298473	0.0	0.0	False	False
170	1850	563	1287	0.0	0.0	0.1737790549037303	0.0027354796078012185	0.0018333881782788375	0.3043243243243243	0.5780018341409825	1.49278028111158	300.0	6.335054251498059	3.6616729767485072	183.08364883742536	3850	25.79227066040039	25.79227066040039	91	28.350950241088867	28.350950241088867	0.0902502229706642	0.0902502229706642	True	False	0.5793037719464156	1.494128025600797	0.33121117259454824	0.3304668025972085	True	True
171	5791	1554	4237	0.0	0.0	0.0972417574204195	0.007550506768247058	0.006035793093525589	0.268347435676049	0.32332399935670075	1.2512100443643113	300.0	7.349230824613334	2.376182702409527	118.80913512047636	10714	24.093162536621094	24.093162536621094	164	20.42673740386963	20.42673740386963	-0.1521769974024197	0.0	True	False	0.3255217184082335	1.253117518631621	0.0	0.0	False	False
172	1160	136	1024	0.0	0.0	-0.3439118413104884	0.0006607908111207207	0.0014587330960042963	0.11724137931034483	-1.137860377164687	0.45443303575030003	300.0	4.919980925828125	0.0	0.0	951	38.86914825439453	38.86914825439453	1	44.4790153503418	44.4790153503418	0.1261239047618476	0.1261239047618476	True	False	-1.1390152639548248	0.4540694047050951	0.0	0.0	False	False
173	1883	401	1482	0.107561503098196	0.1406631855098271	-0.0348546240660002	0.0019483611416133014	0.002111174265896843	0.21295804567180032	-0.11447346098934474	0.9237193781821478	0.8518195516199338	5.996452088619021	0.0	0.0	2800	31.131776809692383	31.131776809692383	7	28.890958786010742	28.890958786010742	-0.07197848158104479	0.0	True	False	-0.11471131034245197	0.9235671021013091	0.0	0.0	False	False
174	2085	529	1556	0.0006450291985899	0.0012306087014574	0.0642952863383943	0.0025702819050210384	0.0022165905247877784	0.25371702637889687	0.21448376344986286	1.1602886564286754	2.909880018403221	6.272877006546167	1.345430268022132	3.915040653072492	3568	26.20502033233645	26.20502033233645	135	23.265440368652342	23.265440368652342	-0.11217621380956252	0.0	True	False	0.21499277247621507	1.1606980995760876	0.0	0.0	False	False
175	3590	748	2842	0.0030837680254387	0.0053868352849436	-0.0468732687702249	0.0036343494611639636	0.004048554159027549	0.20835654596100278	-0.15499937679448728	0.8981327608530829	2.2686663038180215	6.618738983517219	0.0	0.0	5118	32.065364837646484	32.065364837646484	118	22.27574920654297	22.27574920654297	-0.3053018632618199	0.0	True	False	-0.15560173812279388	0.8977578461950367	0.0	0.0	False	False
176	3287	780	2507	0.0965778657676337	0.1273351478592368	0.0257894756889842	0.0037898296520158976	0.003571331905940206	0.2372984484332218	0.08630758740507183	1.0616495320514208	0.8950517030673332	6.660575149839686	0.5748581719128381	0.5145277857927595	5289	26.445274353027344	26.445274353027344	171	21.336793899536133	21.336793899536133	-0.1931717699463539	0.0	True	False	0.08662149061378699	1.0618805520818815	0.0	0.0	False	False
177	474	149	325	3.7170835298638856e-08	1.192924481677247e-07	0.1941521143913149	0.000723954638654319	0.0004629768126966761	0.3143459915611814	0.6475746919591749	1.566532490366788	6.92338704855845	5.0106352940962555	3.2447606070941526	22.464733562828307	1020	21.723133087158203	21.723133087158203	23	20.7646541595459	20.7646541595459	-0.0441224994464043	0.0	True	False	0.6479489476363334	1.5669389239602405	0.0	0.0	False	False
178	520	98	422	0.0206914667314137	0.0311500626429283	-0.1012371683094397	0.0004761580844840487	0.0006011575844861456	0.18846153846153846	-0.3306689607864648	0.7951676883183373	1.5065410756356066	4.59511985013459	0.0	0.0	678	37.76856994628906	37.76856994628906	8	62.837196350097656	62.837196350097656	0.39894565416538724	0.39894565416538724	True	False	-0.33085187244520853	0.7950668796117228	0.0	0.0	False	False
179	2407	498	1909	0.0090112810299491	0.0142937561164711	-0.0507273786769678	0.002419660470133227	0.002719454570578322	0.20689655172413793	-0.16744275929761265	0.8904195912490819	1.8448536322092757	6.212606095751519	0.0	0.0	3465	29.263084411621094	29.263084411621094	21	21.84292221069336	21.84292221069336	-0.2535673306529849	0.0	True	False	-0.16787886794438478	0.8901504692338122	0.0	0.0	False	False
180	3328	670	2658	8.751700379661109e-05	0.0001906949451147	-0.0656309669490651	0.0032553664959623736	0.0037864380558392773	0.2013221153846154	-0.21721647825166102	0.860223543274644	3.7196608189513123	6.508769136971682	0.0	0.0	4663	31.241607666015625	31.241607666015625	27	28.65639533996582	28.65639533996582	-0.08274901707001396	0.0	True	False	-0.21798784452962217	0.8597637301776088	0.0	0.0	False	False
181	1040	256	784	0.0845308064545098	0.1125265397818876	0.0467731095848904	0.0012438415268154741	0.0011168425266282894	0.24615384615384617	0.15727212956566206	1.115176550004932	0.9487450355838686	5.54907608489522	0.8727150129933577	0.8279840360569595	1699	26.199504852294922	26.199504852294922	93	19.700696563720705	19.700696563720705	-0.24805080573898555	0.0	True	False	0.15745308644016376	1.1153164350905571	0.0	0.0	False	False
182	2816	634	2182	0.8201040720746817	0.8509350522278653	-0.0039162814137676	0.0030804512812539478	0.0031083550932435302	0.22514204545454544	-0.012202833748990116	0.9915773114730059	0.07010358625554632	6.453624998892692	0.0	0.0	4346	31.680072784423828	31.680072784423828	92	19.554497146606444	19.554497146606444	-0.3827508768786408	0.0	True	False	-0.012245700279422067	0.9915478493577835	0.0	0.0	False	False
183	1862	303	1559	5.38902256153051e-13	2.5068037533411585e-12	-0.1785542797290451	0.0014722030571292526	0.0022208641569049785	0.16272824919441461	-0.5912283801917635	0.6637774941757009	11.600879663719102	5.717027701406222	0.0	0.0	2113	36.12740707397461	36.12740707397461	8	48.53287239074707	48.53287239074707	0.2556095426805523	0.2556095426805523	True	False	-0.5923129481464695	0.6632786768620532	0.0	0.0	False	False
184	3540	968	2572	5.995204332975845e-15	3.760628172503031e-14	0.1084536000128258	0.004703275773271011	0.0036639272684795415	0.2734463276836158	0.3607396277486288	1.284084041349458	13.424739604789005	6.876264611890766	2.480541136394544	33.300618835064164	6672	24.244583129882812	24.244583129882812	104	21.586671829223633	21.586671829223633	-0.10962907823245492	0.0	True	False	0.3622429002893446	1.2854227402875753	0.0	0.0	False	False
185	2673	370	2303	0.0	0.0	-0.2612430069399141	0.00179773970672549	0.0032807249219706	0.13842124953236065	-0.8661953993716711	0.548591662215725	300.0	5.916202062607435	0.0	0.0	2561	35.64089584350586	35.64089584350586	29	41.4611312866211	41.4611312866211	0.14037811469445705	0.14037811469445705	True	False	-0.8683428218745348	0.5477757019996344	0.0	0.0	False	False
186	2187	469	1718	0.1215942463522967	0.1568224859496911	-0.0310011098231302	0.0022787565471736617	0.0024473666591165832	0.2144490169181527	-0.10186603779181702	0.9318269505702003	0.8045916659900738	6.152732694704104	0.0	0.0	3175	27.45977897644043	27.45977897644043	108	22.55819320678711	22.55819320678711	-0.1785005543511008	0.0	True	False	-0.1021123496882872	0.9316678729654663	0.0	0.0	False	False
187	1370	202	1168	3.064215547965432e-14	1.714304374132012e-13	-0.229242266371642	0.0009814687047528352	0.0016638674376299007	0.14744525547445256	-0.7585771700841324	0.5910789835003508	12.765912066735863	5.313205979041787	0.0	0.0	1342	40.460365295410156	40.460365295410156	72	30.071133422851563	30.071133422851563	-0.2567755332089686	0.0	True	False	-0.7595654462597494	0.5906742207270598	0.0	0.0	False	False
188	1190	267	923	0.8259334287794324	0.8548410987867127	-0.005841232703844	0.0012972878424208265	0.00131485414805856	0.22436974789915967	-0.017486318767224063	0.9879525659569013	0.06811460612986038	5.5909869805108565	0.0	0.0	1786	27.264366149902344	27.264366149902344	83	22.665342330932617	22.665342330932617	-0.16868258714263928	0.0	True	False	-0.017514175188217962	0.9879334901604739	0.0	0.0	False	False
189	1972	431	1541	0.3270925438986796	0.38580146203434	-0.020476161600625	0.0020941238205369897	0.0021952223642017783	0.21855983772819473	-0.06681567400151422	0.9547429891295525	0.413636130885387	6.068425588244111	0.0	0.0	2885	25.04458999633789	25.04458999633789	132	20.701122665405276	20.701122665405276	-0.17342936464792325	0.0	True	False	-0.0669643242020701	0.9546446208525198	0.0	0.0	False	False
190	6215	1622	4593	5.129230373768223e-14	2.831335166320059e-13	0.0808036114137237	0.007880902173807419	0.006542930771433334	0.26098149637972645	0.2687114004670992	1.2047312940880868	12.548008716905679	7.392031567514591	1.9863231548038522	24.924400261070325	11279	30.89662742614746	30.89662742614746	75	21.95298957824707	21.95298957824707	-0.2894697121644899	0.0	True	False	0.27065320931793035	1.2063539051529661	0.0	0.0	False	False
191	3245	884	2361	2.848832281188152e-13	1.4040673385855893e-12	0.1062054848909901	0.004295140272284685	0.0033633484762364686	0.2724191063174114	0.3533172634665984	1.2774946625130632	11.852612063093076	6.785587645007929	2.3974652577469615	28.416225634818186	6168	30.253454208374023	30.253454208374023	20	22.231049156188966	22.231049156188966	-0.26517319301557607	0.0	True	False	0.35466423346856146	1.2786879504053217	0.0	0.0	False	False
192	821	148	673	0.0004437622418953	0.0008748455625936	-0.1249041418703935	0.000719095882690196	0.0009587181382918862	0.18026796589524968	-0.4111282637348328	0.7520350125634004	3.0580686066726988	5.003946305945459	0.0	0.0	987	32.15095138549805	32.15095138549805	49	28.026950454711915	28.026950454711915	-0.12826995012801692	0.0	True	False	-0.41147673462390877	0.7518533867484574	0.0	0.0	False	False
193	1706	345	1361	0.0067781444703578	0.0110478417745202	-0.063189823172784	0.0016762708076224163	0.001938804437169773	0.2022274325908558	-0.20835261572883113	0.865524992721591	1.9567225542832307	5.846438775057725	0.0	0.0	2355	30.56522293090818	30.56522293090818	60	25.171327590942383	25.171327590942383	-0.17647165054737357	0.0	True	False	-0.20873453869693037	0.8652958936301103	0.0	0.0	False	False
194	2339	736	1603	0.0	0.0	0.19479349894001	0.003576044389594488	0.002283544094623913	0.314664386489953	0.6476198275209075	1.5665815010225241	300.0	6.602587892189336	4.2759668319312905	213.7983415965645	5079	22.2384090423584	22.2384090423584	73	15.97145881652832	15.97145881652832	-0.2818074896407006	0.0	True	False	0.6494875032584595	1.5686108702726724	0.0	0.0	False	False
195	1867	287	1580	2.220446049250313e-16	1.6415440435529101e-15	-0.2079259832628552	0.0013944629617032855	0.0022507795817253793	0.15372254954472417	-0.6886604231460538	0.6204296663840437	14.784747460412323	5.662960480135946	0.0	0.0	1748	35.13372802734375	35.13372802734375	261	28.48334312438965	28.48334312438965	-0.1892877663815882	0.0	True	False	-0.6899005625801422	0.6198965747241907	0.0	0.0	False	False
196	3229	684	2545	0.0225999147539883	0.0336559881588172	-0.0377824779958602	0.003323389079460095	0.0036254645794247405	0.21183028801486528	-0.12473986807921555	0.917169402842972	1.4729376537888155	6.529418838262226	0.0	0.0	4726	33.40005111694336	33.40005111694336	62	26.106060791015626	26.106060791015626	-0.21838260966695344	0.0	True	False	-0.1251796755566783	0.9168898451602072	0.0	0.0	False	False
197	1831	585	1246	0.0	0.0	0.2044870307157603	0.0028423722390119232	0.0017749818726771028	0.3194975423265975	0.6799449439364196	1.6020786155602242	300.0	6.373319789577012	4.333506567012815	216.67532835064077	4091	32.894805908203125	32.894805908203125	4	35.704795837402344	35.704795837402344	0.0787006300777004	0.0787006300777004	True	False	0.681485940854131	1.6037907703235372	0.34182263710403116	0.3410496972697609	True	True
198	4124	814	3310	4.793578904926932e-07	1.368649425268793e-06	-0.0763543819297783	0.003955027354796078	0.0047152407693107625	0.1973811833171678	-0.25297577554854644	0.8391637274788902	5.86370778062356	6.703188113240863	0.0	0.0	5652	28.601022720336914	28.601022720336914	46	20.804783821105957	20.804783821105957	-0.27258601818065054	0.0	True	False	-0.25407979331639563	0.8385218057647781	0.0	0.0	False	False
199	3550	880	2670	0.0005015190108619	0.0009840230829234	0.0508206177422611	0.004275705248428192	0.0038035325843080777	0.24788732394366197	0.16937177586578045	1.1245686826110637	3.006994713897237	6.78105762593618	1.1485197723530038	3.4535928842719406	5940	27.423099517822266	27.423099517822266	220	23.669521522521972	23.669521522521972	-0.13687650416251615	0.0	True	False	0.17005325161094564	1.1251000127184554	0.0	0.0	False	False
200	2335	506	1829	0.1909222001057999	0.2324758554229446	-0.0252139816796601	0.002458530517846211	0.0026054910474529866	0.21670235546038544	-0.08272849061124354	0.9442701102561543	0.6336221455743992	6.2285110035911835	0.0	0.0	3510	32.208702087402344	32.208702087402344	32	19.58669662475586	19.58669662475586	-0.39188184076449567	0.0	True	False	-0.08294353124658294	0.9441293727432574	0.0	0.0	False	False
201	2354	514	1840	0.2721601896787948	0.3265922276145538	-0.0210054970573149	0.0024974005655591944	0.0026211610318827203	0.2183517417162277	-0.06876801656338749	0.9534518467466158	0.4859941550074218	6.244166900663736	0.0	0.0	3550	26.361982345581055	26.361982345581055	48	25.711683082580567	25.711683082580567	-0.024668071409640953	0.0	True	False	-0.068949506633869	0.9533319106865805	0.0	0.0	False	False
202	3496	707	2789	0.0001047641283715	0.0002225994522946	-0.063179893512355	0.0034351404666349227	0.003973053324957014	0.20223112128146453	-0.20911774740212508	0.8650660842281364	3.6524759085804908	6.56244409369372	0.0	0.0	4911	31.844011306762695	31.844011306762695	38	26.97472381591797	26.97472381591797	-0.1529106193292501	0.0	True	False	-0.20989916210284854	0.8645976606853105	0.0	0.0	False	False
203	2718	588	2130	0.1435519938212759	0.1795022218512726	-0.0261530704057277	0.002856948506904292	0.003034278803212062	0.2163355408388521	-0.0859909802130705	0.942137164165518	0.7459301714211755	6.3784261836515865	0.0	0.0	3951	32.25971984863281	32.25971984863281	165	25.214904403686525	25.214904403686525	-0.21837807265535975	0.0	True	False	-0.08625005373665395	0.9419679940543733	0.0	0.0	False	False
204	889	269	620	9.665934719294e-11	3.9232323272428576e-10	0.1702097974614049	0.0013070053543490724	0.0008832173042213514	0.3025871766029246	0.5669408135488556	1.4813790233151938	9.406355972917623	5.598421958998375	3.1739739000243166	29.855528352378375	1882	24.27981910705569	24.27981910705569	1	29.66383934020996	29.66383934020996	0.1815011257108623	0.1815011257108623	True	False	0.5675503998232454	1.48200508710601	0.576699248568024	0.5760798358313094	True	True
205	1063	223	840	0.1377147329282919	0.1727693922191299	-0.0431252160559536	0.0010835025799994168	0.0011966169928160244	0.20978363123236124	-0.1408862371261428	0.9069618440593465	0.762533194540802	5.4116460518550396	0.0	0.0	1549	35.99456024169922	35.99456024169922	12	53.026922607421874	53.026922607421874	0.32120216539472973	0.32120216539472973	True	False	-0.14105209281387587	0.9068575835400647	0.0	0.0	False	False
206	5430	1038	4392	2.948086219589641e-12	1.2582553555774343e-11	-0.0936157709729401	0.005043388690759618	0.006256597419580927	0.19116022099447513	-0.3104543191243847	0.8063877796419388	10.900231212416793	6.946013991099227	0.0	0.0	7139	31.687145233154297	31.687145233154297	127	22.10803985595703	22.10803985595703	-0.30230256801974814	0.0	True	False	-0.3122170434304854	0.8054031146393829	0.0	0.0	False	False
207	2650	854	1796	0.0	0.0	0.210000745314323	0.004149377593360996	0.0025584810941637853	0.3222641509433962	0.6980502126006805	1.6223107742479415	300.0	6.75110146893676	4.712607815680071	235.63039078400357	5932	24.65427017211914	24.65427017211914	46	21.047122955322266	21.047122955322266	-0.1463092272297763	0.0	True	False	0.700350626127034	1.6248996530461122	0.0	0.0	False	False
208	2119	405	1714	1.3247032681240611e-05	3.3037780301407305e-05	-0.093706587415355	0.001967796165469793	0.0024416684829603164	0.19112789051439358	-0.3099273337916557	0.8066823894819418	4.480989139173497	6.0063531596017325	0.0	0.0	2811	29.58373260498047	29.58373260498047	24	27.73856315612793	27.73856315612793	-0.06237108323991207	0.0	True	False	-0.31061497930147297	0.8062979843723831	0.0	0.0	False	False
209	2173	613	1560	3.2218672174622053e-13	1.5692388565051206e-12	0.1271850831207203	0.002978417406007366	0.002222288700944045	0.28209848136217214	0.4232136426703992	1.3409111467978931	11.80431094668268	6.419994928147142	2.7170294394666397	32.07266035475516	4158	26.721837997436523	26.721837997436523	133	21.022002029418946	21.022002029418946	-0.21330254185974684	0.0	True	False	0.42430486444285087	1.3419257652126573	0.0	0.0	False	False
210	3512	613	2899	4.440892098500626e-16	3.1698781530676885e-15	-0.1419385338796869	0.002978417406007366	0.004129753169254351	0.17454441913439636	-0.47058213834278195	0.7216733383611357	14.49895743130508	6.419994928147142	0.0	0.0	4251	33.66563415527344	33.66563415527344	40	28.978311920166014	28.978311920166014	-0.13923166316987953	0.0	True	False	-0.47225157287501673	0.7208387270544496	0.0	0.0	False	False
211	1783	429	1354	0.1077058690981043	0.1406631855098271	0.0336878347926272	0.0020844063086087436	0.001928832628896306	0.2406057206954571	0.11305639386315391	1.081517038344279	0.8518195516199338	6.063785208687608	0.6855496888549532	0.5839646285736113	2917	25.490596771240234	25.490596771240234	86	20.762859344482422	20.762859344482422	-0.18546986048172406	0.0	True	False	0.1132788079305751	1.081683784010882	0.0	0.0	False	False
212	2227	530	1697	0.1451838079918457	0.1804987883141865	0.0274432342400136	0.002575140660985161	0.002417451234296183	0.23798832510103277	0.09209983270937627	1.0659204938934739	0.7435257091612534	6.274762021241939	0.5779045324475303	0.4296868773155525	3644	21.37481689453125	21.37481689453125	66	19.642027854919434	19.642027854919434	-0.08106684834596879	0.0	True	False	0.0923254159716933	1.0660871768136448	0.0	0.0	False	False
213	3751	855	2896	0.8387170507457005	0.8637533806187064	0.0030167641597582	0.004154236349325119	0.004125479537137151	0.22793921620901092	0.010615845744312402	1.0073854826823292	0.06361023984214288	6.752270376141742	0.07168106073701101	0.004559649465620482	5873	23.78788185119629	23.78788185119629	112	20.655192565917968	20.655192565917968	-0.13169265363241153	0.0	True	False	0.01065501790002088	1.0074128356540957	0.0	0.0	False	False
214	2051	476	1575	0.5075451395102197	0.5663711260302722	0.0131756015518473	0.0023127678389225225	0.0022436568615300458	0.23208191126279865	0.04482511581910842	1.031558125754023	0.24689889537012663	6.1675164908883415	0.27645964102033105	0.06825757998234148	3121	25.2275390625	25.2275390625	211	19.62198829650879	19.62198829650879	-0.2221996664876321	0.0	True	False	0.04492256648347137	1.0316278074379959	0.0	0.0	False	False
215	3277	689	2588	0.011153444882566	0.017424627099556	-0.0418958431322376	0.0033476828592807098	0.0036867199731046084	0.21025328043942632	-0.13840711042024267	0.9085217068578252	1.7588365073669991	6.536691597591305	0.0	0.0	4673	36.46450424194336	36.46450424194336	150	25.640678787231444	25.640678787231444	-0.2968318280949448	0.0	True	False	-0.13890044924514378	0.9082110851440777	0.0	0.0	False	False
216	1303	392	911	2.042810365310288e-14	1.1911598468147312e-13	0.166616897004427	0.0019046323379361947	0.0012977596195897598	0.30084420567920184	0.5545367486665622	1.4686969569704693	12.924029954779643	5.973809611869261	3.3126969593190383	42.81339473334669	2729	27.944997787475586	27.944997787475586	15	27.28738784790039	27.28738784790039	-0.02353229528148052	0.0	True	False	0.5554112024925786	1.4695874410583378	0.0	0.0	False	False
217	8258	1626	6632	3.9879211044535623e-13	1.897700387636523e-12	-0.0776747693276294	0.00790033719766391	0.009447576067090326	0.19689997578106078	-0.2576951971482204	0.8364230950630055	11.721772353693456	7.394493107219038	0.0	0.0	11094	32.05295181274414	32.05295181274414	288	23.62894973754883	23.62894973754883	-0.2628151729802919	0.0	True	False	-0.2599494181816153	0.8351171986625614	0.0	0.0	False	False
218	5443	1330	4113	0.000337917860447	0.0006725865106974	0.0425421384144684	0.006462145432283518	0.00585914963268132	0.24435054198052544	0.14168881777861575	1.103195760480229	3.1722518470844676	7.193685818395112	1.0192648390791974	3.2333647684372364	9096	26.91267204284668	26.91267204284668	214	22.966304779052734	22.966304779052734	-0.14663602549427565	0.0	True	False	0.14256165546886823	1.103863401356405	0.0	0.0	False	False
219	1543	320	1223	0.0414720061104254	0.0590014107550382	-0.0494272717590406	0.0015548019085193426	0.0017422173597785688	0.20738820479585224	-0.16253108853394416	0.8934562004633986	1.2291376040222022	5.771441123130016	0.0	0.0	2203	27.464447021484375	27.464447021484375	37	24.924254608154296	24.924254608154296	-0.09249020784372554	0.0	True	False	-0.16280439926318024	0.893286956077104	0.0	0.0	False	False
220	1890	401	1489	0.0884180827261305	0.1173239943865962	-0.0369011181748656	0.0019483611416133014	0.00212114607417031	0.21216931216931217	-0.12126947980550895	0.9193783002047895	0.9306131595465256	5.996452088619021	0.0	0.0	2739	34.870941162109375	34.870941162109375	68	24.912898063659668	24.912898063659668	-0.28556852114075076	0.0	True	False	-0.12152174593489917	0.9192175540161183	0.0	0.0	False	False
221	3923	790	3133	2.122920569336273e-05	5.022223518315526e-05	-0.0654840966345158	0.0038384172116571274	0.004463096474395958	0.20137649757838388	-0.21685087450318807	0.860441566347001	4.299103962548853	6.673297967767654	0.0	0.0	5503	35.39854049682617	35.39854049682617	27	30.053178787231445	30.053178787231445	-0.15100514412660576	0.0	True	False	-0.21775833870552042	0.8599005134018464	0.0	0.0	False	False
222	3441	892	2549	1.151094899398686e-07	3.4039520596504e-07	0.0768442258635088	0.004334010319997667	0.0036311627555810073	0.25922696890438823	0.25579648721460924	1.1939947451453672	6.468016565031605	6.794586580876499	1.7380313794637308	11.241615752916141	6170	26.515989303588867	26.515989303588867	74	23.655776977539062	23.655776977539062	-0.10786745662409371	0.0	True	False	0.2568120476538711	1.1948355331698048	0.0	0.0	False	False
223	1036	203	833	0.0082979966512581	0.0132129638985418	-0.0802997565356198	0.000986327460716958	0.0011866451845425575	0.19594594594594594	-0.2640666537934653	0.8327372967883604	1.878999751620933	5.318119993844216	0.0	0.0	1386	25.97617530822754	25.97617530822754	35	22.558264923095702	22.558264923095702	-0.13157866177663452	0.0	True	False	-0.26435844501029315	0.832568889154398	0.0	0.0	False	False
224	1472	294	1178	0.0056581171647245	0.0094454052669191	-0.0699487530814802	0.001428474253452146	0.0016781128780205675	0.19972826086956522	-0.23052546849300093	0.8523243956644494	2.0247794033947946	5.68697535633982	0.0	0.0	1997	35.180755615234375	35.180755615234375	61	29.775724411010742	29.775724411010742	-0.1536360180360391	0.0	True	False	-0.23088866173606704	0.8521098530959973	0.0	0.0	False	False
225	2644	460	2184	9.510170428939089e-13	4.233559739334176e-12	-0.1436455953940434	0.0022350277434965552	0.0031112041813216636	0.17397881996974282	-0.4759432934261767	0.718996526746824	11.373294307563489	6.133398042996649	0.0	0.0	3211	35.55015563964844	35.55015563964844	9	25.34373359680176	25.34373359680176	-0.28709922247045366	0.0	True	False	-0.477213218833052	0.7183639119632557	0.0	0.0	False	False
226	1648	539	1109	0.0	0.0	0.2195064259943296	0.0026188694646622677	0.0015798193393249656	0.3270631067961165	0.7298719482177116	1.6584918794597783	300.0	6.29156913955832	4.5920398252358625	229.60199126179313	3691	28.63258934020996	28.63258934020996	82	23.83266429901123	23.83266429901123	-0.16763852490483602	0.0	True	False	0.7313716495891889	1.6602168010025788	0.0	0.0	False	False
227	2745	619	2126	0.8622844019195561	0.8836280752343966	-0.0030234042103258	0.0030075699417921034	0.003028580627055795	0.2255009107468124	-0.009217916558457162	0.9936309957656935	0.053730493880646095	6.429719478039138	0.0	0.0	4175	25.872547149658203	25.872547149658203	158	21.667814254760742	21.667814254760742	-0.1625171603930388	0.0	True	False	-0.009250805038398369	0.993608344658103	0.0	0.0	False	False
228	1559	231	1328	8.881784197001252e-16	6.027965012391014e-15	-0.2267368881819645	0.0011223726277124005	0.001891794483880572	0.14817190506735087	-0.7506273783035642	0.5943450411406797	14.219829277088929	5.44673737166631	0.0	0.0	1610	35.48613357543945	35.48613357543945	7	48.80868072509766	48.80868072509766	0.27295446120934974	0.27295446120934974	True	False	-0.7517415741513975	0.593886204651678	0.0	0.0	False	False
229	1044	235	809	0.8867762023063177	0.906482340135347	-0.004031452382888	0.0011418076515688923	0.0011524561276049568	0.22509578544061304	-0.011217269763077908	0.9922549299161809	0.04264065230369362	5.4638318050256105	0.0	0.0	1635	37.742340087890625	37.742340087890625	10	51.33636131286621	51.33636131286621	0.2648029754607593	0.2648029754607593	True	False	-0.01123512998688092	0.9922426461105811	0.0	0.0	False	False
230	1174	243	931	0.0695775692159625	0.0935230962837938	-0.0504942004253729	0.0011806776992818759	0.0013262505003710937	0.206984667802385	-0.16554724593258996	0.8915902554918532	1.0290811233527792	5.497168225293202	0.0	0.0	1677	35.69684600830078	35.69684600830078	24	31.0681734085083	31.0681734085083	-0.1296661503012381	0.0	True	False	-0.1657600067052325	0.8914587783332519	0.0	0.0	False	False
231	1813	519	1294	7.269740365245525e-13	3.271383164360487e-12	0.1360822884726142	0.002521694345379809	0.0018433599865523042	0.28626585769442914	0.45288743993080693	1.3687770159921537	11.485268585675756	6.253828811575473	2.832280520239937	32.52950248493313	3565	27.025524139404297	27.025524139404297	68	19.825778579711915	19.825778579711915	-0.26640539967159654	0.0	True	False	0.4538657259225367	1.3697054932166444	0.0	0.0	False	False
232	1459	324	1135	0.630337810041774	0.6813573194707426	-0.0116016443652347	0.0015742369323758344	0.0016168574843406997	0.22206991089787526	-0.036950571781042996	0.9747130249922729	0.16662507431800666	5.783825182329737	0.0	0.0	2183	25.89503288269043	25.89503288269043	85	21.33118667602539	21.33118667602539	-0.1762440784431577	0.0	True	False	-0.03701463962289786	0.9746697404646452	0.0	0.0	False	False
233	1856	435	1421	0.3674995602692221	0.4273730841333089	0.018744385984197	0.0021135588443934815	0.0020242770795137746	0.234375	0.06341727584804424	1.044937950302471	0.36919283308554374	6.077642243349034	0.3854275146521921	0.14229707608356273	2972	27.5496883392334	27.5496883392334	73	20.238861083984375	20.238861083984375	-0.2653687825875585	0.0	True	False	0.06354386665444345	1.0450296435139195	0.0	0.0	False	False
234	1178	165	1013	1.7763568394002505e-14	1.0505881878738625e-13	-0.255276294187834	0.0008016947340802861	0.0014430631115745628	0.1400679117147708	-0.8443562157329758	0.5569592896511243	12.978567486428437	5.111987788356544	0.0	0.0	1137	37.05476760864258	37.05476760864258	18	48.88939514160156	48.88939514160156	0.24206942014073962	0.24206942014073962	True	False	-0.8452850330288193	0.5566008307132626	0.0	0.0	False	False
235	1797	449	1348	0.0067745791074893	0.0110478417745202	0.055405655761004	0.0021815814278912026	0.0019202853646619058	0.2498608792431831	0.1851242502055488	1.13691488431302	1.9567225542832307	6.1092475827643655	1.1309698780793145	2.2129942686527504	3117	25.8525333404541	25.8525333404541	26	23.739574432373047	23.739574432373047	-0.08173121296297457	0.0	True	False	0.18549951253059227	1.1372106480072521	0.0	0.0	False	False
236	923	288	635	8.28226376370367e-14	4.453061296328986e-13	0.189467969424416	0.0013993217176674084	0.0009045854648073517	0.3120260021668472	0.63076594456723	1.548386833002234	12.351341326769917	5.666426688112432	3.574188982248199	44.14602808612789	1972	24.65153694152832	24.65153694152832	44	19.616016387939453	19.616016387939453	-0.20426801645401507	0.0	True	False	0.6314780400423246	1.5491512852151474	0.0	0.0	False	False
237	5104	1198	3906	0.11770715469202	0.1532413900707431	0.0195737860580451	0.0058207896450192895	0.005564269016594513	0.23471786833855798	0.06544004572356155	1.0464040615762105	0.8146239171345677	7.089243155027514	0.46392039621044623	0.3779206503995744	8303	26.25844383239746	26.25844383239746	83	21.03948974609375	21.03948974609375	-0.1987533655693871	0.0	True	False	0.06580975349541962	1.046672249430575	0.0	0.0	False	False
238	3098	778	2320	0.0001726639678656	0.0003592104658109	0.058340819055497	0.003780112140087652	0.003304942170634734	0.25112976113621693	0.19441999783555097	1.144264043229071	3.444651018391961	6.658011045870748	1.2944504931272653	4.458930209408811	5362	27.064105987548828	27.064105987548828	84	23.35035228729248	23.35035228729248	-0.13722063097021958	0.0	True	False	0.1951054731849311	1.1448078526564267	0.0	0.0	False	False
239	853	188	665	0.6173892481449321	0.6708639074330759	-0.0158145890814309	0.0009134461212551139	0.0009473217859793527	0.22039859320046892	-0.04978739171652258	0.9660786883230844	0.17336557259618096	5.241747015059643	0.0	0.0	1310	37.68066749572755	37.68066749572755	6	39.019775390625	39.019775390625	0.03431869818551519	0.03431869818551519	True	False	-0.04983878896873151	0.9660442715516108	0.0	0.0	False	False
240	3599	827	2772	0.6158814748023871	0.6708639074330759	0.0075614905694828	0.0040181911823296765	0.003948836076292881	0.2297860516810225	0.025730507572212957	1.0179950226535879	0.17336557259618096	6.71901315438526	0.1728836188467084	0.029972067573859503	5726	27.619802474975586	27.619802474975586	63	23.819756317138673	23.819756317138673	-0.1375841178183615	0.0	True	False	0.025828478694941204	1.018064155421736	0.0	0.0	False	False
241	1511	298	1213	0.0022197081358099	0.0039954746444579	-0.0767953298328815	0.001447909277308638	0.001727971919387902	0.1972203838517538	-0.25328452095962284	0.8389841606117099	2.398431621049749	5.700443573390687	0.0	0.0	2052	32.789249420166016	32.789249420166016	34	23.377516174316405	23.377516174316405	-0.287037166519012	0.0	True	False	-0.25369168912671825	0.8387474096475611	0.0	0.0	False	False
242	1462	280	1182	0.000346213220226	0.0006858003501129	-0.0926102382454969	0.0013604516699544248	0.0016838110541768344	0.19151846785225718	-0.3056807566912596	0.8090603595343816	3.163802297506199	5.638354669333745	0.0	0.0	1883	29.815153121948242	29.815153121948242	77	23.481586456298828	23.481586456298828	-0.21242777589449968	0.0	True	False	-0.30615045714367284	0.8087969953779616	0.0	0.0	False	False
243	3775	1192	2583	0.0	0.0	0.1970010561874335	0.005791637109234552	0.003679597252909275	0.31576158940397353	0.6547491333947191	1.5743421709424539	300.0	7.084226422097916	4.6383911106405815	231.91955553202908	8297	25.18544578552246	25.18544578552246	47	20.532224655151367	20.532224655151367	-0.18475833900251787	0.0	True	False	0.6578081683151362	1.5776838869306846	0.0	0.0	False	False
244	991	199	792	0.0292258618243044	0.0426038971664156	-0.0670228982218159	0.0009668924368604662	0.001128238878940823	0.20080726538849647	-0.21993543787771763	0.8586038590048491	1.3705506722480802	5.298317366548036	0.0	0.0	1380	27.302379608154297	27.302379608154297	13	25.411861419677734	25.411861419677734	-0.0692437148559728	0.0	True	False	-0.22017093517931308	0.8584637168513056	0.0	0.0	False	False
245	1224	271	953	0.6145901629960375	0.6708639074330759	-0.013274402806437	0.0013167228662773183	0.001357590469230561	0.22140522875816993	-0.04219398958168874	0.9711768990801838	0.17336557259618096	5.605802066295998	0.0	0.0	1886	33.61343765258789	33.61343765258789	11	29.26934051513672	29.26934051513672	-0.1292369195424057	0.0	True	False	-0.04225550849385584	0.971135487367487	0.0	0.0	False	False
246	1181	280	901	0.3296165931038606	0.3876740612073815	0.025282447320562	0.0013604516699544248	0.0012835141791990928	0.23708721422523285	0.08576003010315603	1.0612466723787088	0.4115332561280986	5.638354669333745	0.48354546617433236	0.19899504018070235	1893	24.06497573852539	24.06497573852539	67	19.77120018005371	19.77120018005371	-0.17842426292571803	0.0	True	False	0.08586869365999839	1.061326608316552	0.0	0.0	False	False
247	1534	139	1395	0.0	0.0	-0.4687102003963713	0.0006753670790130895	0.0019872389344980407	0.09061277705345502	-1.5523583463101733	0.34095226018272967	300.0	4.941642422609304	0.0	0.0	968	38.52434158325195	38.52434158325195	5	88.70374298095703	88.70374298095703	0.5656965502400233	0.5656965502400233	True	False	-1.5542559782060508	0.3405040874650548	0.0	0.0	False	False
248	2302	507	1795	0.4001145075684669	0.4601316837037369	-0.0162072866240505	0.0024633892738103336	0.002557056550124719	0.22024326672458733	-0.05281917466541408	0.9640506328970054	0.33711786109742087	6.230481447578482	0.0	0.0	3194	35.436492919921875	35.436492919921875	355	26.564928817749024	26.564928817749024	-0.2503510751535288	0.0	True	False	-0.05295713132607105	0.9639584506661307	0.0	0.0	False	False
249	1183	80	1103	0.0	0.0	-0.6066363184868753	0.00038870047712983566	0.0015712720750905654	0.0676246830092984	-2.0068672852382914	0.2488128179081055	300.0	4.394449154672439	0.0	0.0	533	38.547760009765625	38.547760009765625	27	36.01699981689453	36.01699981689453	-0.06565258765308163	0.0	True	False	-2.0085775262046948	0.24851803783344217	0.0	0.0	False	False
250	663	182	481	0.0005572694202089	0.0010780819624603	0.1107755185690631	0.0008842935854703761	0.0006852056827910807	0.27450980392156865	0.37044741685062554	1.2927536846549916	2.9673482201408485	5.209486152841421	1.9298406884392076	5.726509331995473	1209	20.833181381225586	20.833181381225586	65	16.856645584106445	16.856645584106445	-0.1908751104477355	0.0	True	False	0.37073238590291524	1.293009061687556	0.0	0.0	False	False
251	4685	963	3722	9.905418191480386e-05	0.0002135855797537	-0.0543008747135426	0.004678981993450397	0.005302152913406241	0.20554962646744931	-0.17982852624703494	0.8828079175572294	3.670428072077948	6.871091294610546	0.0	0.0	6668	26.800044822692872	26.800044822692872	73	24.358654403686522	24.358654403686522	-0.09109650506774931	0.0	True	False	-0.18073456937889887	0.8822536694901143	0.0	0.0	False	False
252	3174	805	2369	2.7018236212539293e-05	6.248910498319144e-05	0.0640800266017964	0.003911298551118971	0.0033747448285490022	0.2536231884057971	0.2134605840006749	1.1594660552616232	4.204195695586149	6.692083742506628	1.428496103856887	6.005677170996709	5599	29.405900955200195	29.405900955200195	36	21.755207061767578	21.755207061767578	-0.2601754629143459	0.0	True	False	0.2142350101885775	1.1600886136630324	0.0	0.0	False	False
253	1224	80	1144	0.0	0.0	-0.6224868305036759	0.00038870047712983566	0.0016296783806922998	0.06535947712418301	-2.059498118514364	0.23989947100182996	300.0	4.394449154672439	0.0	0.0	541	38.985626220703125	38.985626220703125	19	37.0265251159668	37.0265251159668	-0.050251882415472286	0.0	True	False	-2.0612927569842387	0.23960123392606536	0.0	0.0	False	False
254	1384	397	987	2.4372104334702256e-10	9.342639994969204e-10	0.1373225610504691	0.0019289261177568096	0.0014060249665588287	0.28684971098265893	0.45726086314659575	1.3729326577653436	9.029530385735526	5.986452005284438	2.737370211122031	24.71716749833365	2700	24.336206436157227	24.336206436157227	79	21.137677001953126	21.137677001953126	-0.1314308967009716	0.0	True	False	0.45801402750117504	1.3736495895284573	0.0	0.0	False	False
255	2804	684	2120	0.0121390829932097	0.0188223983490218	0.0415694477481316	0.003323389079460095	0.003020033362821395	0.24393723252496433	0.13880471458817034	1.1009925559711327	1.7253250396025253	6.529418838262226	0.906314118271611	1.563686441999295	4634	34.890228271484375	34.890228271484375	154	27.568788528442383	27.568788528442383	-0.20984212788959514	0.0	True	False	0.1392412710645754	1.1013257644078716	0.0	0.0	False	False
256	2905	519	2386	8.024692021990631e-12	3.355780300105173e-11	-0.1296538745288736	0.002521694345379809	0.0033989620772131362	0.17865748709122203	-0.42961393122128655	0.7424604429926009	10.47420647977876	6.253828811575473	0.0	0.0	3611	33.820499420166016	33.820499420166016	22	23.929195213317872	23.929195213317872	-0.2924647588423929	0.0	True	False	-0.4308858015255801	0.7418061832669409	0.0	0.0	False	False
257	1326	309	1017	0.5304462290805978	0.5903353194606653	0.0154867334594052	0.0015013555929139903	0.0014487612877308296	0.2330316742081448	0.05306927098736125	1.0374697494689333	0.22890123238443305	5.736572297479192	0.30443570979351275	0.06968570915356469	2040	25.288549423217773	25.288549423217773	123	21.644725799560547	21.644725799560547	-0.14408986307106175	0.0	True	False	0.05314277958439284	1.037522612261487	0.0	0.0	False	False
258	1249	272	977	0.3929732149189378	0.4531780250040118	-0.0224764527270854	0.0013215816222414414	0.0013917795261681617	0.2177742193755004	-0.07275372160371951	0.95082139941268	0.34373115761464873	5.60947179518496	0.0	0.0	1895	31.901383972167995	31.901383972167995	9	51.843301391601564	51.843301391601564	0.3846575523576531	0.3846575523576531	True	False	-0.07285761381725031	0.9507529307617625	0.0	0.0	False	False
259	1990	466	1524	0.3637751706279446	0.4242335792675185	0.0182501566434022	0.0022641802792812927	0.0021710051155376443	0.23417085427135678	0.06169958676871623	1.0436945756615756	0.3723949588429827	6.1463292576688975	0.37922597534264135	0.1412218414799129	3096	23.18050765991211	23.18050765991211	166	18.439111709594727	18.439111709594727	-0.2045423689541129	0.0	True	False	0.06183182590002545	1.043790246323588	0.0	0.0	False	False
260	1390	307	1083	0.5544107778117977	0.6137060481660007	-0.0146408741907834	0.0014916380809857444	0.0015427811943092315	0.220863309352518	-0.046954086940365514	0.9679778318216533	0.21203959665711994	5.730099782973574	0.0	0.0	1962	24.212196350097656	24.212196350097656	187	19.21748161315918	19.21748161315918	-0.20628920502366285	0.0	True	False	-0.04703046387645671	0.9679265879884366	0.0	0.0	False	False
261	4564	988	3576	0.061245154790156	0.0831327674856544	-0.0257913585795969	0.004800450892553471	0.005094169483702504	0.21647677475898336	-0.08514881953170139	0.9426872890899659	1.0802277616159626	6.8966943316227125	0.0	0.0	6893	35.564353942871094	35.564353942871094	23	39.5385856628418	39.5385856628418	0.10051527269741643	0.10051527269741643	True	False	-0.085577161618275	0.9424074429055419	0.0	0.0	False	False
262	928	206	722	0.6958935979570791	0.736828515483966	-0.0118207702426422	0.0010009037286093268	0.0010285207962061544	0.22198275862068967	-0.03676905504189065	0.9748356689715099	0.13263357515960922	5.332718793265369	0.0	0.0	1427	31.795135498046875	31.795135498046875	15	28.20578842163086	28.20578842163086	-0.11288981852700401	0.0	True	False	-0.03681141822851508	0.9748070443918966	0.0	0.0	False	False
263	1727	386	1341	0.7174192596030617	0.7557546398871948	-0.0079922662227059	0.0018754798021514572	0.0019103135563884389	0.2235089751013318	-0.025219984408968443	0.9826707479395801	0.12161917783030451	5.958424693029782	0.0	0.0	2688	25.684154510498047	25.684154510498047	14	25.930233001708984	25.930233001708984	0.00949002236866592	0.00949002236866592	True	False	-0.025272816075620597	0.9826347630769885	0.0	0.0	False	False
264	1019	236	783	0.6710504988775985	0.7160178003487777	0.0119994478697855	0.0011466664075330153	0.0011154179825892227	0.23159960745829244	0.04199365979352088	1.0295355589280002	0.14507618090840527	5.4680601411351315	0.22962385729734047	0.033312952262154805	1598	33.33272171020508	33.33272171020508	54	28.139534759521485	28.139534759521485	-0.1557984672188847	0.0	True	False	0.04203631265615648	1.0295659972997055	0.0	0.0	False	False
265	2686	615	2071	0.7511996944858028	0.7873333506762591	0.0055442238387973	0.0029881349179356116	0.002950230704907127	0.22896500372300818	0.01924169243195628	1.013426663714213	0.10384135187577753	6.423246963533519	0.12359414248680908	0.012834182839757728	4274	30.240814208984375	30.240814208984375	31	27.408048629760742	27.408048629760742	-0.09367358827203913	0.0	True	False	0.019294054783010495	1.0134634465160113	0.0	0.0	False	False
266	4505	855	3650	4.282352250584154e-11	1.7728938317418395e-10	-0.0974775427715762	0.004154236349325119	0.0051995857425934395	0.1897891231964484	-0.3231675691612512	0.799312984684116	9.751317270980708	6.752270376141742	0.0	0.0	5916	32.77277374267578	32.77277374267578	69	31.787025451660156	31.787025451660156	-0.030078268588295026	0.0	True	False	-0.3246852626800347	0.7984725615608715	0.0	0.0	False	False
267	239	46	193	0.1592941879740026	0.1962731958965389	-0.0899502703626719	0.0002235027743496555	0.0002749369995398723	0.19246861924686193	-0.2869441941096724	0.8196363119465966	0.7071390058969828	3.8501476017100584	0.0	0.0	308	39.916038513183594	39.916038513183594	14	36.2490291595459	36.2490291595459	-0.09186806833114324	0.0	True	False	-0.2870208942662842	0.8195927375524155	0.0	0.0	False	False
268	478	103	375	0.5075379675857763	0.5663711260302722	-0.0283448360631514	0.0005004518643046634	0.000534204014650011	0.21548117154811716	-0.0890953890882411	0.9401120414891951	0.24689889537012663	4.6443908991413725	0.0	0.0	675	25.443796157836914	25.443796157836914	46	21.790602684020996	21.790602684020996	-0.14357894754202005	0.0	True	False	-0.08914658681401555	0.9400786797993668	0.0	0.0	False	False
269	1450	357	1093	0.0410625603567584	0.0586203447851655	0.0468972611196463	0.0017345758791918917	0.0015570266346998985	0.24620689655172415	0.15714867754436312	1.115081127961329	1.2319516315158967	5.8805329864007	0.9241179820688744	1.138468655722928	2425	25.312673568725586	25.312673568725586	74	21.008238792419434	21.008238792419434	-0.17005057820618302	0.0	True	False	0.1574027674817131	1.1152775352669209	0.0	0.0	False	False
270	2176	448	1728	0.0091022502063948	0.0143829449826239	-0.0534165171876756	0.00217672267192708	0.0024616120995072503	0.20588235294117646	-0.17625396241643188	0.8849979617258714	1.84215218079917	6.1070228877422545	0.0	0.0	3116	34.73080062866211	34.73080062866211	20	32.518004989624025	32.518004989624025	-0.06371277364714541	0.0	True	False	-0.1766684087633319	0.8847437628249032	0.0	0.0	False	False
271	2004	471	1533	0.3091385629349819	0.3688281413691138	0.0203279592314966	0.0022884740591019074	0.0021838260118892446	0.23502994011976047	0.06858826033478316	1.0486899927360729	0.4331759499420106	6.156978985585555	0.4222964775391312	0.18292867781517808	3230	33.44694595336914	33.44694595336914	67	21.81364860534668	21.81364860534668	-0.3478134405527279	0.0	True	False	0.06873709086702462	1.0487981827112227	0.0	0.0	False	False
272	416	55	361	7.68637881121137e-07	2.1501086674604778e-06	-0.284295305448384	0.000267231578026762	0.0005142603981030772	0.13221153846153846	-0.933349219674307	0.5236412952645029	5.667539590090984	4.02535169073515	0.0	0.0	371	45.77724838256836	45.77724838256836	14	45.716010665893556	45.716010665893556	-0.001337732581981099	0.0	True	False	-0.933708223905624	0.5235110071250151	0.0	0.0	False	False
273	878	173	705	0.0190183145291278	0.0287357015148135	-0.0772938069043721	0.0008405647817932697	0.0010043035475420204	0.1970387243735763	-0.2536236690922973	0.8387869557546807	1.5415781961188126	5.159055299214529	0.0	0.0	1184	37.85865020751953	37.85865020751953	27	30.42947769165039	30.42947769165039	-0.19623447944252248	0.0	True	False	-0.2538625914733075	0.8386480571118666	0.0	0.0	False	False
274	2092	526	1566	0.0017846828424659	0.0032838164301372	0.0590431933886995	0.0025557056371286694	0.0022308359651784454	0.251434034416826	0.1970474175813699	1.1463498626060753	2.4836211285339425	6.267200548541362	1.2349356835546204	3.0671123560567617	3626	23.644336700439453	23.644336700439453	56	21.02976417541504	21.02976417541504	-0.11057922910460921	0.0	True	False	0.19751474589897278	1.1467212567776166	0.0	0.0	False	False
275	1840	488	1352	4.114711351643763e-06	1.085025795911158e-05	0.090292337353999	0.0023710729104919974	0.0019259835408181726	0.26521739130434785	0.30088862418091367	1.231902967068933	4.964559936572412	6.192362489474872	1.863211429887592	9.250024818183736	3387	22.562217712402344	22.562217712402344	29	20.078556060791016	20.078556060791016	-0.11008056403276666	0.0	True	False	0.3015296514157271	1.2324504554810012	0.0	0.0	False	False
276	923	199	724	0.362136471184735	0.4242335792675185	-0.0280362828295209	0.0009668924368604662	0.0010313698842842878	0.21560130010834236	-0.09051019240787816	0.9391905566064079	0.3723949588429827	5.298317366548036	0.0	0.0	1379	37.24221420288086	37.24221420288086	14	44.67345504760742	44.67345504760742	0.16634578267580302	0.16634578267580302	True	False	-0.0906057863225147	0.9391283272890912	0.0	0.0	False	False
277	1404	422	982	2.664535259100376e-15	1.7236212457305555e-14	0.1660501701316478	0.0020503950168598833	0.0013989022463634952	0.3005698005698006	0.5525806849502839	1.4667069881595458	13.763558161342386	6.0473721790462776	3.341661060846683	45.99314636645642	2871	26.835290908813477	26.835290908813477	83	21.3984619140625	21.3984619140625	-0.2025999648457459	0.0	True	False	0.5535197311619804	1.4676619744465549	0.0	0.0	False	False
278	1537	369	1168	0.1509830896191113	0.1865880570218271	0.0324327303398215	0.0017928809507613672	0.0016638674376299007	0.24007807417046195	0.10907528629003238	1.07853671310311	0.7291161576715646	5.91350300563827	0.6450170333169613	0.47029234096477435	2503	25.403732299804688	25.403732299804688	80	20.94019660949707	20.94019660949707	-0.17570393348625915	0.0	True	False	0.10925925386144897	1.0786742532105895	0.0	0.0	False	False
279	1694	300	1394	7.343846397667164e-08	2.2355532416427985e-07	-0.1342923120848552	0.0014576267892368838	0.001985814390458974	0.1770956316410862	-0.44422428739042097	0.7349793963486467	6.650614982572361	5.707110264748875	0.0	0.0	2061	35.09151077270508	35.09151077270508	39	31.219994735717773	31.219994735717773	-0.11032628552426568	0.0	True	False	-0.4449900956063928	0.7345893597265554	0.0	0.0	False	False
280	1123	287	836	0.0074195325467805	0.0119520874488993	0.0685248262523065	0.0013944629617032855	0.0011909188166597576	0.25556544968833483	0.22928316672009075	1.1722523463478545	1.9225562379487335	5.662960480135946	1.2984215118962952	2.496288377183048	2000	33.70330810546875	33.70330810546875	9	41.262733459472656	41.262733459472656	0.18320224377351554	0.18320224377351554	True	False	0.2295747180172114	1.1724892683713877	0.2381762092121194	0.2378737343432017	True	True
281	2643	650	1993	0.0065174079641197	0.0107498282754803	0.046255264899155	0.003158191376679915	0.0028391162698599244	0.24593265228906547	0.15440410764717072	1.1129618242973964	1.968598473386236	6.478509642208569	1.0003085001888052	1.9692057863869574	4467	25.449579238891605	25.449579238891605	83	22.632164001464844	22.632164001464844	-0.11070576888443155	0.0	True	False	0.15486333480697212	1.113316149803954	0.0	0.0	False	False
282	2421	414	2007	5.968558980384846e-13	2.745537130977027e-12	-0.1526978244094172	0.0020115249691468997	0.0028590598864068582	0.17100371747211895	-0.5058692299822205	0.7042359445296345	11.56137267846366	6.028278520230698	0.0	0.0	2866	35.311283111572266	35.311283111572266	32	28.10494041442871	28.10494041442871	-0.20408045423820584	0.0	True	False	-0.5070974308375416	0.703636666722516	0.0	0.0	False	False
283	2569	503	2066	2.9110920117592087e-05	6.69551162704618e-05	-0.0807131251706844	0.002443954249953842	0.0029431079847117934	0.1957960295834955	-0.2670389294410498	0.8310234370940321	4.17421623145058	6.222576268071369	0.0	0.0	3429	34.39033889770508	34.39033889770508	92	21.392444610595703	21.392444610595703	-0.37795191044124155	0.0	True	False	-0.2677634838058509	0.8306061829500662	0.0	0.0	False	False
284	3170	704	2466	0.4788193064261965	0.5416152810394682	-0.011571206160823	0.003420564198742554	0.0035129256003384717	0.2220820189274448	-0.03770692475815096	0.9742021520355026	0.2663090910409738	6.558197802812269	0.0	0.0	4887	33.06949996948242	33.06949996948242	41	28.681934356689453	28.681934356689453	-0.13267710781360326	0.0	True	False	-0.03784312330623685	0.9741101861993531	0.0	0.0	False	False
285	3224	693	2531	0.071157669031568	0.0953374594791882	-0.0297097035896555	0.0033671178831372016	0.003605520962877807	0.2149503722084367	-0.09793794565950265	0.9343675357745364	1.0207364251892395	6.542471960506805	0.0	0.0	4783	28.229406356811523	28.229406356811523	68	24.962764739990234	24.962764739990234	-0.11571768727729817	0.0	True	False	-0.09828557727108134	0.9341424178165254	0.0	0.0	False	False
286	934	245	689	0.0024758305421295	0.0043991152121957	0.0837960694143858	0.0011903952112101218	0.0009815108429169534	0.2623126338329764	0.28025922372741796	1.2144130707709053	2.3566346637640745	5.5053315359323625	1.5429199426224776	3.6360986201970076	1615	23.055173873901367	23.055173873901367	100	17.26941509246826	17.26941509246826	-0.25095272814154	0.0	True	False	0.2805584273615853	1.2146649566339158	0.0	0.0	False	False
287	1288	216	1072	2.872726256875069e-08	9.291473987080301e-08	-0.162891827247878	0.0010494912882505563	0.0015271112098794977	0.16770186335403728	-0.5384519667334775	0.6885092935769759	7.031915384641788	5.37989735354046	0.0	0.0	1478	31.314247131347656	31.314247131347656	34	26.563385009765625	26.563385009765625	-0.1517156743911017	0.0	True	False	-0.5391443948677193	0.688178919656776	0.0	0.0	False	False
288	1450	251	1199	8.018424124678347e-08	2.423085830377253e-07	-0.1462962546601056	0.0012195477469948595	0.0017080283028409681	0.17310344827586208	-0.4837161015612015	0.7151332056808454	6.615631202041188	5.529429087511423	0.0	0.0	1705	43.113380432128906	43.113380432128906	52	27.297622680664062	27.297622680664062	-0.36684105010885765	0.0	True	False	-0.4844243429138402	0.7147822218666907	0.0	0.0	False	False
289	2187	570	1617	1.0339205412268626e-05	2.5942006307146733e-05	0.0800140427229204	0.0027694908995500793	0.002303487711170847	0.2606310013717421	0.26661983033551806	1.2029859811448131	4.585996439415065	6.3473892096560105	1.6923398341519835	7.761064453701278	3950	28.919776916503906	28.919776916503906	40	26.61077995300293	26.61077995300293	-0.0798414514111719	0.0	True	False	0.267291355838676	1.2035460605674204	0.0	0.0	False	False
290	766	185	581	0.2612716119457803	0.3144373469347472	0.0358448029706199	0.000898869853362745	0.0008276600866977502	0.24151436031331594	0.12172674607429101	1.0880363424251007	0.5024658767407458	5.225746673713202	0.6361131383996578	0.31962514579229145	1294	28.839736938476562	28.839736938476562	1	32.00189208984375	32.00189208984375	0.09881150597250911	0.09881150597250911	True	False	0.1218270892564366	1.0881120208066404	0.062907110770906	0.0628552971741693	False	False
291	311	92	219	0.0005228270185009	0.0010209923851857	0.1561929194645113	0.000447005548699311	0.00031197514455560634	0.2958199356913183	0.5233910819076595	1.4373297512385563	2.990977496976913	4.532599493153256	2.3723221525755918	7.095562173933426	635	19.893491744995117	19.893491744995117	9	20.5369384765625	20.5369384765625	0.03133119049373928	0.03133119049373928	True	False	0.5235834850550205	1.4375214516336956	0.07435500078024611	0.07432767727486349	True	True
292	988	294	694	2.1621215928746543e-10	8.444512636321763e-10	0.1598370669144906	0.001428474253452146	0.0009886335631122869	0.2975708502024291	0.5323796907757732	1.4463128873874054	9.073425410091058	5.68697535633982	3.027630181657636	27.470976622611	1943	21.673717498779297	21.673717498779297	115	16.42311668395996	16.42311668395996	-0.242256586352344	0.0	True	False	0.5330125333386544	1.446947456097216	0.0	0.0	False	False
293	2441	445	1996	6.4686613843178975e-09	2.250441859754293e-08	-0.1189513190133255	0.002162146404034711	0.0028433899019771245	0.18230233510856206	-0.39388898418442153	0.7610752531351618	7.647732202593999	6.100318952020064	0.0	0.0	3075	32.21834182739258	32.21834182739258	40	33.86808052062988	33.86808052062988	0.04871072313154585	0.04871072313154585	True	False	-0.3948767587183113	0.7605543437036963	0.0	0.0	False	False
294	1029	226	803	0.5384937704181123	0.5976847746731863	-0.0177578991735623	0.0010980788478917858	0.0011439088633705566	0.2196307094266278	-0.056700222702152914	0.9614606893474765	0.22352780717391366	5.424950017481403	0.0	0.0	1569	32.41352844238281	32.41352844238281	13	23.400344848632812	23.400344848632812	-0.27806857281124236	0.0	True	False	-0.05676889557246945	0.9614149245171076	0.0	0.0	False	False
295	1580	405	1175	0.001104999727636	0.0020606751677536	0.070266363563953	0.001967796165469793	0.0016738392459033674	0.2563291139240506	0.23458603149095758	1.1765690827450357	2.6859904623549467	6.0063531596017325	1.4090065514441446	3.7845781585746066	2775	24.462862014770508	24.462862014770508	60	20.97798728942871	20.97798728942871	-0.1424557242418182	0.0	True	False	0.2350084128397576	1.1769136001775893	0.0	0.0	False	False
296	3287	944	2343	0.0	0.0	0.1380489126577177	0.004586665630132061	0.003337706683533268	0.2871919683602069	0.459044657836051	1.374631245871962	300.0	6.851184927493743	3.144999840812875	157.24999204064375	6586	30.76363754272461	30.76363754272461	22	33.95270538330078	33.95270538330078	0.09392676679439735	0.09392676679439735	True	False	0.46085120271880786	1.376353639335817	0.296562195679763	0.2953996666164477	True	True
297	3625	886	2739	0.0033585339572947	0.0058362663798573	0.0426908965897578	0.00430485778421293	0.0039018261230036795	0.24441379310344827	0.1423666835194144	1.1037142306371517	2.2338648941840065	6.787844982309579	0.9663629783753128	2.1587243324317096	6078	25.033376693725586	25.033376693725586	124	21.83113384246826	21.83113384246826	-0.12791893360754406	0.0	True	False	0.14294804264802963	1.1041590811602668	0.0	0.0	False	False
298	1244	262	982	0.126444096606318	0.1605762453834836	-0.040960989509652	0.0012729940626002119	0.0013989022463634952	0.21061093247588425	-0.13405323366577804	0.9112676553653981	0.7943187010368734	5.572154032177765	0.0	0.0	1834	34.83940505981445	34.83940505981445	0					False	True	-0.13423760405828133	0.9111512066111889			False	False
299	231	53	178	0.9104959363356318	0.921626693503549	0.0067050742539862	0.0002575140660985161	0.00025356883895387184	0.22943722943722944	0.031773473298752464	1.0222680052226314	0.0354449550651688	3.9889840465642745	0.12674387809265952	0.004492431063779549	350	20.278432846069336	20.278432846069336	21	15.071379661560059	15.071379661560059	-0.2567778892992012	0.0	True	False	0.0317766886147286	1.022270283540792	0.0	0.0	False	False
300	1481	335	1146	0.9565878254736504	0.958904018755669	-0.0012906036372717	0.0016276832479811868	0.0016325274687704332	0.2261985145172181	-0.0027649324539034126	0.998085330188448	0.01822486124528039	5.817111159963204	0.0	0.0	2311	26.857770919799805	26.857770919799805	34	24.763944816589355	24.763944816589355	-0.07795978711199973	0.0	True	False	-0.002774413888314342	0.9980787707637394	0.0	0.0	False	False
301	5039	1047	3992	0.0002970715562629	0.0005941431125258	-0.0483946439798483	0.005087117494436725	0.005686779803954249	0.20777932129390753	-0.1602554127851752	0.8948666309213943	3.226108932974725	6.954638864880987	0.0	0.0	7260	32.301432037353536	32.301432037353536	69	29.76695137023926	29.76695137023926	-0.07846341500226339	0.0	True	False	-0.16112771760303524	0.8943257262182418	0.0	0.0	False	False
302	1079	173	906	1.2914448621614838e-08	4.2433188328163044e-08	-0.1862328875896498	0.0008405647817932697	0.0012906368993944263	0.1603336422613531	-0.6152846062391912	0.6528011001488441	7.372294335159948	5.159055299214529	0.0	0.0	1159	33.91942596435547	33.91942596435547	52	28.742694091796874	28.742694091796874	-0.15261849885073556	0.0	True	False	-0.615937094589853	0.652505924249295	0.0	0.0	False	False
303	1068	152	916	1.09978692819368e-12	4.843742428427484e-12	-0.2472026787643579	0.0007385309065466878	0.0013048823397850933	0.14232209737827714	-0.8172388871629312	0.567527069910755	11.314818959023366	5.030437921392435	0.0	0.0	1048	39.58599090576172	39.58599090576172	16	49.89809799194336	49.89809799194336	0.20666332988978162	0.20666332988978162	True	False	-0.8180592737551375	0.5672044381474592	0.0	0.0	False	False
304	1801	294	1507	1.91091586998482e-12	8.327570212354897e-12	-0.1769167149449487	0.001428474253452146	0.0021467878668735103	0.16324264297612437	-0.585731712030281	0.6663113103088247	11.079481696948434	5.68697535633982	0.0	0.0	1983	39.72177352905273	39.72177352905273	75	22.863372802734375	22.863372802734375	-0.4244120850743995	0.0	True	False	-0.5867723554753397	0.6658308605538187	0.0	0.0	False	False
305	2871	534	2337	7.232736853879372e-09	2.495294214588384e-08	-0.1082682484067061	0.002594575684841653	0.0033291594192988677	0.18599791013584116	-0.3586177610151644	0.779911451121253	7.602878240325539	6.282266746896006	0.0	0.0	3697	34.21348571777344	34.21348571777344	41	32.07017517089844	32.07017517089844	-0.06264519682546053	0.0	True	False	-0.35968317256885385	0.7793357092571919	0.0	0.0	False	False
306	488	131	357	0.0100433779322943	0.0158097279998854	0.0974522865020066	0.0006364970313001059	0.0005085622219468104	0.26844262295081966	0.32720630855325616	1.2545815996125496	1.8010756018682348	4.882801922586371	1.5976835924862285	2.8775489379321377	874	24.824548912048346	24.824548912048346	43	23.08456039428711	23.08456039428711	-0.07009144552539083	0.0	True	False	0.3273885062356232	1.2547400504893451	0.0	0.0	False	False
307	1290	173	1117	0.0	0.0	-0.2771578630283553	0.0008405647817932697	0.0015912156916374992	0.13410852713178295	-0.9171805125657126	0.5295429058478098	300.0	5.159055299214529	0.0	0.0	1196	36.8867301940918	36.8867301940918	15	44.679500579833984	44.679500579833984	0.17441489462976317	0.17441489462976317	True	False	-0.9182672698928851	0.5291441604998592	0.0	0.0	False	False
308	1409	225	1184	5.346412201845396e-11	2.191499655013856e-10	-0.1883199773176383	0.0010932200919276627	0.0016866601422549678	0.1596877217885025	-0.6229921090581438	0.6493228528811809	9.659258593376707	5.420534999272286	0.0	0.0	1500	35.38642883300781	35.38642883300781	75	30.37619514465332	30.37619514465332	-0.14158630451234003	0.0	True	False	-0.6238519331148051	0.6489359817431011	0.0	0.0	False	False
309	1929	301	1628	6.661338147750939e-16	4.596323321948148e-15	-0.2002386980018262	0.0014624855452010067	0.0023191576956005807	0.15603939865215138	-0.6632270615691134	0.631464238784849	14.337589429070105	5.71042701737487	0.0	0.0	2070	37.62611770629883	37.62611770629883	37	30.66649475097656	30.66649475097656	-0.18496787283895585	0.0	True	False	-0.6644677996341244	0.630921404097366	0.0	0.0	False	False
310	2900	667	2233	0.6300577779725625	0.6813573194707426	0.0080863178019044	0.003240790228070005	0.0031810068392359317	0.23	0.027620238198366565	1.0193293287829972	0.16662507431800666	6.504288173536645	0.17964998866390075	0.029934192712351516	4533	35.09320831298828	35.09320831298828	136	22.435111045837402	22.435111045837402	-0.36069934541909676	0.0	True	False	0.027704279853944414	1.0193887097451235	0.0	0.0	False	False
311	342	58	284	0.005614994417787	0.0094113671617968	-0.1570411395218049	0.0002818078459191309	0.0004045705070949416	0.1695906432748538	-0.5118333717964703	0.7013306228363279	2.026347283300064	4.07753744390572	0.0	0.0	406	39.9963493347168	39.9963493347168	0					False	True	-0.5120130195104	0.7012432969667424			False	False
312	439	195	244	0.0	0.0	0.4354939919805726	0.0009474574130039744	0.00034758874553227374	0.44419134396355353	1.4474208932818247	2.7272007347631355	300.0	5.278114659230517	7.639653434907328	381.9826717453664	1362	22.564273834228516	22.564273834228516	7	32.112944793701175	32.112944793701175	0.2973464757223259	0.2973464757223259	True	False	1.4482844013840808	2.7288335572041644	2.2729792390877903	2.2716240246096557	True	True
313	733	145	588	0.0368497074340192	0.0531560239640556	-0.0751601168825702	0.0007045196147978271	0.0008376318949712171	0.19781718963165076	-0.24593651120345505	0.843268219205834	1.2744475114586047	4.983606621708336	0.0	0.0	996	38.06606674194336	38.06606674194336	19	41.82882537841797	41.82882537841797	0.08995611524907997	0.08995611524907997	True	False	-0.2461311786880831	0.8431544419876167	0.0	0.0	False	False
314	754	174	580	0.7619153928934419	0.7965479107522346	0.0099704616777463	0.0008454235377573926	0.0008262355426586835	0.23076923076923078	0.03601772027079164	1.0252798310729823	0.09878809713900044	5.1647859739235145	0.18602381646728533	0.018376938851337773	1132	23.357070922851562	23.357070922851562	86	16.80483055114746	16.80483055114746	-0.28052491655936485	0.0	True	False	0.03604294648109452	1.0252977587361598	0.0	0.0	False	False
315	1265	321	944	0.0078080271399654	0.0124807846947709	0.0643822450640328	0.0015596606644834657	0.0013447695728789608	0.25375494071146243	0.21535469186628298	1.1609893127791509	1.9037581087324662	5.7745515455444085	1.2435767687566843	2.367469357351857	2101	23.07756996154785	23.07756996154785	146	17.97968101501465	17.97968101501465	-0.22090232875590335	0.0	True	False	0.21566268370598785	1.1612371915027473	0.0	0.0	False	False
316	1657	255	1402	1.3100631690576847e-14	7.860379014346108e-14	-0.2073586262389545	0.0012389827708513513	0.0019972107427715076	0.15389257694628847	-0.6865188236318271	0.6213513431913945	13.104556512501235	5.545177444479562	0.0	0.0	1718	37.536312103271484	37.536312103271484	67	34.86077346801758	34.86077346801758	-0.07127867617609458	0.0	True	False	-0.6876169678585917	0.6208785656818666	0.0	0.0	False	False
317	275	53	222	0.133976701186802	0.1696218785667769	-0.0892278978872748	0.0002575140660985161	0.00031624877667280646	0.19272727272727272	-0.2861077885259071	0.820111635650516	0.7705181312773657	3.9889840465642745	0.0	0.0	362	29.72995376586914	29.72995376586914	9	28.071655654907225	28.071655654907225	-0.055778697942870346	0.0	True	False	-0.286195026951912	0.8200620457627565	0.0	0.0	False	False
318	1592	465	1127	1.270095140171179e-13	6.572742350385856e-13	0.1483782438007327	0.00225932152331717	0.001605461132028166	0.29208542713567837	0.4938123903427556	1.4081610961801618	12.182253391605043	6.144185634125646	3.0340749946972045	36.961870394534074	3226	31.7759952545166	31.7759952545166	29	21.738309478759767	21.738309478759767	-0.3158889499874938	0.0	True	False	0.49475505437495926	1.4090814962273308	0.0	0.0	False	False
319	453	143	310	4.571322342883377e-08	1.444677442712762e-07	0.196823550588762	0.0006948021028695812	0.0004416086521106757	0.31567328918322296	0.656544219381912	1.576302279216603	6.840229108262005	4.969813299576001	3.2629021932439697	22.318998559639336	944	20.407733917236328	20.407733917236328	57	15.11618423461914	15.11618423461914	-0.259291389434863	0.0	True	False	0.6569072287530169	1.5766989566006755	0.0	0.0	False	False
320	801	112	689	2.3586443909096033e-10	9.125969886323135e-10	-0.25615199227786	0.00054418066798177	0.0009815108429169534	0.13982521847690388	-0.8455387993702388	0.5565029346709849	9.039720968636475	4.727387818712341	0.0	0.0	747	38.17522430419922	38.17522430419922	37	33.64288482666016	33.64288482666016	-0.11872463253714295	0.0	True	False	-0.8461726932828384	0.5562584711322692	0.0	0.0	False	False
321	1574	271	1303	1.3023342626539149e-08	4.245404604241895e-08	-0.1491259178805729	0.0013167228662773183	0.0018561808829039045	0.1721728081321474	-0.4932797288044881	0.710408264881439	7.37208091342567	5.605802066295998	0.0	0.0	1866	37.35877227783203	37.35877227783203	31	29.85796546936035	29.85796546936035	-0.20077765812776757	0.0	True	False	-0.4940617188504195	0.7100233036495635	0.0	0.0	False	False
322	1580	295	1285	2.490902613616619e-05	5.793447651894833e-05	-0.1062319047316793	0.0014333330094162692	0.001830539090200704	0.18670886075949367	-0.3510128237294179	0.7840334849813244	4.237062912854897	5.69035945432406	0.0	0.0	2030	33.784183502197266	33.784183502197266	35	27.325368881225586	27.325368881225586	-0.19117865081900262	0.0	True	False	-0.3515892880877338	0.7837202676611785	0.0	0.0	False	False
323	1560	360	1200	0.6628536451507521	0.7090992483008045	0.0099704616768437	0.0017491521470842605	0.0017094528468800348	0.23076923076923078	0.0345225119371122	1.0242177820779108	0.14929297501043762	5.8888779583328805	0.20329885961274377	0.030351091567815822	2494	28.56670570373535	28.56670570373535	26	23.727806091308594	23.727806091308594	-0.16938948657961736	0.0	True	False	0.03457740349828242	1.024256752186632	0.0	0.0	False	False
324	325	91	234	0.0068510144138571	0.011122823401321	0.1226747418702041	0.00044214679273518807	0.0003333433051416068	0.28	0.41234247669537183	1.3308449285455188	1.9537849580800497	4.5217885770490405	1.8645255009532424	3.6428818777191143	637	23.203941345214844	23.203941345214844	0					False	True	0.41249702937150623	1.3309875066074865			False	True
325	1168	247	921	0.1608119977345321	0.1975553918756566	-0.0387134699795596	0.0012001127231383677	0.0013120050599804269	0.21147260273972604	-0.12646888973703518	0.9160708644627432	0.7043111126295154	5.5134287461649825	0.0	0.0	1713	32.6291618347168	32.6291618347168	16	25.482492446899414	25.482492446899414	-0.21902706002743424	0.0	True	False	-0.12663299939054617	0.9159666653647378	0.0	0.0	False	False
326	2291	481	1810	0.0308351016042018	0.0447920423303143	-0.042684291538353	0.002337061618743137	0.002578424710710719	0.2099519860323003	-0.140693722706013	0.9070828778736026	1.3487991350868083	6.1779441140506	0.0	0.0	3306	33.584083557128906	33.584083557128906	61	22.085615158081055	22.085615158081055	-0.3423785073512023	0.0	True	False	-0.14104527678123624	0.9068618680113599	0.0	0.0	False	False
327	835	211	624	0.0380216073160903	0.0546560605168799	0.0619470725729678	0.0010251975084299416	0.0008889154803776181	0.25269461077844313	0.20804284243869908	1.1551200866238782	1.262361674462565	5.356586274672012	1.1143994343508876	1.4067751359673217	1477	33.46232986450198	33.46232986450198	0					False	True	0.20823716425648087	1.1552756844087944			False	False
328	1394	362	1032	0.0006287481410256	0.0012051006036324	0.0778780801990888	0.0017588696590125064	0.00147012944831683	0.25968436154949787	0.25999786952219495	1.1974769362618982	2.918976696011404	5.8944028342648505	1.5325321790144486	4.473425716430753	2437	25.498851776123047	25.498851776123047	97	20.664852142333984	20.664852142333984	-0.1895771494430815	0.0	True	False	0.260412625306385	1.1978212445669658	0.0	0.0	False	False
329	2329	474	1855	0.0027001864488442	0.0047569242120065	-0.0597163653199606	0.0023030503269942763	0.0026425291924687204	0.20352082438814942	-0.19724125774971135	0.8722168352571188	2.3226737677664695	6.163314804034641	0.0	0.0	3300	34.56245727539062	34.56245727539062	18	29.64209327697754	29.64209327697754	-0.14236152132378935	0.0	True	False	-0.19773471894111339	0.8719185521503455	0.0	0.0	False	False
330	1481	337	1144	0.9307872502929606	0.9353056350031206	0.0020530833715791	0.0016374007599094327	0.0016296783806922998	0.2275489534098582	0.00832869530921343	1.0057897076163687	0.02904644912149698	5.823045895483019	0.048498375035043936	0.001408705582930683	2332	25.443660736083984	25.443660736083984	27	21.258876037597656	21.258876037597656	-0.16447258678274634	0.0	True	False	0.008337373249283075	1.005795757549867	0.0	0.0	False	False
331	750	130	620	0.0001219803228456	0.0002563444348125	-0.1455991302324401	0.000631638275335983	0.0008832173042213514	0.17333333333333334	-0.4792946526337669	0.7173282469114381	3.591176106569427	4.875197323201151	0.0	0.0	865	37.155696868896484	37.155696868896484	45	32.64304122924805	32.64304122924805	-0.12145259058311562	0.0	True	False	-0.4796603581343941	0.7171464360420619	0.0	0.0	False	False
332	1766	516	1250	5.329070518200751e-15	3.3942079915924785e-14	0.1485888955759859	0.00250711807748744	0.0017806800488333696	0.29218573046432617	0.4944219476107943	1.4087561881191715	13.469261548337373	6.248042874508429	3.089169526770203	41.608832323221456	3463	22.691072463989258	22.691072463989258	149	16.98546028137207	16.98546028137207	-0.2514474444375424	0.0	True	False	0.49546974366101537	1.4097797067993452	0.0	0.0	False	False
333	2785	574	2211	0.0034925607867635	0.0059996687374277	-0.0528276432238434	0.002788925923406571	0.0031496668703764642	0.20610412926391383	-0.17455969332583443	0.8860378942407826	2.2218727278628223	6.354370040797351	0.0	0.0	4012	35.126583099365234	35.126583099365234	6	91.2511978149414	91.2511978149414	0.6150561971734071	0.6150561971734071	True	False	-0.17508416625882361	0.8857158452825025	0.0	0.0	False	False
334	1041	161	880	1.511260672160119e-09	5.393637226502496e-09	-0.2048075891597782	0.0007822597102237943	0.0012535987543786922	0.15465898174831894	-0.6767020882105772	0.62559370976679	8.268118267342974	5.087596335232384	0.0	0.0	1065	41.642921447753906	41.642921447753906	62	31.710514259338378	31.710514259338378	-0.23851369796129546	0.0	True	False	-0.6773852583308617	0.6252975378510668	0.0	0.0	False	False
335	853	72	781	0.0	0.0	-0.5024693304842192	0.0003498304294168521	0.0011125688945110893	0.08440797186400938	-1.6601062220580243	0.3164158507205143	300.0	4.290459441148391	0.0	0.0	483	41.103111267089844	41.103111267089844	21	37.14009475708008	37.14009475708008	-0.09641646064839005	0.0	True	False	-1.6612099036510717	0.3161738808000558	0.0	0.0	False	False
336	2467	556	1911	0.8560455923075414	0.879411601030576	-0.0033366885160647	0.002701468316052358	0.0027223036586564555	0.22537494933117147	-0.010164856565983982	0.9929790213761899	0.0558078095483213	6.322565239927284	0.0	0.0	3841	37.770042419433594	37.770042419433594	51	35.43306350708008	35.43306350708008	-0.061873875766448275	0.0	True	False	-0.01019748129498943	0.9929565666617344	0.0	0.0	False	False
337	1360	278	1082	0.0274945898637142	0.040508043429102	-0.0573332578949767	0.001350734158026179	0.0015413566502701648	0.20441176470588235	-0.18853104134734977	0.8774987398092643	1.3924587330806772	5.631211781821365	0.0	0.0	1871	29.083106994628906	29.083106994628906	75	24.448550033569337	24.448550033569337	-0.15935563424896396	0.0	True	False	-0.1888089301359983	0.8773297341831288	0.0	0.0	False	False
338	503	125	378	0.178066954052346	0.2181056774487315	0.0522674201294934	0.0006073444955153682	0.000538477646767211	0.2485089463220676	0.17748081489174616	1.1309074080418817	0.6613330292742877	4.836281906951478	0.8583472538919564	0.5676533895856337	832	26.002092742919917	26.002092742919917	43	20.239201736450195	20.239201736450195	-0.22163181492531572	0.0	True	False	0.17757774687383865	1.1309833941485905	0.0	0.0	False	False
339	2796	550	2246	2.2834494343371148e-05	5.371295828497532e-05	-0.078197855474262	0.0026723157802676202	0.0031995259117437985	0.19670958512160228	-0.2587778420323641	0.8357956516549978	4.269920927843077	6.311734809152915	0.0	0.0	3641	27.930438995361328	27.930438995361328	209	20.63315544128418	20.63315544128418	-0.2612663393972818	0.0	True	False	-0.2595431684884044	0.8353523931199699	0.0	0.0	False	False
340	1357	254	1103	0.0001126198046459	0.0002378806077725	-0.1048925888625997	0.0012341240148872282	0.0015712720750905654	0.18717759764185704	-0.3462623172772119	0.7866194056846323	3.6236409605716764	5.541263545158426	0.0	0.0	1765	32.376991271972656	32.376991271972656	13	28.236741638183595	28.236741638183595	-0.12787629335320894	0.0	True	False	-0.34675188231956966	0.7863525190461732	0.0	0.0	False	False
341	516	139	377	0.0067610066834382	0.0110478417745202	0.0995226570066114	0.0006753670790130895	0.0005370531027281443	0.2693798449612403	0.33387522854345164	1.2603943816821164	1.9567225542832307	4.941642422609304	1.6498919932286973	3.2283808752819074	967	25.739702224731445	25.739702224731445	6	23.536067008972168	23.536067008972168	-0.08561230415641566	0.0	True	False	0.3340724153980901	1.2605666635449881	0.0	0.0	False	False
342	3185	626	2559	5.483700796782287e-06	1.4094013772157786e-05	-0.0786467457198949	0.003041581233540964	0.0036454081959716744	0.19654631083202512	-0.26038884074281476	0.8348628736340387	4.850965308461767	6.440946540632921	0.0	0.0	4332	36.281436920166016	36.281436920166016	50	30.808286476135255	30.808286476135255	-0.150852637288703	0.0	True	False	-0.26126538554019696	0.8343557862574473	0.0	0.0	False	False
343	1706	447	1259	4.97466965210247e-05	0.0001131600679104	0.0831309999810373	0.002171863915962957	0.00179350094518497	0.2620164126611958	0.27719521634408295	1.2118366273840648	3.9463068005831703	6.104793232414985	1.6922194807951652	6.678017245141282	3111	25.67812728881836	25.67812728881836	18	25.10499095916748	25.10499095916748	-0.02232002058422903	0.0	True	False	0.27773968011536887	1.2122940529935164	0.0	0.0	False	False
344	808	102	706	2.848832281188152e-13	1.4040673385855893e-12	-0.3073553223299067	0.0004955931083405405	0.0010057280915810871	0.12623762376237624	-1.014978899901788	0.4948355653591701	11.852612063093076	4.634728988229636	0.0	0.0	706	38.777183532714844	38.777183532714844	8	45.68598251342773	45.68598251342773	0.15122360515465105	0.15122360515465105	True	False	-1.0157178999660879	0.4945821577697971	0.0	0.0	False	False
345	885	187	698	0.2171200018065304	0.2636002367973713	-0.039164609128625	0.0009085873652909909	0.0009943317392685537	0.21129943502824858	-0.12728276909951397	0.9155542196507861	0.5790542039424227	5.236441962829949	0.0	0.0	1297	35.57386779785156	35.57386779785156	12	24.383145332336426	24.383145332336426	-0.31457705215261933	0.0	True	False	-0.12740906931412432	0.915474071296698	0.0	0.0	False	False
346	3884	831	3053	0.0317468680863104	0.0459552566004633	-0.0322765735578336	0.004037626206186168	0.004349132951270622	0.2139546858908342	-0.10658892562927669	0.9287814569899556	1.3376648045824593	6.723832440821209	0.0	0.0	5740	35.709495544433594	35.709495544433594	77	31.773875045776368	31.773875045776368	-0.11021215614093746	0.0	True	False	-0.10704271432502388	0.9284893618237274	0.0	0.0	False	False
347	1549	469	1080	0.0	0.0	0.1705982941849942	0.0022787565471736617	0.0015385075621920314	0.30277598450613297	0.5675847417209727	1.4820403651595455	300.0	6.152732694704104	3.4921971974018136	174.60985987009067	3221	25.09421730041504	25.09421730041504	62	22.842593383789062	22.842593383789062	-0.0897268039752225	0.0	True	False	0.5686522538599981	1.4831373964172663	0.0	0.0	False	False
348	1609	371	1238	0.6731535502009045	0.7164153464863097	0.0095024718881033	0.001802598462689613	0.0017635855203645694	0.23057799875699192	0.03292699821893841	1.0230856992869284	0.14483511960841183	5.918893854273146	0.1948914073977374	0.028227120301103012	2578	34.91367721557617	34.91367721557617	19	39.524560546875	39.524560546875	0.11665868683929967	0.11665868683929967	True	False	0.03298090076563831	1.0231239249363862	0.02277299485348371	0.022735775663283015	False	False
349	657	148	509	0.9194926163511948	0.9284632760229136	-0.0036068599833833	0.000719095882690196	0.0007250929158849482	0.2252663622526636	-0.008532464438342657	0.9941032011019636	0.03223526945356842	5.003946305945459	0.0	0.0	983	22.64023208618164	22.64023208618164	53	18.776960372924805	18.776960372924805	-0.17063746071820377	0.0	True	False	-0.008543601613245855	0.9940955269517278	0.0	0.0	False	False
350	1109	228	881	0.0592189944167866	0.080913081480362	-0.0541918544538454	0.0011077963598200317	0.001255023298417759	0.20559062218214608	-0.17767965333540658	0.8841238266552187	1.091981258913545	5.43372200355424	0.0	0.0	1592	31.017334556579623	31.017334556579623	4	24.115928649902344	24.115928649902344	-0.22250157872489734	0.0	True	False	-0.17789478799452318	0.883991995955282	0.0	0.0	False	False
351	936	145	791	1.126655146954647e-08	3.7921563482863735e-08	-0.2039592743039187	0.0007045196147978271	0.0011268143349017564	0.15491452991452992	-0.6734834463021926	0.6269909627323222	7.421113765269033	4.983606621708336	0.0	0.0	976	37.140254974365234	37.140254974365234	39	31.638429641723633	31.638429641723633	-0.14813644484775468	0.0	True	False	-0.6740957257524052	0.6267249243663482	0.0	0.0	False	False
352	1241	130	1111	0.0	0.0	-0.3989214996747441	0.000631638275335983	0.001582668427403099	0.10475423045930701	-1.3202994855304002	0.4004518013572176	300.0	4.875197323201151	0.0	0.0	910	40.707581329345714	40.707581329345714	0					False	True	-1.3216755307104897	0.4000700317886927			False	False
353	1589	111	1478	0.0	0.0	-0.591502248312194	0.000539321912017647	0.0021054760897405763	0.06985525487728131	-1.9589318772733133	0.2572188223217487	300.0	4.718498871295094	0.0	0.0	752	41.1435661315918	41.1435661315918	25	39.53962326049805	39.53962326049805	-0.038984050773911254	0.0	True	False	-1.961196829476318	0.25681531967905075	0.0	0.0	False	False
354	937	263	674	3.2584721232353786e-06	8.64748371166312e-06	0.1241450589117818	0.0012778528185643347	0.0009601426823309529	0.28068303094983993	0.4140712696156523	1.3324406464780465	5.063110247346731	5.575949103146316	2.308840324452053	11.689913106220539	1832	32.479923248291016	32.479923248291016	9	28.692003631591795	28.692003631591795	-0.11662341649463497	0.0	True	False	0.41452766118140616	1.3328622261281515	0.0	0.0	False	False
355	2205	288	1917	0.0	0.0	-0.2903804181612135	0.0013993217176674084	0.0027308509228908557	0.1306122448979592	-0.9624966028181081	0.5131681003248598	300.0	5.666426688112432	0.0	0.0	2013	39.1609992980957	39.1609992980957	3	60.07087326049805	60.07087326049805	0.3480867320128081	0.3480867320128081	True	False	-0.9644240482591737	0.5124829637861009	0.0	0.0	False	False
356	1416	430	986	0.0	0.0	0.1724407475952816	0.002089265064572867	0.001404600422519762	0.3036723163841808	0.5737809375999916	1.4884192327321504	300.0	6.066108090103747	3.4806171875226224	174.03085937613113	2976	24.112003326416016	24.112003326416016	34	23.95467643737793	23.95467643737793	-0.00652483690003995	0.0	True	False	0.5747679453476628	1.489437870709898	0.0	0.0	False	False
357	1147	280	867	0.1053574541877968	0.138469796932533	0.0419881408233958	0.0013604516699544248	0.0012350796818708252	0.24411508282476024	0.14122376406987414	1.1028402019013324	0.8586449446932363	5.638354669333745	0.796269669564262	0.6837129263839073	1900	24.439567565917994	24.439567565917994	60	20.968581771850587	20.968581771850587	-0.1420232082546273	0.0	True	False	0.14140239189178416	1.102976758923979	0.0	0.0	False	False
358	442	67	375	4.187353169182728e-05	9.57770282895939e-05	-0.2151072580652316	0.0003255366495962374	0.000534204014650011	0.1515837104072398	-0.7057667495367355	0.6131165487973012	4.018738642104989	4.219507705176107	0.0	0.0	438	38.81214904785156	38.81214904785156	31	32.42682647705078	32.42682647705078	-0.16451865530373766	0.0	True	False	-0.7060704002243092	0.6129875169053693	0.0	0.0	False	False
359	558	168	390	5.191063940923613e-07	1.471986624344093e-06	0.167093881657172	0.0008162710019726549	0.0005555721752360113	0.3010752688172043	0.5575127939665858	1.47172976701724	5.832096136330004	5.1298987149230735	2.859984165322361	16.679702600541532	1144	19.630125045776367	19.630125045776367	32	18.583110809326172	18.583110809326172	-0.053337114970414906	0.0	True	False	0.5578866814831258	1.4721112285741091	0.0	0.0	False	False
360	2551	505	2046	0.0001048475681098	0.0002225994522946	-0.0747650443004954	0.0024536717618820875	0.0029146171039304593	0.19796158369266953	-0.24728891861336422	0.8424780953142906	3.6524759085804908	6.226536669287466	0.0	0.0	3499	31.262675476074232	31.262675476074232	36	25.52729034423828	25.52729034423828	-0.18345791089522465	0.0	True	False	-0.2479581948273939	0.84208735453596	0.0	0.0	False	False
361	887	88	799	0.0	0.0	-0.4252149002030942	0.00042757052484281927	0.00113821068721429	0.0992108229988726	-1.405261922470629	0.37754959572871405	300.0	4.48863636973214	0.0	0.0	616	42.45767593383789	42.45767593383789	0					False	True	-1.4062904404139385	0.37728053113961196			False	False
362	263	35	228	9.784832875303628e-05	0.000212090094784	-0.2810175956833378	0.0001700564587443031	0.00032479604090720663	0.13307984790874525	-0.9162164846266823	0.5298968716819984	3.673479613808295	3.58351893845611	0.0	0.0	231	46.03334045410156	46.03334045410156	14	37.72991943359375	37.72991943359375	-0.18037841570039653	0.0	True	False	-0.9164422594231727	0.5298139518728019	0.0	0.0	False	False
363	1714	399	1315	0.4928263237547738	0.5559403216198266	0.0148963498180666	0.0019386436296850555	0.001873275411372705	0.23278879813302217	0.05074291068879333	1.0357981671221246	0.25497182601192514	5.991464547107982	0.3040243504089719	0.07751764377586495	2786	32.505287170410156	32.505287170410156	7	44.43435363769531	44.43435363769531	0.26846494864201836	0.26846494864201836	True	False	0.05083491504501403	1.035864224729312	0.08176787046185842	0.08161988161846763	False	False
364	536	113	423	0.3222573152378993	0.3822765859842129	-0.0404127169324692	0.0005490394239458929	0.0006025821285252123	0.21082089552238806	-0.1295829211145776	0.9140956744004334	0.4176223012204598	4.736198448394496	0.0	0.0	777	36.968841552734375	36.968841552734375	14	55.15578079223633	55.15578079223633	0.32973768077020726	0.32973768077020726	True	False	-0.12966268997569586	0.9140451340207685	0.0	0.0	False	False
365	1310	328	982	0.0180730495638987	0.027407481756242	0.0566115628819479	0.0015936719562323262	0.0013989022463634952	0.250381679389313	0.18952271410306665	1.1403863801429839	1.5621308663069169	5.796057750765372	1.098484596023169	1.7159766936104768	2278	28.44137954711914	28.44137954711914	18	24.317905235290528	24.317905235290528	-0.1449815155765285	0.0	True	False	0.18980164706385594	1.1406068855807703	0.0	0.0	False	False
366	1906	424	1482	0.6137723238877537	0.6708639074330759	-0.0106331400935087	0.002060112528788129	0.002111174265896843	0.22245540398740818	-0.03410889495362035	0.9766348095599547	0.17336557259618096	6.052089168924417	0.0	0.0	2927	24.62416648864746	24.62416648864746	41	21.4110164642334	21.4110164642334	-0.13048766649199797	0.0	True	False	-0.034185197749366125	0.9765831576212781	0.0	0.0	False	False
367	1571	246	1325	4.634070904785403e-13	2.1801197211149512e-12	-0.198431564211673	0.0011952539671742446	0.0018875208517633718	0.15658816040738383	-0.6567903675626408	0.6342878588830472	11.661519656490837	5.5093883366279774	0.0	0.0	1689	34.16755294799805	34.16755294799805	33	24.580599975585937	24.580599975585937	-0.280586467137496	0.0	True	False	-0.6577931189177413	0.6338471475722922	0.0	0.0	False	False
368	246	29	217	1.4164137638106313e-05	3.511349091123361e-05	-0.3412125289802623	0.00014090392295956544	0.000309126056477473	0.11788617886178862	-1.1121417904475432	0.46260674603081536	4.454525991721772	3.4011973816621555	0.0	0.0	202	46.86008071899414	46.86008071899414	1	55.394378662109375	55.394378662109375	0.15406433196357572	0.15406433196357572	True	False	-1.1123870157403442	0.46252812010452726	0.0	0.0	False	False
369	1415	260	1155	1.896647247168204e-05	4.565185815858352e-05	-0.114759429299714	0.001263276550671966	0.0016453483651220336	0.18374558303886926	-0.3790752312624175	0.768930317689853	4.340541540767234	5.564520407322694	0.0	0.0	1803	30.817142486572266	30.817142486572266	17	29.333555221557617	29.333555221557617	-0.048141623307906674	0.0	True	False	-0.3796297271807667	0.7686348381988736	0.0	0.0	False	False
370	613	98	515	1.601672760842554e-05	3.900544252875396e-05	-0.187731946388771	0.0004761580844840487	0.0007336401801193483	0.1598694942903752	-0.617690046985027	0.6517135757798204	4.4088747905300645	4.59511985013459	0.0	0.0	637	46.12583541870117	46.12583541870117	49	42.500953674316406	42.500953674316406	-0.0785867987317819	0.0	True	False	-0.6180642181379188	0.6515445720794034	0.0	0.0	False	False
372	431	92	339	0.458320137888323	0.5212762007850706	-0.0335626638977505	0.000447005548699311	0.00048292042924360986	0.21345707656612528	-0.10579955280171482	0.9292897802558556	0.2829321026265189	4.532599493153256	0.0	0.0	594	25.847415924072266	25.847415924072266	50	21.899070739746094	21.899070739746094	-0.15275589621510255	0.0	True	False	-0.10585386945194308	0.9292547936811869	0.0	0.0	False	False
373	3022	247	2775	0.0	0.0	-0.5177168272410907	0.0012001127231383677	0.00395310970841008	0.08173395102581073	-1.7171605118679043	0.3041467489109775	300.0	5.5134287461649825	0.0	0.0	1706	38.620323181152344	38.620323181152344	23	37.769204711914064	37.769204711914064	-0.022038098056456616	0.0	True	False	-1.721144986936805	0.30330790690885423	0.0	0.0	False	False
374	1510	223	1287	1.7763568394002505e-15	1.167320208748736e-14	-0.2284244768982791	0.0010835025799994168	0.0018333881782788375	0.147682119205298	-0.756138944847919	0.5920787805296159	13.93280999586776	5.4116460518550396	0.0	0.0	1543	41.185176849365234	41.185176849365234	18	41.24904251098633	41.24904251098633	0.00154829440232664	0.00154829440232664	True	False	-0.7572248604360308	0.5916332909101562	0.0	0.0	False	False
375	1916	473	1443	0.0151099924382616	0.0229982973141187	0.0484440166012714	0.0022981915710301535	0.002055617048373242	0.24686847599164927	0.1619519741591091	1.118799856713991	1.6383043159152473	6.161207321695077	0.997819688952075	1.634732302915394	3237	25.272363662719727	25.272363662719727	74	21.91819076538086	21.91819076538086	-0.13272098099342963	0.0	True	False	0.1623002155024782	1.1190699480226927	0.0	0.0	False	False
376	684	173	511	0.0581709272638057	0.0800091823495534	0.0624744099520799	0.0008405647817932697	0.0007279420039630815	0.25292397660818716	0.21028817375963804	1.1569192517789386	1.0968601678218268	5.159055299214529	1.0848883171968062	1.1899707816684282	1171	24.388498306274414	24.388498306274414	40	21.586536407470703	21.586536407470703	-0.1148886603683529	0.0	True	False	0.21044830215231514	1.1570476683163013	0.0	0.0	False	False
377	845	268	577	2.930988785010413e-14	1.6622319958826181e-13	0.199808187830262	0.0013021465983849496	0.0008219619105414834	0.31715976331360946	0.6651878926086994	1.585774786691149	12.779308362320728	5.594711379601839	3.7215342723512563	47.5586340473216	1865	33.74808883666992	33.74808883666992	11	40.316749572753906	40.316749572753906	0.16292634713099716	0.16292634713099716	True	False	0.6658789082401277	1.5865345159519468	0.6069658633542919	0.6063359847170037	True	True
378	306	42	264	5.703866980177885e-05	0.0001276432935023	-0.2655054295068985	0.00020406775049316373	0.00037607962631360767	0.13725490196078433	-0.8676462250496186	0.5480402561433273	3.894001998497474	3.7612001156935624	0.0	0.0	272	43.26457214355469	43.26457214355469	22	49.997598266601564	49.997598266601564	0.13466699114514352	0.13466699114514352	True	False	-0.8678969353213581	0.547945026465694	0.0	0.0	False	False
379	1693	564	1129	0.0	0.0	0.2314343690150966	0.0027403383637653413	0.0016083102201062995	0.33313644418192556	0.7694479663066236	1.7046174029075714	300.0	6.336825731146441	4.875857671670112	243.7928835835056	3799	22.9252986907959	22.9252986907959	149	18.023073959350587	18.023073959350587	-0.21383471585534752	0.0	True	False	0.771082211421481	1.7065494405162567	0.0	0.0	False	False
380	1840	292	1548	2.8199664825478976e-14	1.6214807274650416e-13	-0.1915388979409119	0.0014187567415239002	0.002205194172475245	0.15869565217391304	-0.634276102277191	0.6442640045106071	12.790088208881434	5.680172609017068	0.0	0.0	1997	35.293827056884766	35.293827056884766	47	32.175994110107425	32.175994110107425	-0.08833932749067362	0.0	True	False	-0.6354152312625168	0.6437555047103003	0.0	0.0	False	False
381	715	113	602	1.737122011125081e-06	4.700447794809042e-06	-0.1936688408149461	0.0005490394239458929	0.0008575755115181508	0.15804195804195803	-0.6381821928997038	0.6425220217569847	5.327860766415168	4.736198448394496	0.0	0.0	750	37.256919860839844	37.256919860839844	41	28.946374893188477	28.946374893188477	-0.22306044081723592	0.0	True	False	-0.6386301079654455	0.6423225682245141	0.0	0.0	False	False
382	1016	134	882	8.881784197001252e-15	5.4074392022919396e-14	-0.2855145798079267	0.0006510732991924748	0.0012564478424568256	0.13188976377952755	-0.9439033546752125	0.5198245391731489	13.267008354784396	4.90527477843843	0.0	0.0	907	42.45360565185547	42.45360565185547	31	35.75248718261719	35.75248718261719	-0.15784568510367278	0.0	True	False	-0.9447800375823441	0.5195087532037038	0.0	0.0	False	False
383	958	181	777	0.0019153858590799	0.0034921054437897	-0.0998932369735524	0.0008794348295062532	0.0011068707183548225	0.18893528183716074	-0.32878637609550765	0.7962059865060321	2.4569126512881625	5.204006687076795	0.0	0.0	1234	35.26016616821289	35.26016616821289	33	32.313856506347655	32.313856506347655	-0.08355915419710472	0.0	True	False	-0.3291173021264555	0.7960233733670189	0.0	0.0	False	False
384	2482	502	1980	0.0011006521640297	0.0020606751677536	-0.0631122661595291	0.002439095493989719	0.0028205971973520576	0.20225624496373892	-0.20858244891162414	0.8653871184558833	2.6859904623549467	6.220590170099739	0.0	0.0	3439	35.91923522949219	35.91923522949219	75	27.693030166625977	27.693030166625977	-0.2290194936030243	0.0	True	False	-0.20913677371251893	0.8650546757829469	0.0	0.0	False	False
385	1419	213	1206	7.260858581048525e-14	3.955257174413275e-13	-0.220118497407379	0.0010349150203581875	0.001718000111114435	0.15010570824524314	-0.7284331896685554	0.6035590413613672	12.402825273026629	5.365976015021851	0.0	0.0	1462	41.03337860107422	41.03337860107422	29	40.11866760253906	40.11866760253906	-0.022291876265611965	0.0	True	False	-0.7294225106447598	0.603145295617453	0.0	0.0	False	False
386	173	15	158	4.167900916396405e-06	1.0852270310617055e-05	-0.4897166209162002	7.28813394618442e-05	0.00022507795817253794	0.08670520231213873	-1.584055968825826	0.33354285249561805	4.964479397277993	2.772588722239781	0.0	0.0	98	52.96554946899414	52.96554946899414	7	82.53335418701172	82.53335418701172	0.35825279378589303	0.35825279378589303	True	False	-1.584278052130614	0.3334915120558177	0.0	0.0	False	False
387	507	61	446	1.0429366259501194e-09	3.821024452596012e-09	-0.3311558167388923	0.0002963841138114997	0.0006353466414237463	0.1203155818540434	-1.0899151088552763	0.469789017146142	8.417820183040842	4.127134385045092	0.0	0.0	306	31.147706985473633	31.147706985473633	121	28.08797836303711	28.08797836303711	-0.09823286907968828	0.0	True	False	-1.0904068339832236	0.469628922535354	0.0	0.0	False	False
388	1496	114	1382	0.0	0.0	-0.5507539847418749	0.0005538981799100159	0.0019687198619901735	0.07620320855614973	-1.8237732260984192	0.28248120272081206	300.0	4.74493212836325	0.0	0.0	749	39.448875427246094	39.448875427246094	49	37.30207214355469	37.30207214355469	-0.05441988549586576	0.0	True	False	-1.825819437616552	0.2820808363507024	0.0	0.0	False	False
389	496	68	428	2.847227063007552e-07	8.301070451303706e-07	-0.2660856493452269	0.00033039540556036034	0.0006097048487205457	0.13709677419354838	-0.875032560225268	0.54524156062153	6.080865900260262	4.23410650459726	0.0	0.0	461	41.71807098388672	41.71807098388672	15	40.30177764892578	40.30177764892578	-0.033949156841599236	0.0	True	False	-0.8754381858639313	0.5450882829974572	0.0	0.0	False	False
391	891	75	816	0.0	0.0	-0.5037796884005659	0.00036440669730922095	0.0011624279358784238	0.08417508417508418	-1.66481758530991	0.31538422694047663	300.0	4.330733340286331	0.0	0.0	520	42.76519012451172	42.76519012451172	5	85.82891082763672	85.82891082763672	0.5017391026854157	0.5017391026854157	True	False	-1.66597224358752	0.31513191074819313	0.0	0.0	False	False
392	1601	224	1377	0.0	0.0	-0.2558367149648007	0.00108836133596354	0.00196159714179484	0.13991255465334165	-0.8471782177906668	0.5558709071396148	300.0	5.41610040220442	0.0	0.0	1539	41.80021286010742	41.80021286010742	29	35.01353149414062	35.01353149414062	-0.1623599714355464	0.0	True	False	-0.8484424340159311	0.5553840175418576	0.0	0.0	False	False
393	815	164	651	0.0516985880001035	0.0720646984243867	-0.0658879335621762	0.0007968359781161631	0.0009273781694324189	0.20122699386503068	-0.21559084390618644	0.8611933927988886	1.1422774264589985	5.10594547390058	0.0	0.0	1100	27.156518936157227	27.156518936157227	48	20.813581275939942	20.813581275939942	-0.23356961454187175	0.0	True	False	-0.21578181807895902	0.8610794014104244	0.0	0.0	False	False
394	1493	175	1318	0.0	0.0	-0.3440281546132077	0.0008502822937215156	0.0018775490434899049	0.11721366376423309	-1.139267884633293	0.45398990260963634	300.0	5.170483995038151	0.0	0.0	1225	38.582881927490234	38.582881927490234	0					False	True	-1.140754419844031	0.45352235792005824			False	False
395	539	102	437	0.0209602879995891	0.031326928634765	-0.0990320582489034	0.0004955931083405405	0.000622525745072146	0.18923933209647495	-0.32357235628753855	0.7990887472600091	1.5040821822762758	4.634728988229636	0.0	0.0	695	44.599918365478516	44.599918365478516	19	43.8053092956543	43.8053092956543	-0.017816379467619534	0.0	True	False	-0.3237580621625007	0.798985893974774	0.0	0.0	False	False
396	437	30	407	2.220446049250313e-16	1.6415440435529101e-15	-0.5996239475358114	0.0001457626789236884	0.0005797894239001452	0.06864988558352403	-1.9698321606288491	0.25528272862488655	14.784747460412323	3.4339872044851463	0.0	0.0	205	44.541282653808594	44.541282653808594	5	84.38713073730469	84.38713073730469	0.47217920238970273	0.47217920238970273	True	False	-1.9704610332837387	0.2551714747992596	0.0	0.0	False	False
397	497	87	410	0.0024475572066398	0.0043676236359865	-0.1404153971408475	0.0004227117688786963	0.0005840630560173453	0.1750503018108652	-0.4599405490187696	0.7270162171307382	2.359754792431644	4.477336814478207	0.0	0.0	584	43.562477111816406	43.562477111816406	25	22.412504196166992	22.412504196166992	-0.4855089590374199	0.0	True	False	-0.4601759250969657	0.7268976139176095	0.0	0.0	False	False
398	774	117	657	4.9934166801435254e-08	1.5427421683428506e-07	-0.2165303008542314	0.0005684744478023847	0.0009359254336668191	0.1511627906976744	-0.7142433866879596	0.6095247098408206	6.811706649583235	4.770684624465665	0.0	0.0	790	43.17607879638672	43.17607879638672	29	44.859492492675784	44.859492492675784	0.037526365162600016	0.037526365162600016	True	False	-0.714776383752465	0.6092995653248244	0.0	0.0	False	False
399	761	97	664	2.4873436643702007e-12	1.0726669552596487e-11	-0.3025471381416126	0.0004712993285199258	0.000945897241940286	0.12746386333771353	-0.9987083245998569	0.5004478610407205	10.96953509811297	4.584967478670572	0.0	0.0	659	41.8705940246582	41.8705940246582	20	43.16947708129883	43.16947708129883	0.030087996067094062	0.030087996067094062	True	False	-0.9993959881262295	0.5002093783907401	0.0	0.0	False	False
400	281	73	208	0.1238150121381307	0.1585455512419125	0.0781087321178925	0.00035468918538097505	0.0002963051601258727	0.2597864768683274	0.2658555223184056	1.2023488344893085	0.799845939686689	4.30406509320417	1.1442594734462117	0.9152312937839812	486	21.598588943481445	21.598588943481445	25	17.749696731567383	17.749696731567383	-0.17820109554312696	0.0	True	False	0.26593730189243203	1.2024169919027914	0.0	0.0	False	False
401	1167	108	1059	0.0	0.0	-0.4586229976605873	0.0005247456441252781	0.0015085921373716308	0.09254498714652956	-1.5175298890009845	0.3492834307162701	300.0	4.6913478822291435	0.0	0.0	753	44.24406433105469	44.24406433105469	3	92.43021392822266	92.43021392822266	0.521324657266154	0.521324657266154	True	False	-1.5189532016352718	0.34893900978449444	0.0	0.0	False	False
402	983	53	930	0.0	0.0	-0.7113578719890821	0.0002575140660985161	0.001324825956332027	0.05391658189216684	-2.350308602731298	0.19610407193147758	300.0	3.9889840465642745	0.0	0.0	327	41.33034133911133	41.33034133911133	44	36.05312004089355	36.05312004089355	-0.12768395148055275	0.0	True	False	-2.351852104457496	0.1958943775024726	0.0	0.0	False	False
403	267	49	218	0.0620445667091626	0.0839426490771024	-0.1154112066128833	0.00023807904224202434	0.0003105506005165397	0.18352059925093633	-0.37204609849428394	0.7726858595903131	1.0760173293654867	3.912023005428146	0.0	0.0	329	33.18732452392578	33.18732452392578	14	30.539114952087402	30.539114952087402	-0.07979581390868679	0.0	True	False	-0.37215315931251247	0.7726285215468252	0.0	0.0	False	False
404	819	73	746	0.0	0.0	-0.4765667603905089	0.00035468918538097505	0.001062709853143755	0.08913308913308914	-1.5742393543714712	0.33582013662561416	300.0	4.30406509320417	0.0	0.0	508	41.165157318115234	41.165157318115234	3	93.26757049560547	93.26757049560547	0.5586337555554228	0.5586337555554228	True	False	-1.5752640141473293	0.33558170840079266	0.0	0.0	False	False
405	434	95	339	0.6594833235157842	0.7073214920609706	-0.0196268859546071	0.0004615818165916799	0.00048292042924360986	0.21889400921658986	-0.05975218528227799	0.9594289082641537	0.15038314561940902	4.564348191467836	0.0	0.0	662	35.479061126708984	35.479061126708984	3	26.724072647094726	26.724072647094726	-0.2467649425205172	0.0	True	False	-0.05978546331650314	0.9594067777799489	0.0	0.0	False	False
406	375	105	270	0.0036767902756948	0.0062900461741226	0.1226747418698153	0.0005101693762329093	0.00038462689054800784	0.28	0.41170115580707467	1.3302534598339029	2.2013461664636265	4.663439094112067	1.9199432650818353	4.226459746415556	726	40.66804122924805	40.66804122924805	9	56.51086273193359	56.51086273193359	0.2803500200985777	0.2803500200985777	True	False	0.41187987774768686	1.330418262650676	0.5384897931689339	0.5382561329538214	True	True
407	361	105	256	0.0005465336321266	0.0010622766370912	0.1457985407168651	0.0005101693762329093	0.0003646832740010741	0.29085872576177285	0.488370924026837	1.402859886491505	2.9737623699615074	4.663439094112067	2.277488059534386	6.77270828948001	725	33.16407012939453	33.16407012939453	10	34.852352142333984	34.852352142333984	0.04844097770057687	0.04844097770057687	True	False	0.488578429287454	1.4030616767062545	0.11037062406506871	0.11032374830523528	True	True
408	1019	61	958	0.0	0.0	-0.6631864671047744	0.0002963841138114997	0.0013647131894258945	0.05986261040235525	-2.192033365402205	0.21884277115884432	300.0	4.127134385045092	0.0	0.0	402	40.69167709350586	40.69167709350586	25	35.252210998535155	35.252210998535155	-0.13367515136992988	0.0	True	False	-2.1935783966660907	0.2186085304310289	0.0	0.0	False	False
409	221	20	201	3.934226606716608e-07	1.1310901494310244e-06	-0.4693168547806168	9.717511928245891e-05	0.0002863333518524058	0.09049773755656108	-1.5269972729831771	0.3469988356588129	5.9465027798312295	3.044522437723423	0.0	0.0	120	47.06274490356446	47.06274490356446	20	47.31594314575195	47.31594314575195	0.005351224668766358	0.005351224668766358	True	False	-1.5272727002700428	0.34693259586264763	0.0	0.0	False	False
410	12	5	7	0.0396310563446413	0.0567725167013201	0.3867211713029156	2.429377982061473e-05	9.97180827346687e-06	0.4166666666666667	1.3226277739554835	2.501212745488643	1.245861853259708	1.791759469228055	2.369830838248761	2.952481840052609	19	25.545379638671875	25.545379638671875	16	20.827274322509766	20.827274322509766	-0.18469505573601283	0.0	True	False	1.3226459592155546	2.501244273628447	0.0	0.0	False	False
411	358	38	320	8.199189771573856e-09	2.8053426160591544e-08	-0.3925171747366873	0.00018463272663667195	0.00045585409250134263	0.10614525139664804	-1.2873072549971347	0.4097150363124923	7.55201409085085	3.6635616461296463	0.0	0.0	266	46.683650970458984	46.683650970458984	0					False	True	-1.287701147502096	0.40960318893763037			False	False
412	455	42	413	6.512568262451168e-13	2.962860725994268e-12	-0.4598515542928749	0.00020406775049316373	0.0005883366881345453	0.09230769230769231	-1.512265832106868	0.3505602122125998	11.528288762746664	3.7612001156935624	0.0	0.0	294	42.85540771484375	42.85540771484375	0					False	True	-1.512822912106003	0.3504248735737802			False	False
413	35	10	25	0.3239851242478402	0.3832281183960166	0.1349091983103569	4.858755964122946e-05	3.561360097666739e-05	0.2857142857142857	0.4899788317339713	1.4044242688572612	0.41654263316285906	2.3978952727983707	1.174917924386158	0.4894034059740512	64	23.100727081298828	23.100727081298828	6	19.145766258239746	19.145766258239746	-0.17120503649691687	0.0	True	False	0.4899950725977771	1.404440078984152	0.0	0.0	False	False
415	11	5	6	0.0145460605399789	0.0223039594946344	0.4536679609231884	2.429377982061473e-05	8.547264234400175e-06	0.45454545454545453	1.5290786514229122	2.8860147063330546	1.651618032286924	1.791759469228055	2.7397411528814675	4.525005891897598	20	12.410539627075195	12.410539627075195	15	11.749584197998047	11.749584197998047	-0.05325758983398182	0.0	True	False	1.5290988918831676	2.886055196300838	0.0	0.0	False	False
417	319	14	305	1.5543122344752197e-15	1.0378794597947431e-14	-0.8053225966826139	6.802258349772124e-05	0.0004344859319153422	0.0438871473354232	-2.6269608237644526	0.16188477076142832	13.98385308289012	2.70805020110221	0.0	0.0	54	44.58991050720215	44.58991050720215	44	40.8687858581543	40.8687858581543	-0.08345216679559868	0.0	True	False	-2.6274921285441426	0.16182516404317657	0.0	0.0	False	False
