cluster_id	cluster_size	sample	background	enrichment_pvalue_zbinom	enrichment_fdr_zbinom	log_fold_change	sample_usage	background_usage	sample_fraction_in_cluster	log2fc_smooth	fc_smooth	minus_log10_fdr	support_log	enrichment_support_score	enrichment_stat_score	internal_edges_n	internal_mreach_q90	cohesion	external_edges_n	external_mreach_q10	separation	density_validity	geometry_score	has_density_validity	is_sample_knn_closed	log2_odds	odds_ratio	dbcv_with_odds	redcea_auxiliary_validity	is_good_candidate	is_good_candidate_relaxed
0	13	12	1	0.0	0.0	2.995678625819254	0.009900990099009901	1e-05	0.9230769230769231	9.425360180017428	687.568756875687	300.0	2.5649493574615367	24.175571537579255	1208.7785768789627	84	15.959299087524414	15.959299087524414	0					False	True	9.439107261766726	694.1517423295849			False	True
1	30	29	1	0.0	0.0	3.37889537764937	0.02392739273927393	1e-05	0.9666666666666667	10.664147039604543	1622.66226622662	300.0	3.4011973816621555	36.2708689887632	1813.5434494381598	199	17.644446945190445	17.644446945190445	4	21.474614715576173	21.474614715576173	0.1783579273069609	0.1783579273069609	True	False	10.698469818849643	1661.7294747218696	6.490018259720004	6.469197014458129	True	True
2	10	8	2	0.0	0.0	2.5185573713348344	0.006600660066006601	2e-05	0.8	8.132001237326836	280.5280528052802	300.0	2.1972245773362196	17.86783298158307	893.3916490791536	56	23.209115982055664	23.209115982055664	0					False	True	8.1409349019734	282.2705687007058			False	True
3	23	5	18	0.0	0.0	1.3601948794651768	0.004125412541254125	0.00018	0.21739130434782608	4.616444743972208	24.529479975024522	300.0	1.791759469228055	8.271558584180287	413.57792920901437	20	36.69575119018555	36.69575119018555	15	35.89421005249024	35.89421005249024	-0.02184288675659229	0.0	True	False	4.621558759996023	24.61658552962901	0.0	0.0	False	False
4	5	4	1	0.0	0.0	2.518557371171974	0.0033003300330033004	1e-05	0.8	7.951428991685015	247.52475247524717	300.0	1.6094379124341003	12.797331277245513	639.8665638622757	12	39.341243743896484	39.341243743896484	16	38.26728630065918	38.26728630065918	-0.027298512732046545	0.0	True	False	7.955594003899147	248.24038063715352	0.0	0.0	False	False
5	7	7	0	0.0	0.0	11.761595420246032	0.005775577557755775	0.0	1.0	10.27335708657238	1237.6237623762383	300.0	2.0794415416798357	21.362845498329538	1068.142274916477	42	27.948945999145508	27.948945999145508	7	25.606433868408203	25.606433868408203	-0.0838139703303632	0.0	True	False	10.281122347899974	1244.3031936955608	0.0	0.0	False	False
6	43	3	40	0.0003025763254691	0.007676473442458	0.7915586436953402	0.0024752475247524753	0.0004	0.06976744186046512	2.833971410136842	7.130342663896028	2.114838248227039	1.3862943611198906	3.9287185854476885	8.308604331025201	6	46.434757232666016	46.434757232666016	15	41.153954315185544	41.153954315185544	-0.1137252186120082	0.0	True	False	2.8363803625108215	7.142258560062059	0.0	0.0	False	False
7	37	2	35	0.0155261190780857	0.3323559865152734	0.6734593316881771	0.0016501650165016502	0.00035	0.05405405405405406	2.538647466346541	5.810440198949472	0.47839649415136093	1.0986122886681098	2.7889893031244717	1.3342427048403944	2	44.892459869384766	44.892459869384766	12	44.833839416503906	44.833839416503906	-0.0013057972998453725	0.0	True	False	2.5399362701533086	5.815633162876478	0.0	0.0	False	False
8	133	1	132	0.6351062000143428	0.8223525780645176	-0.2040765506051128	0.0008250825082508251	0.00132	0.007518796992481203	-0.09841955776554556	0.9340556697179145	0.08494194173244463	0.6931471805599453	0.0	0.0	0			7	46.943607330322266	46.943607330322266			False	False	-0.09972265618948306	0.9332123751158325			False	False
9	53	1	52	0.6412969274868932	0.8223525780645176	0.2004940369608761	0.0008250825082508251	0.00052	0.018867924528301886	1.2371834740188934	2.3573785950023556	0.08494194173244463	0.6931471805599453	0.8575502368515543	0.07284198225128881	0			7	60.98384094238281	60.98384094238281			False	False	1.2370355887093343	2.3571369612640782			False	False
10	6	3	3	0.0	0.0	1.9164973801697327	0.0024752475247524753	3e-05	0.5	6.366466490963862	82.5082508250826	300.0	1.3862943611198906	8.82579659668194	441.28982983409696	6	43.97876739501953	43.97876739501953	15	42.34862365722656	42.34862365722656	-0.03706660814640247	0.0	True	False	6.369409352630015	82.67672591980158	0.0	0.0	False	False
11	153	1	152	0.5345982376515226	0.8223525780645176	-0.2653462073436026	0.0008250825082508251	0.00152	0.006535947712418301	-0.3012364407652317	0.8115565654926148	0.08494194173244463	0.6931471805599453	0.0	0.0	0			7	59.576534271240234	59.576534271240234			False	False	-0.3028284870595499	0.8106614886030732			False	False
12	11	11	0	0.0	0.0	11.957890065367438	0.009075907590759076	0.0	1.0	10.890028447020875	1897.689768976899	300.0	2.4849066497880004	27.060704104382662	1353.035205219133	76	17.898308753967285	17.898308753967285	1	22.727840423583984	22.727840423583984	0.2124940856503569	0.2124940856503569	True	False	10.902588710821128	1914.2833957553044	5.756871746268469	5.7502395757156535	True	True
13	16	1	15	0.0549730827180603	0.8223525780645176	0.7404061215193929	0.0008250825082508251	0.00015	0.0625	2.997232681298142	7.984669434685404	0.08494194173244463	0.6931471805599453	2.077523382523932	0.1764688701061391	0			7	53.280399322509766	53.280399322509766			False	False	2.9976187693710195	7.986806544805826			False	False
14	464	6	458	0.8485033909594712	0.8572637504531532	0.0337831526209412	0.0049504950495049506	0.00458	0.01293103448275862	0.2261282855098985	1.1696916692759787	0.06688554010274159	1.9459101490553132	0.440025325762189	0.029431331572488822	19	35.274898529052734	35.274898529052734	23	33.94469451904297	33.94469451904297	-0.037709648091948364	0.0	True	False	0.2260745944923217	1.169648139101134	0.0	0.0	False	False
15	37	2	35	0.0155261190780857	0.3323559865152734	0.6734593316881771	0.0016501650165016502	0.00035	0.05405405405405406	2.538647466346541	5.810440198949472	0.47839649415136093	1.0986122886681098	2.7889893031244717	1.3342427048403944	2	38.95640563964844	38.95640563964844	12	38.27766418457031	38.27766418457031	-0.017423102669085214	0.0	True	False	2.5399362701533086	5.815633162876478	0.0	0.0	False	False
16	51	2	49	0.0679905091328041	0.8223525780645176	0.5273312960134843	0.0016501650165016502	0.00049	0.0392156862745098	2.059037965771614	4.167083375004168	0.08494194173244463	1.0986122886681098	2.2620844120308816	0.19214584232059842	2	38.46073913574219	38.46073913574219	12	36.925240707397464	36.925240707397464	-0.03992378885193499	0.0	True	False	2.0601247084169447	4.170223507274316	0.0	0.0	False	False
17	83	1	82	0.9950678315271062	0.9950678315271062	0.0026835282150141	0.0008250825082508251	0.00082	0.012048192771084338	0.5851067774392007	1.5001500150014997	0.0021473133710317627	0.6931471805599453	0.40556511310849735	0.0008708753902018856	0			7	36.601009368896484	36.601009368896484			False	False	0.5845257956049341	1.4995460173338837			False	False
18	24	1	23	0.1718759646109999	0.8223525780645176	0.5547695445675518	0.0008250825082508251	0.00023	0.041666666666666664	2.396840140007379	5.266484095218031	0.08494194173244463	0.6931471805599453	1.6613629852990193	0.14111939789370956	0			7	54.77447509765625	54.77447509765625			False	False	2.3971107911210883	5.267472185878245			False	False
19	24	1	23	0.1718759646109999	0.8223525780645176	0.5547695445675518	0.0008250825082508251	0.00023	0.041666666666666664	2.396840140007379	5.266484095218031	0.08494194173244463	0.6931471805599453	1.6613629852990193	0.14111939789370956	0			7	53.37132568359375	53.37132568359375			False	False	2.3971107911210883	5.267472185878245			False	False
20	85	1	84	0.9856976713705116	0.9871387498374276	-0.0077819054630247	0.0008250825082508251	0.00084	0.011764705882352941	0.5505495554028315	1.4646435057706941	0.005621799656926997	0.6931471805599453	0.381611872086004	0.0021453454915723665	0			7	44.771766662597656	44.771766662597656			False	False	0.5499396958436247	1.4640244989462434			False	False
21	27	1	26	0.2223870045737384	0.8223525780645176	0.5015240326165055	0.0008250825082508251	0.00026	0.037037037037037035	2.223508537121818	4.6702783485895765	0.08494194173244463	0.6931471805599453	1.5412186734569566	0.1309141067577364	0			7	40.485748291015625	40.485748291015625			False	False	2.2237358969943983	4.6710144137549765			False	False
22	9	2	7	4.853384361069857e-11	1.662284143666426e-09	1.3724293359745623	0.0016501650165016502	7e-05	0.2222222222222222	4.781503990242705	27.502750275027502	8.779294737784825	1.0986122886681098	5.253019041996237	46.11780243288105	2	41.34797668457031	41.34797668457031	12	41.16312026977539	41.16312026977539	-0.004470748743164115	0.0	True	False	4.783196831491237	27.535040616825025	0.0	0.0	False	False
23	45	1	44	0.5226568748277958	0.8223525780645176	0.2730447041079693	0.0008250825082508251	0.00044	0.022222222222222223	1.4756955607186182	2.7811769941039026	0.08494194173244463	0.6931471805599453	1.0228742172769378	0.08688492216355756	0			7	35.274898529052734	35.274898529052734			False	False	1.4756631458608567	2.781114506577882			False	False
24	5	1	4	1.5489706381321966e-05	0.0004244179548482	1.314437389167491	0.0008250825082508251	4e-05	0.2	4.781503990242705	27.502750275027502	3.3722062517109537	0.6931471805599453	3.314286009672859	11.176456001776966	0			7	46.190555572509766	46.190555572509766			False	False	4.7820487890542065	27.513137983216396			False	False
25	23	1	22	0.1554991878381559	0.8223525780645176	0.5740746997620801	0.0008250825082508251	0.00022	0.043478260869565216	2.459575895355341	5.500550055005496	0.08494194173244463	0.6931471805599453	1.7048480972387576	0.14481310773832365	0			7	48.315460205078125	48.315460205078125			False	False	2.4598609765940864	5.501637089008117			False	False
26	100	1	99	0.8551400110071508	0.8626964764946956	-0.0791378139979096	0.0008250825082508251	0.00099	0.01	0.31480437114136706	1.2438429772625494	0.06414197574447221	0.6931471805599453	0.2182057622845852	0.013996148711761932	0			7	46.97669219970703	46.97669219970703			False	False	0.3139779102183784	1.243130634600987			False	False
27	13	1	12	0.0250311518013164	0.5043040877618163	0.837316134520211	0.0008250825082508251	0.00012	0.07692307692307693	3.3075728019102915	9.900990099009896	0.2973075115450008	0.6931471805599453	2.292634762140877	0.6816175360136689	0			7	56.353580474853516	56.353580474853516			False	False	3.3080021764616436	9.903937267849782			False	False
28	31	2	29	0.0054185433949753	0.1279897319157978	0.7551293781369294	0.0016501650165016502	0.00029	0.06451612903225806	2.8057515364893817	6.992224646193431	0.8928248705957442	1.0986122886681098	3.082433116936665	2.7520729487490145	2	45.279296875	45.279296875	12	44.70511245727539	44.70511245727539	-0.01268094818940603	0.0	True	False	2.8071269292741565	6.998893859520162	0.0	0.0	False	False
29	150	1	149	0.5484155620060407	0.8223525780645176	-0.2566888878111616	0.0008250825082508251	0.00149	0.006666666666666667	-0.2725726825130881	0.8278419815225669	0.08494194173244463	0.6931471805599453	0.0	0.0	0			7	40.49953079223633	40.49953079223633			False	False	-0.27412138293737165	0.8269537887331138			False	False
30	23	1	22	0.1554991878381559	0.8223525780645176	0.5740746997620801	0.0008250825082508251	0.00022	0.043478260869565216	2.459575895355341	5.500550055005496	0.08494194173244463	0.6931471805599453	1.7048480972387576	0.14481310773832365	0			7	42.62440490722656	42.62440490722656			False	False	2.4598609765940864	5.501637089008117			False	False
31	40	1	39	0.4429975465346554	0.8223525780645176	0.3254327735663922	0.0008250825082508251	0.00039	0.025	1.6476482435079127	3.133224714876548	0.08494194173244463	0.6931471805599453	1.142062734542056	0.09700902625226769	0			7	35.660438537597656	35.660438537597656			False	False	1.6476879929895887	3.133311043428744			False	False
32	10	1	9	0.0069830736880607	0.1594468492107199	0.9622548711164474	0.0008250825082508251	9e-05	0.1	3.7035014782414315	13.027618551328818	0.7973840583207894	0.6931471805599453	2.567071607842638	2.046941976661637	0			7	53.80574035644531	53.80574035644531			False	False	3.70397413797253	13.031887394921483			False	False
33	88	1	87	0.9577007511278386	0.9605051457138644	-0.0230218720195833	0.0008250825082508251	0.00087	0.011363636363636364	0.5002178798526877	1.414427157001414	0.01750030415038686	0.6931471805599453	0.34672461308556396	0.0060677861854225735	0			7	70.01292419433594	70.01292419433594			False	False	0.4995647026222301	1.4137869229408657			False	False
34	5	1	4	1.5489706381321966e-05	0.0004244179548482	1.314437389167491	0.0008250825082508251	4e-05	0.2	4.781503990242705	27.502750275027502	3.3722062517109537	0.6931471805599453	3.314286009672859	11.176456001776966	0			7	50.958412170410156	50.958412170410156			False	False	4.7820487890542065	27.513137983216396			False	False
35	5	2	3	0.0	0.0	1.7404061211864337	0.0016501650165016502	3e-05	0.4	5.88103966379362	58.93446487505899	300.0	1.0986122886681098	6.4609824447882405	323.04912223941204	2	33.28069305419922	33.28069305419922	12	32.747004699707034	32.747004699707034	-0.016035974780424414	0.0	True	False	5.882790215440762	59.0060187643831	0.0	0.0	False	False
36	7	2	5	3.3306690738754696e-15	1.2007938503182614e-13	1.5185573716279834	0.0016501650165016502	5e-05	0.2857142857142857	5.228962967213926	37.503750375037505	12.920531544931745	1.0986122886681098	5.744602972771681	74.22332392280518	2	49.16582489013672	49.16582489013672	12	48.2360725402832	48.2360725402832	-0.018910541050233362	0.0	True	False	5.230684663950328	37.548533663775295	0.0	0.0	False	False
37	5	1	4	1.5489706381321966e-05	0.0004244179548482	1.314437389167491	0.0008250825082508251	4e-05	0.2	4.781503990242705	27.502750275027502	3.3722062517109537	0.6931471805599453	3.314286009672859	11.176456001776966	0			7	47.12949752807617	47.12949752807617			False	False	4.7820487890542065	27.513137983216396			False	False
38	11	2	9	1.0307596332026492e-08	3.362239755922927e-07	1.2632848665632812	0.0016501650165016502	9e-05	0.18181818181818182	4.440467072407639	21.712697585548046	6.473371320949564	1.0986122886681098	4.878351693173137	31.57938194409273	2	39.67610549926758	39.67610549926758	12	42.61920928955078	42.61920928955078	0.06905580463232062	0.06905580463232062	True	False	4.442131057591146	21.73775516859063	0.3370047406119266	0.3368785014515147	False	False
39	38	1	37	0.4100541165206204	0.8223525780645176	0.3482956565252944	0.0008250825082508251	0.00037	0.02631578947368421	1.7226103011891354	3.3003300330032985	0.08494194173244463	0.6931471805599453	1.1940224734727674	0.10142258736895321	0			7	35.8266487121582	35.8266487121582			False	False	1.7226789153959015	3.3004869995872883			False	False
40	17	13	4	0.0	0.0	2.4283807410734406	0.010726072607260726	4e-05	0.7647058823529411	7.951428991685018	247.52475247524762	300.0	2.6390573296152584	20.98427696142161	1049.2138480710805	90	17.684518814086914	17.684518814086914	1	21.33255958557129	21.33255958557129	0.1710081135295083	0.1710081135295083	True	False	7.966335037654431	250.09545644018337	3.5952087187106927	3.5884816169534317	True	True
41	19	5	14	0.0	0.0	1.4693393488833513	0.004125412541254125	0.00014	0.2631578947368421	4.967917114473586	31.296233071583025	300.0	1.791759469228055	8.901312532198164	445.0656266099082	20	36.4134521484375	36.4134521484375	15	36.4134521484375	36.4134521484375	0.0	0.0	True	False	4.9730888472451396	31.408624259298925	0.0	0.0	False	False
42	21	18	3	0.0	0.0	2.694648630432739	0.01485148514851485	3e-05	0.8571428571428571	8.768564934535206	436.115040075436	300.0	2.9444389791664403	25.818504384597485	1290.9252192298743	125	14.918201446533203	14.918201446533203	1	19.509262084960938	19.509262084960938	0.23532723167253133	0.23532723167253133	True	False	8.789511711724954	442.4932727381452	6.090311324461731	6.075797162752438	True	True
43	21	15	6	0.0	0.0	2.314437388798341	0.012376237623762377	6e-05	0.7142857142857143	7.620223083209644	196.75044427519674	300.0	2.772588722239781	21.127744581458312	1056.3872290729157	105	13.98820686340332	13.98820686340332	0					False	True	7.637507775649646	199.12185643166842			False	True
44	8	7	1	0.0	0.0	2.761595419811737	0.005775577557755775	1e-05	0.875	8.688394585851222	412.5412541254123	300.0	2.0794415416798357	18.067008632325205	903.3504316162603	42	24.010129928588867	24.010129928588867	7	22.006292724609374	22.006292724609374	-0.08345799085383225	0.0	True	False	8.696145420228408	414.7635835752795	0.0	0.0	False	False
45	16	15	1	0.0	0.0	3.092588638820072	0.012376237623762377	1e-05	0.9375	9.735700300629578	852.5852585258513	300.0	2.772588722239781	26.993092856632014	1349.6546428316008	105	13.716578483581543	13.716578483581543	0					False	True	9.753057129985748	862.9045233124556			False	True
46	11	10	1	0.0	0.0	2.916497379778868	0.00825082508250825	1e-05	0.9090909090909091	9.173821413021464	577.5577557755773	300.0	2.3978952727983707	21.99786299978064	1099.893149989032	65	24.586938858032227	24.586938858032227	5	22.01474494934082	22.01474494934082	-0.10461627303600282	0.0	True	False	9.185167004343773	582.1176715176714	0.0	0.0	False	False
47	7	7	0	0.0	0.0	11.761595420246032	0.005775577557755775	0.0	1.0	10.27335708657238	1237.6237623762383	300.0	2.0794415416798357	21.362845498329538	1068.142274916477	40	24.847503662109375	24.847503662109375	9	24.847503662109375	24.847503662109375	0.0	0.0	True	False	10.281122347899974	1244.3031936955608	0.0	0.0	False	False
48	8	5	3	0.0	0.0	2.138346129728183	0.004125412541254125	3e-05	0.625	7.018543187543555	129.65582272512975	300.0	1.791759469228055	12.57554121646722	628.777060823361	20	44.790504455566406	44.790504455566406	15	44.39042282104492	44.39042282104492	-0.00893228686268488	0.0	True	False	7.023873629466498	130.1357586512866	0.0	0.0	False	False
49	33	1	32	0.3255465890346178	0.8223525780645176	0.4113474022705494	0.0008250825082508251	0.00032	0.030303030303030304	1.9290611786565623	3.8080731150038076	0.08494194173244463	0.6931471805599453	1.3371233171134411	0.113577850891343	0			7	53.60508346557617	53.60508346557617			False	False	1.9292019521495458	3.808444712530559			False	False
50	64	4	60	0.0001235153392906	0.0032541541313118	0.7404061212153867	0.0033003300330033004	0.0006	0.0625	2.617528255131578	6.136977334097044	2.487561880780559	1.6094379124341003	4.2127492106762405	10.479474349766605	12	36.105045318603516	36.105045318603516	16	34.57498550415039	34.57498550415039	-0.0423780056485553	0.0	True	False	2.620841821813219	6.151088878023097	0.0	0.0	False	False
51	208	1	207	0.3402968037415488	0.8223525780645176	-0.3994729648549887	0.0008250825082508251	0.00207	0.004807692307692308	-0.7455385345492704	0.5964451866873433	0.08494194173244463	0.6931471805599453	0.0	0.0	0			7	46.947078704833984	46.947078704833984			False	False	-0.7479254860164115	0.5954591788532586			False	False
52	325	4	321	0.9556651217394628	0.9598689272603108	0.0120523392000435	0.0033003300330033004	0.00321	0.012307692307692308	0.20771656507822556	1.1548588762453225	0.01778806701665431	1.6094379124341003	0.33430691487748126	0.005946673805971585	12	45.81537628173828	45.81537628173828	16	44.22394561767578	44.22394561767578	-0.03473573269978433	0.0	True	False	0.20725752760956873	1.1544914810913622	0.0	0.0	False	False
53	227	1	226	0.2928000081540478	0.8223525780645176	-0.4376110585452955	0.0008250825082508251	0.00226	0.004405286343612335	-0.8719382483612197	0.546412257119751	0.08494194173244463	0.6931471805599453	0.0	0.0	0			7	70.5772705078125	70.5772705078125			False	False	-0.8745999052506672	0.5454050995837358			False	False
54	183	3	180	0.5791775419259251	0.8223525780645176	0.138346129928441	0.0024752475247524753	0.0018	0.01639344262295082	0.6779663861342939	1.5998829799877494	0.08494194173244463	1.3862943611198906	0.939860978126802	0.07983361644064522	4	43.184967041015625	43.184967041015625	17	39.74185562133789	39.74185562133789	-0.07972939788069268	0.0	True	False	0.6783533510441373	1.6003121639742617	0.0	0.0	False	False
55	20	1	19	0.1086802312873864	0.8223525780645176	0.6377437796283405	0.0008250825082508251	0.00019	0.05	2.666026772822768	6.346788525006344	0.08494194173244463	0.6931471805599453	1.8479489408794314	0.15696837126071342	0			7	49.64592361450195	49.64592361450195			False	False	2.6663551435706445	6.348233277246897			False	False
56	12	1	11	0.0176084650559382	0.3655090473732641	0.8751046954063207	0.0008250825082508251	0.00011	0.08333333333333333	3.4278670356280028	10.76194575979336	0.43710186856753175	0.6931471805599453	2.3760163710799276	1.0385611955460823	0			7	39.00235366821289	39.00235366821289			False	False	3.428310838716902	10.765256868057921			False	False
57	422	1	421	0.0687570391120884	0.8223525780645176	-0.7077847152326728	0.0008250825082508251	0.00421	0.002369668246445498	-1.767959829257066	0.2936236684166636	0.08494194173244463	0.6931471805599453	0.0	0.0	0			7	49.10551452636719	49.10551452636719			False	False	-1.7734438586366288	0.2925096531901427			False	False
58	8	0	8	0.7554992569419738	0.8223525780645176	-7.986592606876497	0.0	8e-05	0.0	2.2790036497135198	4.853426519122495	0.08494194173244463	0.0	0.0	0.0	0			0					False	False	2.2783003950387712	4.851061249241967			False	False
59	60	0	60	0.3936503425201301	0.8223525780645176	-8.861653870221149	0.0	0.0006	0.0	-0.552396746310734	0.6818863704552272	0.08494194173244463	0.0	0.0	0.0	0			0					False	False	-0.5538504538253637	0.681199625117151			False	False
60	27	0	27	0.5672364935916616	0.8223525780645176	-8.51486638400534	0.0	0.00027	0.0	0.5851067774392007	1.5001500150014997	0.08494194173244463	0.0	0.0	0.0	0			0					False	False	0.5841293640988834	1.4991340206185566			False	False
61	28	0	28	0.5601439548826206	0.8223525780645176	-8.530660651187997	0.0	0.00028	0.0	0.5335764767991193	1.4475131723698689	0.08494194173244463	0.0	0.0	0.0	0			0					False	False	0.532584632612064	1.4465183577500456			False	False
62	27	0	27	0.5672364935916616	0.8223525780645176	-8.51486638400534	0.0	0.00027	0.0	0.5851067774392007	1.5001500150014997	0.08494194173244463	0.0	0.0	0.0	0			0					False	False	0.5841293640988834	1.4991340206185566			False	False
63	77	0	77	0.3338362547471822	0.8223525780645176	-8.969993345008389	0.0	0.00077	0.0	-0.9096579143103778	0.5323112956456932	0.08494194173244463	0.0	0.0	0.0	0			0					False	False	-0.911357046871581	0.531684735616894			False	False
64	18	0	18	0.6404154276825784	0.8223525780645176	-8.338775124957701	0.0	0.00018	0.0	1.1570131253349096	2.229952725002228	0.08494194173244463	0.0	0.0	0.0	0			0					False	False	1.1561655831200088	2.2286430760657567			False	False
65	6	0	6	0.7874106580408542	0.8223525780645176	-7.861653870286293	0.0	6e-05	0.0	2.666026772822768	6.346788525006344	0.08494194173244463	0.0	0.0	0.0	0			0					False	False	2.6653523739244616	6.343822363203804			False	False
66	370	0	370	0.033873970397293	0.662961992061306	-9.651704343898436	0.0	0.0037	0.0	-3.1668632413419733	0.11134716710537448	0.17851136919884847	0.0	0.0	0.0	0			0					False	False	-3.172798920910445	0.11088999262629215			False	False
67	5	0	5	0.8055453720894763	0.8223525780645176	-7.7824726242531455	0.0	5e-05	0.0	2.9070348723265624	7.5007500750074945	0.08494194173244463	0.0	0.0	0.0	0			0					False	False	2.9063749011000493	7.497319587628865			False	False
68	36	0	36	0.508827719114626	0.8223525780645176	-8.63980512060962	0.0	0.00036	0.0	0.17664193208384305	1.1302500113024996	0.08494194173244463	0.0	0.0	0.0	0			0					False	False	0.1755346359260841	1.1293828555288796			False	False
69	108	0	108	0.2523267358512555	0.8223525780645176	-9.116926375321238	0.0	0.00108	0.0	-1.3950847414806198	0.38022235403263793	0.08494194173244463	0.0	0.0	0.0	0			0					False	False	-1.3972315213436044	0.37965699083091836			False	False
70	15	0	15	0.6698076005463545	0.8223525780645176	-8.259593878914902	0.0	0.00015	0.0	1.4122701805769857	2.6615564782284684	0.08494194173244463	0.0	0.0	0.0	0			0					False	False	1.411465926139357	2.6600731626205514			False	False
71	58	0	58	0.4016543260028329	0.8223525780645176	-8.846930613400692	0.0	0.00058	0.0	-0.5038982286195441	0.705198725000705	0.08494194173244463	0.0	0.0	0.0	0			0					False	False	-0.5053230653439424	0.7045025993479604			False	False
72	7	0	7	0.7708347029591975	0.8223525780645176	-7.928600659906566	0.0	7e-05	0.0	2.459575895355341	5.500550055005496	0.08494194173244463	0.0	0.0	0.0	0			0					False	False	2.4588870686409585	5.4979243986254325			False	False
73	105	0	105	0.2590292823460565	0.8223525780645176	-9.104691918904342	0.0	0.00105	0.0	-1.354632697743325	0.39103436409991693	0.08494194173244463	0.0	0.0	0.0	0			0					False	False	-1.3567361508286968	0.39046465041285955			False	False
74	28	0	28	0.5601439548826206	0.8223525780645176	-8.530660651187997	0.0	0.00028	0.0	0.5335764767991193	1.4475131723698689	0.08494194173244463	0.0	0.0	0.0	0			0					False	False	0.532584632612064	1.4465183577500456			False	False
75	29	0	29	0.5532189916571566	0.8223525780645176	-8.545900617744199	0.0	0.00029	0.0	0.4838234416020182	1.3984449292386851	0.08494194173244463	0.0	0.0	0.0	0			0					False	False	0.48281716642387806	1.39746985846584			False	False
76	12	0	12	0.7029147451535467	0.8223525780645176	-8.162683865914083	0.0	0.00012	0.0	1.7226103011891354	3.3003300330032985	0.08494194173244463	0.0	0.0	0.0	0			0					False	False	1.7218493332299811	3.298589690721652			False	False
77	198	0	198	0.1209851563463968	0.8223525780645176	-9.380167810093992	0.0	0.00198	0.0	-2.2665287061790966	0.20782934716645474	0.08494194173244463	0.0	0.0	0.0	0			0					False	False	-2.269975894790136	0.20733335064530364			False	False
78	197	0	197	0.1219299855517019	0.8223525780645176	-9.377968845994063	0.0	0.00197	0.0	-2.259242352100605	0.20888164765843664	0.08494194173244463	0.0	0.0	0.0	0			0					False	False	-2.262675085284041	0.20838522771760418			False	False
79	5	0	5	0.8055453720894763	0.8223525780645176	-7.7824726242531455	0.0	5e-05	0.0	2.9070348723265624	7.5007500750074945	0.08494194173244463	0.0	0.0	0.0	0			0					False	False	2.9063749011000493	7.497319587628865			False	False
80	40	0	40	0.4861689120103665	0.8223525780645176	-8.685562611169088	0.0	0.0004	0.0	0.026616488079236333	1.0186203805565743	0.08494194173244463	0.0	0.0	0.0	0			0					False	False	0.025451462471290043	1.017798141784396			False	False
81	26	0	26	0.5745054721125877	0.8223525780645176	-8.49847596781779	0.0	0.00026	0.0	0.6385460364006619	1.556759449529859	0.08494194173244463	0.0	0.0	0.0	0			0					False	False	0.6375830537627358	1.5557206769111072			False	False
82	10	0	10	0.7277235597421565	0.8223525780645176	-8.083502619873697	0.0	0.0001	0.0	1.974149068185099	3.928964325003925	0.08494194173244463	0.0	0.0	0.0	0			0					False	False	1.9734169571567417	3.9269710358370173			False	False
83	23	0	23	0.5974729694709866	0.8223525780645176	-8.445230455866742	0.0	0.00023	0.0	0.811877639286223	1.7554946984060102	0.08494194173244463	0.0	0.0	0.0	0			0					False	False	0.8109579478894258	1.7543759596402728			False	False
84	21	0	21	0.6138730239787309	0.8223525780645176	-8.405721914584868	0.0	0.00021	0.0	0.9402017362617627	1.918796530815872	0.08494194173244463	0.0	0.0	0.0	0			0					False	False	0.9393109049707054	1.9176120834332286			False	False
85	30	0	30	0.5464534773954048	0.8223525780645176	-8.560623874564406	0.0	0.0003	0.0	0.43572915340097396	1.352594275821024	0.08494194173244463	0.0	0.0	0.0	0			0					False	False	0.4347084470873952	1.3516376542166646			False	False
86	75	0	75	0.3401987413100844	0.8223525780645176	-8.958563883227757	0.0	0.00075	0.0	-0.8719382483612197	0.546412257119751	0.08494194173244463	0.0	0.0	0.0	0			0					False	False	-0.8736085052204494	0.5457800232129445			False	False
87	5	0	5	0.8055453720894763	0.8223525780645176	-7.7824726242531455	0.0	5e-05	0.0	2.9070348723265624	7.5007500750074945	0.08494194173244463	0.0	0.0	0.0	0			0					False	False	2.9063749011000493	7.497319587628865			False	False
88	52	0	52	0.4271470871347791	0.8223525780645176	-8.799505963473418	0.0	0.00052	0.0	-0.3477790267022627	0.7857928650007853	0.08494194173244463	0.0	0.0	0.0	0			0					False	False	-0.3491172545223282	0.785064310260187			False	False
89	101	0	101	0.2683117779219506	0.8223525780645176	-9.08782399361721	0.0	0.00101	0.0	-1.2988694262213158	0.4064445853452339	0.08494194173244463	0.0	0.0	0.0	0			0					False	False	-1.3009151122938558	0.40586867096643137			False	False
90	333	0	333	0.0441858789757099	0.8223525780645176	-9.605946853337892	0.0	0.00333	0.0	-3.0150764602207243	0.12370052597463643	0.08494194173244463	0.0	0.0	0.0	0			0					False	False	-3.020476462390265	0.12323838080959515			False	False
91	35	1	34	0.3596604471356639	0.8223525780645176	0.3850184635489986	0.0008250825082508251	0.00034	0.02857142857142857	1.8429045349068467	3.5873152532644537	0.08494194173244463	0.6931471805599453	1.277404082411818	0.10850518313701153	0			7	40.772701263427734	40.772701263427734			False	False	1.8430164451184456	3.587593532990007			False	False
92	22	0	22	0.6055549849525776	0.8223525780645176	-8.425925300672214	0.0	0.00022	0.0	0.874613394634185	1.833516685001832	0.08494194173244463	0.0	0.0	0.0	0			0					False	False	0.8737081333624239	1.832366552119129			False	False
93	6	0	6	0.7874106580408542	0.8223525780645176	-7.861653870286293	0.0	6e-05	0.0	2.666026772822768	6.346788525006344	0.08494194173244463	0.0	0.0	0.0	0			0					False	False	2.6653523739244616	6.343822363203804			False	False
94	202	1	201	0.3570297604813093	0.8223525780645176	-0.3866986768186224	0.0008250825082508251	0.00201	0.0049504950495049506	-0.7032070368429508	0.6142053411296463	0.08494194173244463	0.6931471805599453	0.0	0.0	0			7	41.42817077636719	41.42817077636719			False	False	-0.7055072500953443	0.6132268407906449			False	False
95	15	0	15	0.6698076005463545	0.8223525780645176	-8.259593878914902	0.0	0.00015	0.0	1.4122701805769857	2.6615564782284684	0.08494194173244463	0.0	0.0	0.0	0			0					False	False	1.411465926139357	2.6600731626205514			False	False
96	40	0	40	0.4861689120103665	0.8223525780645176	-8.685562611169088	0.0	0.0004	0.0	0.026616488079236333	1.0186203805565743	0.08494194173244463	0.0	0.0	0.0	0			0					False	False	0.025451462471290043	1.017798141784396			False	False
97	6	0	6	0.7874106580408542	0.8223525780645176	-7.861653870286293	0.0	6e-05	0.0	2.666026772822768	6.346788525006344	0.08494194173244463	0.0	0.0	0.0	0			0					False	False	2.6653523739244616	6.343822363203804			False	False
98	102	0	102	0.2659529766024626	0.8223525780645176	-9.092102791596442	0.0	0.00102	0.0	-1.3130136085415867	0.40247927231747527	0.08494194173244463	0.0	0.0	0.0	0			0					False	False	-1.3150737361504863	0.40190495348252453			False	False
99	65	0	65	0.3746109096898726	0.8223525780645176	-8.896415976479805	0.0	0.00065	0.0	-0.6669565105735895	0.6298339757639886	0.08494194173244463	0.0	0.0	0.0	0			0					False	False	-0.6684823975915712	0.6291681750216417			False	False
100	42	0	42	0.4754620265867852	0.8223525780645176	-8.706751910238507	0.0	0.00042	0.0	-0.042924445173841974	0.9706853038244994	0.08494194173244463	0.0	0.0	0.0	0			0					False	False	-0.04411833637317031	0.9698823529411764			False	False
101	18	0	18	0.6404154276825784	0.8223525780645176	-8.338775124957701	0.0	0.00018	0.0	1.1570131253349096	2.229952725002228	0.08494194173244463	0.0	0.0	0.0	0			0					False	False	1.1561655831200088	2.2286430760657567			False	False
102	75	0	75	0.3401987413100844	0.8223525780645176	-8.958563883227757	0.0	0.00075	0.0	-0.8719382483612197	0.546412257119751	0.08494194173244463	0.0	0.0	0.0	0			0					False	False	-0.8736085052204494	0.5457800232129445			False	False
103	80	0	80	0.3245863514665212	0.8223525780645176	-8.98659260682764	0.0	0.0008	0.0	-0.964450387150757	0.5124736076092078	0.08494194173244463	0.0	0.0	0.0	0			0					False	False	-0.9661928343486075	0.5118550297752449			False	False
104	20	0	20	0.6224432613699353	0.8223525780645176	-8.384532615515964	0.0	0.0002	0.0	1.0089144863457769	2.0123963615873777	0.08494194173244463	0.0	0.0	0.0	0			0					False	False	1.008038084891096	2.011174251948704			False	False
105	7	0	7	0.7708347029591975	0.8223525780645176	-7.928600659906566	0.0	7e-05	0.0	2.459575895355341	5.500550055005496	0.08494194173244463	0.0	0.0	0.0	0			0					False	False	2.4588870686409585	5.4979243986254325			False	False
106	43	0	43	0.4702518254524213	0.8223525780645176	-8.716971075419954	0.0	0.00043	0.0	-0.0764770048848682	0.948370699138879	0.08494194173244463	0.0	0.0	0.0	0			0					False	False	-0.07768532909646986	0.947576727100368			False	False
107	16	0	16	0.6596483621232303	0.8223525780645176	-8.287622602513336	0.0	0.00016	0.0	1.3220723716054064	2.5002500250024986	0.08494194173244463	0.0	0.0	0.0	0			0					False	False	1.3212536880530035	2.4988316151202756			False	False
108	51	0	51	0.431629299687273	0.8223525780645176	-8.791072795936719	0.0	0.00051	0.0	-0.3200340362193579	0.801050978884296	0.08494194173244463	0.0	0.0	0.0	0			0					False	False	-0.3213578297275159	0.800316284656191			False	False
109	16	0	16	0.6596483621232303	0.8223525780645176	-8.287622602513336	0.0	0.00016	0.0	1.3220723716054064	2.5002500250024986	0.08494194173244463	0.0	0.0	0.0	0			0					False	False	1.3212536880530035	2.4988316151202756			False	False
110	21	0	21	0.6138730239787309	0.8223525780645176	-8.405721914584868	0.0	0.00021	0.0	0.9402017362617627	1.918796530815872	0.08494194173244463	0.0	0.0	0.0	0			0					False	False	0.9393109049707054	1.9176120834332286			False	False
111	22	0	22	0.6055549849525776	0.8223525780645176	-8.425925300672214	0.0	0.00022	0.0	0.874613394634185	1.833516685001832	0.08494194173244463	0.0	0.0	0.0	0			0					False	False	0.8737081333624239	1.832366552119129			False	False
112	167	0	167	0.1544820729496263	0.8223525780645176	-9.30621909098045	0.0	0.00167	0.0	-2.021550794381275	0.24629328604502224	0.08494194173244463	0.0	0.0	0.0	0			0					False	False	-2.02454993207337	0.24578181258655174			False	False
113	13	0	13	0.6913939559073978	0.8223525780645176	-8.197445972170511	0.0	0.00013	0.0	1.6115789888003924	3.055861141669723	0.08494194173244463	0.0	0.0	0.0	0			0					False	False	1.6108035921593853	3.054219167621229			False	False
114	74	1	73	0.9024554572555918	0.907756223524347	0.0531745204776219	0.0008250825082508251	0.00073	0.013513513513513514	0.7517566468486514	1.683841853573111	0.042030764906927275	0.6931471805599453	0.5210780002303412	0.021901306925853268	0			7	39.19029083251953	39.19029083251953			False	False	0.7513056076239639	1.6833155053189264			False	False
115	7	0	7	0.7708347029591975	0.8223525780645176	-7.928600659906566	0.0	7e-05	0.0	2.459575895355341	5.500550055005496	0.08494194173244463	0.0	0.0	0.0	0			0					False	False	2.4588870686409585	5.4979243986254325			False	False
116	32	0	32	0.5333714838708665	0.8223525780645176	-8.588652598163746	0.0	0.00032	0.0	0.34409867793540627	1.2693577050012694	0.08494194173244463	0.0	0.0	0.0	0			0					False	False	0.3430491089178833	1.2684345757335453			False	False
117	292	0	292	0.0595668333016203	0.8223525780645176	-9.548885471280173	0.0	0.00292	0.0	-2.8258263235069077	0.14103974500014088	0.08494194173244463	0.0	0.0	0.0	0			0					False	False	-2.830632969429855	0.1405706229623755			False	False
118	65	0	65	0.3746109096898726	0.8223525780645176	-8.896415976479805	0.0	0.00065	0.0	-0.6669565105735895	0.6298339757639886	0.08494194173244463	0.0	0.0	0.0	0			0					False	False	-0.6684823975915712	0.6291681750216417			False	False
119	18	0	18	0.6404154276825784	0.8223525780645176	-8.338775124957701	0.0	0.00018	0.0	1.1570131253349096	2.229952725002228	0.08494194173244463	0.0	0.0	0.0	0			0					False	False	1.1561655831200088	2.2286430760657567			False	False
120	20	0	20	0.6224432613699353	0.8223525780645176	-8.384532615515964	0.0	0.0002	0.0	1.0089144863457769	2.0123963615873777	0.08494194173244463	0.0	0.0	0.0	0			0					False	False	1.008038084891096	2.011174251948704			False	False
121	48	0	48	0.4455140626877072	0.8223525780645176	-8.764743857214903	0.0	0.00048	0.0	-0.23344635122326807	0.850600523969922	0.08494194173244463	0.0	0.0	0.0	0			0					False	False	-0.23472684266218202	0.8498458922308428			False	False
122	9	0	9	0.7411827675682712	0.8223525780645176	-8.037745129317846	0.0	9e-05	0.0	2.1185389775202754	4.342539517109606	0.08494194173244463	0.0	0.0	0.0	0			0					False	False	2.1178212947408674	4.340379815518178			False	False
123	8	0	8	0.7554992569419738	0.8223525780645176	-7.986592606876497	0.0	8e-05	0.0	2.2790036497135198	4.853426519122495	0.08494194173244463	0.0	0.0	0.0	0			0					False	False	2.2783003950387712	4.851061249241967			False	False
124	27	0	27	0.5672364935916616	0.8223525780645176	-8.51486638400534	0.0	0.00027	0.0	0.5851067774392007	1.5001500150014997	0.08494194173244463	0.0	0.0	0.0	0			0					False	False	0.5841293640988834	1.4991340206185566			False	False
125	28	0	28	0.5601439548826206	0.8223525780645176	-8.530660651187997	0.0	0.00028	0.0	0.5335764767991193	1.4475131723698689	0.08494194173244463	0.0	0.0	0.0	0			0					False	False	0.532584632612064	1.4465183577500456			False	False
126	47	0	47	0.4502955388168637	0.8223525780645176	-8.755600477775225	0.0	0.00047	0.0	-0.2033891173670881	0.8685079034219205	0.08494194173244463	0.0	0.0	0.0	0			0					False	False	-0.20465517507173736	0.8677460661964193			False	False
127	5	0	5	0.8055453720894763	0.8223525780645176	-7.7824726242531455	0.0	5e-05	0.0	2.9070348723265624	7.5007500750074945	0.08494194173244463	0.0	0.0	0.0	0			0					False	False	2.9063749011000493	7.497319587628865			False	False
128	5	0	5	0.8055453720894763	0.8223525780645176	-7.7824726242531455	0.0	5e-05	0.0	2.9070348723265624	7.5007500750074945	0.08494194173244463	0.0	0.0	0.0	0			0					False	False	2.9063749011000493	7.497319587628865			False	False
129	12	0	12	0.7029147451535467	0.8223525780645176	-8.162683865914083	0.0	0.00012	0.0	1.7226103011891354	3.3003300330032985	0.08494194173244463	0.0	0.0	0.0	0			0					False	False	1.7218493332299811	3.298589690721652			False	False
130	64	0	64	0.3783129847153628	0.8223525780645176	-8.88968259382094	0.0	0.00064	0.0	-0.6447607644593933	0.6395988436052907	0.08494194173244463	0.0	0.0	0.0	0			0					False	False	-0.6462722152878051	0.6389291137217293			False	False
131	111	0	111	0.2458357037982543	0.8223525780645176	-9.128825598620836	0.0	0.00111	0.0	-1.4344334089564441	0.3699921561662892	0.08494194173244463	0.0	0.0	0.0	0			0					False	False	-1.4366235168982655	0.3694309093430725			False	False
132	10	0	10	0.7277235597421565	0.8223525780645176	-8.083502619873697	0.0	0.0001	0.0	1.974149068185099	3.928964325003925	0.08494194173244463	0.0	0.0	0.0	0			0					False	False	1.9734169571567417	3.9269710358370173			False	False
133	14	0	14	0.6803752319012593	0.8223525780645176	-8.229630655539527	0.0	0.00014	0.0	1.5084854958362879	2.8451120974166364	0.08494194173244463	0.0	0.0	0.0	0			0					False	False	1.5076956703691256	2.8435549235691435			False	False
134	35	0	35	0.5147751591656893	0.8223525780645176	-8.627570664192952	0.0	0.00035	0.0	0.21671937145917752	1.1620880397898934	0.08494194173244463	0.0	0.0	0.0	0			0					False	False	0.21562650730303012	1.1612080731813568			False	False
135	12	0	12	0.7029147451535467	0.8223525780645176	-8.162683865914083	0.0	0.00012	0.0	1.7226103011891354	3.3003300330032985	0.08494194173244463	0.0	0.0	0.0	0			0					False	False	1.7218493332299811	3.298589690721652			False	False
136	5	0	5	0.8055453720894763	0.8223525780645176	-7.7824726242531455	0.0	5e-05	0.0	2.9070348723265624	7.5007500750074945	0.08494194173244463	0.0	0.0	0.0	0			0					False	False	2.9063749011000493	7.497319587628865			False	False
137	30	0	30	0.5464534773954048	0.8223525780645176	-8.560623874564406	0.0	0.0003	0.0	0.43572915340097396	1.352594275821024	0.08494194173244463	0.0	0.0	0.0	0			0					False	False	0.4347084470873952	1.3516376542166646			False	False
138	39	0	39	0.4916723513967809	0.8223525780645176	-8.674567226867902	0.0	0.00039	0.0	0.06268574278675665	1.0444082382921827	0.08494194173244463	0.0	0.0	0.0	0			0					False	False	0.06153514975792618	1.0435756231241025			False	False
139	76	0	76	0.3369974032750313	0.8223525780645176	-8.964316212116772	0.0	0.00076	0.0	-0.8909213517287924	0.5392696132358329	0.08494194173244463	0.0	0.0	0.0	0			0					False	False	-0.8926060463667653	0.5386402533521998			False	False
140	10	0	10	0.7277235597421565	0.8223525780645176	-8.083502619873697	0.0	0.0001	0.0	1.974149068185099	3.928964325003925	0.08494194173244463	0.0	0.0	0.0	0			0					False	False	1.9734169571567417	3.9269710358370173			False	False
141	31	0	31	0.5398399388921535	0.8223525780645176	-8.57486431367855	0.0	0.00031	0.0	0.389186567463943	1.3096547750013083	0.08494194173244463	0.0	0.0	0.0	0			0					False	False	0.3881514298705717	1.3087154311896585			False	False
142	10	0	10	0.7277235597421565	0.8223525780645176	-8.083502619873697	0.0	0.0001	0.0	1.974149068185099	3.928964325003925	0.08494194173244463	0.0	0.0	0.0	0			0					False	False	1.9734169571567417	3.9269710358370173			False	False
143	5	0	5	0.8055453720894763	0.8223525780645176	-7.7824726242531455	0.0	5e-05	0.0	2.9070348723265624	7.5007500750074945	0.08494194173244463	0.0	0.0	0.0	0			0					False	False	2.9063749011000493	7.497319587628865			False	False
144	15	0	15	0.6698076005463545	0.8223525780645176	-8.259593878914902	0.0	0.00015	0.0	1.4122701805769857	2.6615564782284684	0.08494194173244463	0.0	0.0	0.0	0			0					False	False	1.411465926139357	2.6600731626205514			False	False
145	8	0	8	0.7554992569419738	0.8223525780645176	-7.986592606876497	0.0	8e-05	0.0	2.2790036497135198	4.853426519122495	0.08494194173244463	0.0	0.0	0.0	0			0					False	False	2.2783003950387712	4.851061249241967			False	False
146	14	0	14	0.6803752319012593	0.8223525780645176	-8.229630655539527	0.0	0.00014	0.0	1.5084854958362879	2.8451120974166364	0.08494194173244463	0.0	0.0	0.0	0			0					False	False	1.5076956703691256	2.8435549235691435			False	False
147	8	0	8	0.7554992569419738	0.8223525780645176	-7.986592606876497	0.0	8e-05	0.0	2.2790036497135198	4.853426519122495	0.08494194173244463	0.0	0.0	0.0	0			0					False	False	2.2783003950387712	4.851061249241967			False	False
148	23	0	23	0.5974729694709866	0.8223525780645176	-8.445230455866742	0.0	0.00023	0.0	0.811877639286223	1.7554946984060102	0.08494194173244463	0.0	0.0	0.0	0			0					False	False	0.8109579478894258	1.7543759596402728			False	False
149	40	0	40	0.4861689120103665	0.8223525780645176	-8.685562611169088	0.0	0.0004	0.0	0.026616488079236333	1.0186203805565743	0.08494194173244463	0.0	0.0	0.0	0			0					False	False	0.025451462471290043	1.017798141784396			False	False
150	8	0	8	0.7554992569419738	0.8223525780645176	-7.986592606876497	0.0	8e-05	0.0	2.2790036497135198	4.853426519122495	0.08494194173244463	0.0	0.0	0.0	0			0					False	False	2.2783003950387712	4.851061249241967			False	False
151	41	0	41	0.4807666291882904	0.8223525780645176	-8.696286476560596	0.0	0.00041	0.0	-0.008572940383064775	0.9940753111455718	0.08494194173244463	0.0	0.0	0.0	0			0					False	False	-0.009752398714507393	0.9932629487020253			False	False
152	124	0	124	0.2199425734123901	0.8223525780645176	-9.176924304996003	0.0	0.00124	0.0	-1.5935354411042209	0.33135843704852397	0.08494194173244463	0.0	0.0	0.0	0			0					False	False	-1.5959133190925758	0.33081273547799467			False	False
153	11	0	11	0.7149993041487601	0.8223525780645176	-8.124895305027973	0.0	0.00011	0.0	1.8429045349068467	3.5873152532644537	0.08494194173244463	0.0	0.0	0.0	0			0					False	False	1.8421579954852394	3.585459435230837			False	False
154	35	0	35	0.5147751591656893	0.8223525780645176	-8.627570664192952	0.0	0.00035	0.0	0.21671937145917752	1.1620880397898934	0.08494194173244463	0.0	0.0	0.0	0			0					False	False	0.21562650730303012	1.1612080731813568			False	False
155	33	0	33	0.527041738646036	0.8223525780645176	-8.602016559721315	0.0	0.00033	0.0	0.3003773005060868	1.2314664302251106	0.08494194173244463	0.0	0.0	0.0	0			0					False	False	0.29931329992005473	1.230558547468842			False	False
156	27	0	27	0.5672364935916616	0.8223525780645176	-8.51486638400534	0.0	0.00027	0.0	0.5851067774392007	1.5001500150014997	0.08494194173244463	0.0	0.0	0.0	0			0					False	False	0.5841293640988834	1.4991340206185566			False	False
157	5	0	5	0.8055453720894763	0.8223525780645176	-7.7824726242531455	0.0	5e-05	0.0	2.9070348723265624	7.5007500750074945	0.08494194173244463	0.0	0.0	0.0	0			0					False	False	2.9063749011000493	7.497319587628865			False	False
158	5	0	5	0.8055453720894763	0.8223525780645176	-7.7824726242531455	0.0	5e-05	0.0	2.9070348723265624	7.5007500750074945	0.08494194173244463	0.0	0.0	0.0	0			0					False	False	2.9063749011000493	7.497319587628865			False	False
159	10	0	10	0.7277235597421565	0.8223525780645176	-8.083502619873697	0.0	0.0001	0.0	1.974149068185099	3.928964325003925	0.08494194173244463	0.0	0.0	0.0	0			0					False	False	1.9734169571567417	3.9269710358370173			False	False
160	13	0	13	0.6913939559073978	0.8223525780645176	-8.197445972170511	0.0	0.00013	0.0	1.6115789888003924	3.055861141669723	0.08494194173244463	0.0	0.0	0.0	0			0					False	False	1.6108035921593853	3.054219167621229			False	False
161	17	0	17	0.6498613121757284	0.8223525780645176	-8.313951541234088	0.0	0.00017	0.0	1.2371834740188934	2.3573785950023556	0.08494194173244463	0.0	0.0	0.0	0			0					False	False	1.2363503612073998	2.3560176730486013			False	False
162	53	0	53	0.4227345524647559	0.8223525780645176	-8.80777848943925	0.0	0.00053	0.0	-0.37500049543728764	0.7711051478979666	0.08494194173244463	0.0	0.0	0.0	0			0					False	False	-0.3763531577136785	0.7703825031313234			False	False
163	64	0	64	0.3783129847153628	0.8223525780645176	-8.88968259382094	0.0	0.00064	0.0	-0.6447607644593933	0.6395988436052907	0.08494194173244463	0.0	0.0	0.0	0			0					False	False	-0.6462722152878051	0.6389291137217293			False	False
164	7	0	7	0.7708347029591975	0.8223525780645176	-7.928600659906566	0.0	7e-05	0.0	2.459575895355341	5.500550055005496	0.08494194173244463	0.0	0.0	0.0	0			0					False	False	2.4588870686409585	5.4979243986254325			False	False
165	44	0	44	0.4651329289035755	0.8223525780645176	-8.726955296326325	0.0	0.00044	0.0	-0.1092669400025379	0.9270589980346343	0.08494194173244463	0.0	0.0	0.0	0			0					False	False	-0.11048969737080583	0.9262736012973479			False	False
166	5	0	5	0.8055453720894763	0.8223525780645176	-7.7824726242531455	0.0	5e-05	0.0	2.9070348723265624	7.5007500750074945	0.08494194173244463	0.0	0.0	0.0	0			0					False	False	2.9063749011000493	7.497319587628865			False	False
167	30	0	30	0.5464534773954048	0.8223525780645176	-8.560623874564406	0.0	0.0003	0.0	0.43572915340097396	1.352594275821024	0.08494194173244463	0.0	0.0	0.0	0			0					False	False	0.4347084470873952	1.3516376542166646			False	False
168	37	0	37	0.5029977004245225	0.8223525780645176	-8.651704343909	0.0	0.00037	0.0	0.1376478004679793	1.1001100110010997	0.08494194173244463	0.0	0.0	0.0	0			0					False	False	0.13652607216423895	1.099254982817869			False	False
169	12	0	12	0.7029147451535467	0.8223525780645176	-8.162683865914083	0.0	0.00012	0.0	1.7226103011891354	3.3003300330032985	0.08494194173244463	0.0	0.0	0.0	0			0					False	False	1.7218493332299811	3.298589690721652			False	False
170	17	0	17	0.6498613121757284	0.8223525780645176	-8.313951541234088	0.0	0.00017	0.0	1.2371834740188934	2.3573785950023556	0.08494194173244463	0.0	0.0	0.0	0			0					False	False	1.2363503612073998	2.3560176730486013			False	False
171	6	0	6	0.7874106580408542	0.8223525780645176	-7.861653870286293	0.0	6e-05	0.0	2.666026772822768	6.346788525006344	0.08494194173244463	0.0	0.0	0.0	0			0					False	False	2.6653523739244616	6.343822363203804			False	False
172	34	0	34	0.5208447941764078	0.8223525780645176	-8.614981536885296	0.0	0.00034	0.0	0.2579420341856906	1.1957717510881514	0.08494194173244463	0.0	0.0	0.0	0			0					False	False	0.25686360188678314	1.1948782309875992			False	False
173	57	0	57	0.4057449714562202	0.8223525780645176	-8.839377475510378	0.0	0.00057	0.0	-0.47902355998051505	0.7174630506528911	0.08494194173244463	0.0	0.0	0.0	0			0					False	False	-0.4804339615264528	0.7167619901389513			False	False
174	28	0	28	0.5601439548826206	0.8223525780645176	-8.530660651187997	0.0	0.00028	0.0	0.5335764767991193	1.4475131723698689	0.08494194173244463	0.0	0.0	0.0	0			0					False	False	0.532584632612064	1.4465183577500456			False	False
175	8	0	8	0.7554992569419738	0.8223525780645176	-7.986592606876497	0.0	8e-05	0.0	2.2790036497135198	4.853426519122495	0.08494194173244463	0.0	0.0	0.0	0			0					False	False	2.2783003950387712	4.851061249241967			False	False
176	52	0	52	0.4271470871347791	0.8223525780645176	-8.799505963473418	0.0	0.00052	0.0	-0.3477790267022627	0.7857928650007853	0.08494194173244463	0.0	0.0	0.0	0			0					False	False	-0.3491172545223282	0.785064310260187			False	False
177	49	0	49	0.4408106856017943	0.8223525780645176	-8.773698699867644	0.0	0.00049	0.0	-0.2628901291157497	0.8334166750008329	0.08494194173244463	0.0	0.0	0.0	0			0					False	False	-0.26418505443333373	0.8326689576174118			False	False
178	14	0	14	0.6803752319012593	0.8223525780645176	-8.229630655539527	0.0	0.00014	0.0	1.5084854958362879	2.8451120974166364	0.08494194173244463	0.0	0.0	0.0	0			0					False	False	1.5076956703691256	2.8435549235691435			False	False
179	18	0	18	0.6404154276825784	0.8223525780645176	-8.338775124957701	0.0	0.00018	0.0	1.1570131253349096	2.229952725002228	0.08494194173244463	0.0	0.0	0.0	0			0					False	False	1.1561655831200088	2.2286430760657567			False	False
180	24	0	24	0.5896125079673484	0.8223525780645176	-8.463713861559969	0.0	0.00024	0.0	0.7517566468486514	1.683841853573111	0.08494194173244463	0.0	0.0	0.0	0			0					False	False	0.7508225251824836	1.6827519461392808			False	False
181	5	0	5	0.8055453720894763	0.8223525780645176	-7.7824726242531455	0.0	5e-05	0.0	2.9070348723265624	7.5007500750074945	0.08494194173244463	0.0	0.0	0.0	0			0					False	False	2.9063749011000493	7.497319587628865			False	False
182	9	0	9	0.7411827675682712	0.8223525780645176	-8.037745129317846	0.0	9e-05	0.0	2.1185389775202754	4.342539517109606	0.08494194173244463	0.0	0.0	0.0	0			0					False	False	2.1178212947408674	4.340379815518178			False	False
183	12	0	12	0.7029147451535467	0.8223525780645176	-8.162683865914083	0.0	0.00012	0.0	1.7226103011891354	3.3003300330032985	0.08494194173244463	0.0	0.0	0.0	0			0					False	False	1.7218493332299811	3.298589690721652			False	False
184	13	0	13	0.6913939559073978	0.8223525780645176	-8.197445972170511	0.0	0.00013	0.0	1.6115789888003924	3.055861141669723	0.08494194173244463	0.0	0.0	0.0	0			0					False	False	1.6108035921593853	3.054219167621229			False	False
185	52	0	52	0.4271470871347791	0.8223525780645176	-8.799505963473418	0.0	0.00052	0.0	-0.3477790267022627	0.7857928650007853	0.08494194173244463	0.0	0.0	0.0	0			0					False	False	-0.3491172545223282	0.785064310260187			False	False
186	61	0	61	0.389734165276409	0.8223525780645176	-8.868832454848153	0.0	0.00061	0.0	-0.5760480143753792	0.6707987871957927	0.08494194173244463	0.0	0.0	0.0	0			0					False	False	-0.5775161575017851	0.6701165032268881			False	False
187	15	0	15	0.6698076005463545	0.8223525780645176	-8.259593878914902	0.0	0.00015	0.0	1.4122701805769857	2.6615564782284684	0.08494194173244463	0.0	0.0	0.0	0			0					False	False	1.411465926139357	2.6600731626205514			False	False
188	8	0	8	0.7554992569419738	0.8223525780645176	-7.986592606876497	0.0	8e-05	0.0	2.2790036497135198	4.853426519122495	0.08494194173244463	0.0	0.0	0.0	0			0					False	False	2.2783003950387712	4.851061249241967			False	False
189	33	0	33	0.527041738646036	0.8223525780645176	-8.602016559721315	0.0	0.00033	0.0	0.3003773005060868	1.2314664302251106	0.08494194173244463	0.0	0.0	0.0	0			0					False	False	0.29931329992005473	1.230558547468842			False	False
190	25	0	25	0.5819605917622697	0.8223525780645176	-8.481442628519677	0.0	0.00025	0.0	0.6940411489923637	1.6178088397074983	0.08494194173244463	0.0	0.0	0.0	0			0					False	False	0.6930925969124875	1.616745502324641			False	False
191	20	0	20	0.6224432613699353	0.8223525780645176	-8.384532615515964	0.0	0.0002	0.0	1.0089144863457769	2.0123963615873777	0.08494194173244463	0.0	0.0	0.0	0			0					False	False	1.008038084891096	2.011174251948704			False	False
192	18	0	18	0.6404154276825784	0.8223525780645176	-8.338775124957701	0.0	0.00018	0.0	1.1570131253349096	2.229952725002228	0.08494194173244463	0.0	0.0	0.0	0			0					False	False	1.1561655831200088	2.2286430760657567			False	False
193	18	0	18	0.6404154276825784	0.8223525780645176	-8.338775124957701	0.0	0.00018	0.0	1.1570131253349096	2.229952725002228	0.08494194173244463	0.0	0.0	0.0	0			0					False	False	1.1561655831200088	2.2286430760657567			False	False
194	5	0	5	0.8055453720894763	0.8223525780645176	-7.7824726242531455	0.0	5e-05	0.0	2.9070348723265624	7.5007500750074945	0.08494194173244463	0.0	0.0	0.0	0			0					False	False	2.9063749011000493	7.497319587628865			False	False
195	54	0	54	0.4183898246786413	0.8223525780645176	-8.815896379661279	0.0	0.00054	0.0	-0.40171783381306625	0.7569564295879125	0.08494194173244463	0.0	0.0	0.0	0			0					False	False	-0.40308493069020557	0.7562394779154454			False	False
196	22	0	22	0.6055549849525776	0.8223525780645176	-8.425925300672214	0.0	0.00022	0.0	0.874613394634185	1.833516685001832	0.08494194173244463	0.0	0.0	0.0	0			0					False	False	0.8737081333624239	1.832366552119129			False	False
197	6	0	6	0.7874106580408542	0.8223525780645176	-7.861653870286293	0.0	6e-05	0.0	2.666026772822768	6.346788525006344	0.08494194173244463	0.0	0.0	0.0	0			0					False	False	2.6653523739244616	6.343822363203804			False	False
198	12	0	12	0.7029147451535467	0.8223525780645176	-8.162683865914083	0.0	0.00012	0.0	1.7226103011891354	3.3003300330032985	0.08494194173244463	0.0	0.0	0.0	0			0					False	False	1.7218493332299811	3.298589690721652			False	False
199	7	0	7	0.7708347029591975	0.8223525780645176	-7.928600659906566	0.0	7e-05	0.0	2.459575895355341	5.500550055005496	0.08494194173244463	0.0	0.0	0.0	0			0					False	False	2.4588870686409585	5.4979243986254325			False	False
200	20	0	20	0.6224432613699353	0.8223525780645176	-8.384532615515964	0.0	0.0002	0.0	1.0089144863457769	2.0123963615873777	0.08494194173244463	0.0	0.0	0.0	0			0					False	False	1.008038084891096	2.011174251948704			False	False
201	20	0	20	0.6224432613699353	0.8223525780645176	-8.384532615515964	0.0	0.0002	0.0	1.0089144863457769	2.0123963615873777	0.08494194173244463	0.0	0.0	0.0	0			0					False	False	1.008038084891096	2.011174251948704			False	False
202	43	0	43	0.4702518254524213	0.8223525780645176	-8.716971075419954	0.0	0.00043	0.0	-0.0764770048848682	0.948370699138879	0.08494194173244463	0.0	0.0	0.0	0			0					False	False	-0.07768532909646986	0.947576727100368			False	False
203	16	0	16	0.6596483621232303	0.8223525780645176	-8.287622602513336	0.0	0.00016	0.0	1.3220723716054064	2.5002500250024986	0.08494194173244463	0.0	0.0	0.0	0			0					False	False	1.3212536880530035	2.4988316151202756			False	False
204	27	0	27	0.5672364935916616	0.8223525780645176	-8.51486638400534	0.0	0.00027	0.0	0.5851067774392007	1.5001500150014997	0.08494194173244463	0.0	0.0	0.0	0			0					False	False	0.5841293640988834	1.4991340206185566			False	False
205	24	0	24	0.5896125079673484	0.8223525780645176	-8.463713861559969	0.0	0.00024	0.0	0.7517566468486514	1.683841853573111	0.08494194173244463	0.0	0.0	0.0	0			0					False	False	0.7508225251824836	1.6827519461392808			False	False
206	12	0	12	0.7029147451535467	0.8223525780645176	-8.162683865914083	0.0	0.00012	0.0	1.7226103011891354	3.3003300330032985	0.08494194173244463	0.0	0.0	0.0	0			0					False	False	1.7218493332299811	3.298589690721652			False	False
207	22	0	22	0.6055549849525776	0.8223525780645176	-8.425925300672214	0.0	0.00022	0.0	0.874613394634185	1.833516685001832	0.08494194173244463	0.0	0.0	0.0	0			0					False	False	0.8737081333624239	1.832366552119129			False	False
208	10	0	10	0.7277235597421565	0.8223525780645176	-8.083502619873697	0.0	0.0001	0.0	1.974149068185099	3.928964325003925	0.08494194173244463	0.0	0.0	0.0	0			0					False	False	1.9734169571567417	3.9269710358370173			False	False
209	54	0	54	0.4183898246786413	0.8223525780645176	-8.815896379661279	0.0	0.00054	0.0	-0.40171783381306625	0.7569564295879125	0.08494194173244463	0.0	0.0	0.0	0			0					False	False	-0.40308493069020557	0.7562394779154454			False	False
210	15	0	15	0.6698076005463545	0.8223525780645176	-8.259593878914902	0.0	0.00015	0.0	1.4122701805769857	2.6615564782284684	0.08494194173244463	0.0	0.0	0.0	0			0					False	False	1.411465926139357	2.6600731626205514			False	False
211	43	0	43	0.4702518254524213	0.8223525780645176	-8.716971075419954	0.0	0.00043	0.0	-0.0764770048848682	0.948370699138879	0.08494194173244463	0.0	0.0	0.0	0			0					False	False	-0.07768532909646986	0.947576727100368			False	False
212	6	0	6	0.7874106580408542	0.8223525780645176	-7.861653870286293	0.0	6e-05	0.0	2.666026772822768	6.346788525006344	0.08494194173244463	0.0	0.0	0.0	0			0					False	False	2.6653523739244616	6.343822363203804			False	False
213	104	0	104	0.2613121142442558	0.8223525780645176	-9.100535959133223	0.0	0.00104	0.0	-1.3408926411170228	0.39477631973723665	0.08494194173244463	0.0	0.0	0.0	0			0					False	False	-1.3429816522323357	0.3942051003798156			False	False
214	6	0	6	0.7874106580408542	0.8223525780645176	-7.861653870286293	0.0	6e-05	0.0	2.666026772822768	6.346788525006344	0.08494194173244463	0.0	0.0	0.0	0			0					False	False	2.6653523739244616	6.343822363203804			False	False
215	28	0	28	0.5601439548826206	0.8223525780645176	-8.530660651187997	0.0	0.00028	0.0	0.5335764767991193	1.4475131723698689	0.08494194173244463	0.0	0.0	0.0	0			0					False	False	0.532584632612064	1.4465183577500456			False	False
216	7	0	7	0.7708347029591975	0.8223525780645176	-7.928600659906566	0.0	7e-05	0.0	2.459575895355341	5.500550055005496	0.08494194173244463	0.0	0.0	0.0	0			0					False	False	2.4588870686409585	5.4979243986254325			False	False
217	64	0	64	0.3783129847153628	0.8223525780645176	-8.88968259382094	0.0	0.00064	0.0	-0.6447607644593933	0.6395988436052907	0.08494194173244463	0.0	0.0	0.0	0			0					False	False	-0.6462722152878051	0.6389291137217293			False	False
218	9	0	9	0.7411827675682712	0.8223525780645176	-8.037745129317846	0.0	9e-05	0.0	2.1185389775202754	4.342539517109606	0.08494194173244463	0.0	0.0	0.0	0			0					False	False	2.1178212947408674	4.340379815518178			False	False
219	14	0	14	0.6803752319012593	0.8223525780645176	-8.229630655539527	0.0	0.00014	0.0	1.5084854958362879	2.8451120974166364	0.08494194173244463	0.0	0.0	0.0	0			0					False	False	1.5076956703691256	2.8435549235691435			False	False
220	7	0	7	0.7708347029591975	0.8223525780645176	-7.928600659906566	0.0	7e-05	0.0	2.459575895355341	5.500550055005496	0.08494194173244463	0.0	0.0	0.0	0			0					False	False	2.4588870686409585	5.4979243986254325			False	False
221	20	0	20	0.6224432613699353	0.8223525780645176	-8.384532615515964	0.0	0.0002	0.0	1.0089144863457769	2.0123963615873777	0.08494194173244463	0.0	0.0	0.0	0			0					False	False	1.008038084891096	2.011174251948704			False	False
222	20	0	20	0.6224432613699353	0.8223525780645176	-8.384532615515964	0.0	0.0002	0.0	1.0089144863457769	2.0123963615873777	0.08494194173244463	0.0	0.0	0.0	0			0					False	False	1.008038084891096	2.011174251948704			False	False
223	21	0	21	0.6138730239787309	0.8223525780645176	-8.405721914584868	0.0	0.00021	0.0	0.9402017362617627	1.918796530815872	0.08494194173244463	0.0	0.0	0.0	0			0					False	False	0.9393109049707054	1.9176120834332286			False	False
224	5	0	5	0.8055453720894763	0.8223525780645176	-7.7824726242531455	0.0	5e-05	0.0	2.9070348723265624	7.5007500750074945	0.08494194173244463	0.0	0.0	0.0	0			0					False	False	2.9063749011000493	7.497319587628865			False	False
225	10	0	10	0.7277235597421565	0.8223525780645176	-8.083502619873697	0.0	0.0001	0.0	1.974149068185099	3.928964325003925	0.08494194173244463	0.0	0.0	0.0	0			0					False	False	1.9734169571567417	3.9269710358370173			False	False
226	8	0	8	0.7554992569419738	0.8223525780645176	-7.986592606876497	0.0	8e-05	0.0	2.2790036497135198	4.853426519122495	0.08494194173244463	0.0	0.0	0.0	0			0					False	False	2.2783003950387712	4.851061249241967			False	False
227	10	0	10	0.7277235597421565	0.8223525780645176	-8.083502619873697	0.0	0.0001	0.0	1.974149068185099	3.928964325003925	0.08494194173244463	0.0	0.0	0.0	0			0					False	False	1.9734169571567417	3.9269710358370173			False	False
228	17	0	17	0.6498613121757284	0.8223525780645176	-8.313951541234088	0.0	0.00017	0.0	1.2371834740188934	2.3573785950023556	0.08494194173244463	0.0	0.0	0.0	0			0					False	False	1.2363503612073998	2.3560176730486013			False	False
229	65	0	65	0.3746109096898726	0.8223525780645176	-8.896415976479805	0.0	0.00065	0.0	-0.6669565105735895	0.6298339757639886	0.08494194173244463	0.0	0.0	0.0	0			0					False	False	-0.6684823975915712	0.6291681750216417			False	False
230	41	0	41	0.4807666291882904	0.8223525780645176	-8.696286476560596	0.0	0.00041	0.0	-0.008572940383064775	0.9940753111455718	0.08494194173244463	0.0	0.0	0.0	0			0					False	False	-0.009752398714507393	0.9932629487020253			False	False
231	27	0	27	0.5672364935916616	0.8223525780645176	-8.51486638400534	0.0	0.00027	0.0	0.5851067774392007	1.5001500150014997	0.08494194173244463	0.0	0.0	0.0	0			0					False	False	0.5841293640988834	1.4991340206185566			False	False
232	44	0	44	0.4651329289035755	0.8223525780645176	-8.726955296326325	0.0	0.00044	0.0	-0.1092669400025379	0.9270589980346343	0.08494194173244463	0.0	0.0	0.0	0			0					False	False	-0.11048969737080583	0.9262736012973479			False	False
233	25	0	25	0.5819605917622697	0.8223525780645176	-8.481442628519677	0.0	0.00025	0.0	0.6940411489923637	1.6178088397074983	0.08494194173244463	0.0	0.0	0.0	0			0					False	False	0.6930925969124875	1.616745502324641			False	False
234	10	0	10	0.7277235597421565	0.8223525780645176	-8.083502619873697	0.0	0.0001	0.0	1.974149068185099	3.928964325003925	0.08494194173244463	0.0	0.0	0.0	0			0					False	False	1.9734169571567417	3.9269710358370173			False	False
235	22	0	22	0.6055549849525776	0.8223525780645176	-8.425925300672214	0.0	0.00022	0.0	0.874613394634185	1.833516685001832	0.08494194173244463	0.0	0.0	0.0	0			0					False	False	0.8737081333624239	1.832366552119129			False	False
236	115	0	115	0.2374944908741261	0.8223525780645176	-9.144200460187657	0.0	0.00115	0.0	-1.4852825504521974	0.35717857500035705	0.08494194173244463	0.0	0.0	0.0	0			0					False	False	-1.4875304311900575	0.35662248404516445			False	False
237	23	0	23	0.5974729694709866	0.8223525780645176	-8.445230455866742	0.0	0.00023	0.0	0.811877639286223	1.7554946984060102	0.08494194173244463	0.0	0.0	0.0	0			0					False	False	0.8109579478894258	1.7543759596402728			False	False
238	9	0	9	0.7411827675682712	0.8223525780645176	-8.037745129317846	0.0	9e-05	0.0	2.1185389775202754	4.342539517109606	0.08494194173244463	0.0	0.0	0.0	0			0					False	False	2.1178212947408674	4.340379815518178			False	False
239	9	0	9	0.7411827675682712	0.8223525780645176	-8.037745129317846	0.0	9e-05	0.0	2.1185389775202754	4.342539517109606	0.08494194173244463	0.0	0.0	0.0	0			0					False	False	2.1178212947408674	4.340379815518178			False	False
240	9	0	9	0.7411827675682712	0.8223525780645176	-8.037745129317846	0.0	9e-05	0.0	2.1185389775202754	4.342539517109606	0.08494194173244463	0.0	0.0	0.0	0			0					False	False	2.1178212947408674	4.340379815518178			False	False
241	17	0	17	0.6498613121757284	0.8223525780645176	-8.313951541234088	0.0	0.00017	0.0	1.2371834740188934	2.3573785950023556	0.08494194173244463	0.0	0.0	0.0	0			0					False	False	1.2363503612073998	2.3560176730486013			False	False
242	8	0	8	0.7554992569419738	0.8223525780645176	-7.986592606876497	0.0	8e-05	0.0	2.2790036497135198	4.853426519122495	0.08494194173244463	0.0	0.0	0.0	0			0					False	False	2.2783003950387712	4.851061249241967			False	False
243	8	0	8	0.7554992569419738	0.8223525780645176	-7.986592606876497	0.0	8e-05	0.0	2.2790036497135198	4.853426519122495	0.08494194173244463	0.0	0.0	0.0	0			0					False	False	2.2783003950387712	4.851061249241967			False	False
244	14	0	14	0.6803752319012593	0.8223525780645176	-8.229630655539527	0.0	0.00014	0.0	1.5084854958362879	2.8451120974166364	0.08494194173244463	0.0	0.0	0.0	0			0					False	False	1.5076956703691256	2.8435549235691435			False	False
245	9	1	8	0.0037292398066857	0.0912331881278469	1.0134073935577967	0.0008250825082508251	8e-05	0.1111111111111111	3.863966150434676	14.560279557367483	1.0398471485261083	0.6931471805599453	2.678297242952861	2.78501975098987	0			7	44.92243576049805	44.92243576049805			False	False	3.8644532382704337	14.565196280740949			False	False
246	12	0	12	0.7029147451535467	0.8223525780645176	-8.162683865914083	0.0	0.00012	0.0	1.7226103011891354	3.3003300330032985	0.08494194173244463	0.0	0.0	0.0	0			0					False	False	1.7218493332299811	3.298589690721652			False	False
247	52	0	52	0.4271470871347791	0.8223525780645176	-8.799505963473418	0.0	0.00052	0.0	-0.3477790267022627	0.7857928650007853	0.08494194173244463	0.0	0.0	0.0	0			0					False	False	-0.3491172545223282	0.785064310260187			False	False
248	37	0	37	0.5029977004245225	0.8223525780645176	-8.651704343909	0.0	0.00037	0.0	0.1376478004679793	1.1001100110010997	0.08494194173244463	0.0	0.0	0.0	0			0					False	False	0.13652607216423895	1.099254982817869			False	False
249	7	0	7	0.7708347029591975	0.8223525780645176	-7.928600659906566	0.0	7e-05	0.0	2.459575895355341	5.500550055005496	0.08494194173244463	0.0	0.0	0.0	0			0					False	False	2.4588870686409585	5.4979243986254325			False	False
250	5	0	5	0.8055453720894763	0.8223525780645176	-7.7824726242531455	0.0	5e-05	0.0	2.9070348723265624	7.5007500750074945	0.08494194173244463	0.0	0.0	0.0	0			0					False	False	2.9063749011000493	7.497319587628865			False	False
251	70	0	70	0.3568370057280881	0.8223525780645176	-8.928600659850728	0.0	0.0007	0.0	-0.773084861434933	0.5851648994686701	0.08494194173244463	0.0	0.0	0.0	0			0					False	False	-0.7746829315676607	0.5845170724574104			False	False
252	16	0	16	0.6596483621232303	0.8223525780645176	-8.287622602513336	0.0	0.00016	0.0	1.3220723716054064	2.5002500250024986	0.08494194173244463	0.0	0.0	0.0	0			0					False	False	1.3212536880530035	2.4988316151202756			False	False
253	8	0	8	0.7554992569419738	0.8223525780645176	-7.986592606876497	0.0	8e-05	0.0	2.2790036497135198	4.853426519122495	0.08494194173244463	0.0	0.0	0.0	0			0					False	False	2.2783003950387712	4.851061249241967			False	False
254	42	0	42	0.4754620265867852	0.8223525780645176	-8.706751910238507	0.0	0.00042	0.0	-0.042924445173841974	0.9706853038244994	0.08494194173244463	0.0	0.0	0.0	0			0					False	False	-0.04411833637317031	0.9698823529411764			False	False
255	31	0	31	0.5398399388921535	0.8223525780645176	-8.57486431367855	0.0	0.00031	0.0	0.389186567463943	1.3096547750013083	0.08494194173244463	0.0	0.0	0.0	0			0					False	False	0.3881514298705717	1.3087154311896585			False	False
256	31	0	31	0.5398399388921535	0.8223525780645176	-8.57486431367855	0.0	0.00031	0.0	0.389186567463943	1.3096547750013083	0.08494194173244463	0.0	0.0	0.0	0			0					False	False	0.3881514298705717	1.3087154311896585			False	False
257	5	0	5	0.8055453720894763	0.8223525780645176	-7.7824726242531455	0.0	5e-05	0.0	2.9070348723265624	7.5007500750074945	0.08494194173244463	0.0	0.0	0.0	0			0					False	False	2.9063749011000493	7.497319587628865			False	False
258	36	0	36	0.508827719114626	0.8223525780645176	-8.63980512060962	0.0	0.00036	0.0	0.17664193208384305	1.1302500113024996	0.08494194173244463	0.0	0.0	0.0	0			0					False	False	0.1755346359260841	1.1293828555288796			False	False
259	38	0	38	0.497280638808997	0.8223525780645176	-8.663286216458506	0.0	0.00038	0.0	0.0996799502689587	1.071535725001071	0.08494194173244463	0.0	0.0	0.0	0			0					False	False	0.09854378967486355	1.0706921944035352			False	False
260	32	0	32	0.5333714838708665	0.8223525780645176	-8.588652598163746	0.0	0.00032	0.0	0.34409867793540627	1.2693577050012694	0.08494194173244463	0.0	0.0	0.0	0			0					False	False	0.3430491089178833	1.2684345757335453			False	False
261	12	0	12	0.7029147451535467	0.8223525780645176	-8.162683865914083	0.0	0.00012	0.0	1.7226103011891354	3.3003300330032985	0.08494194173244463	0.0	0.0	0.0	0			0					False	False	1.7218493332299811	3.298589690721652			False	False
262	8	0	8	0.7554992569419738	0.8223525780645176	-7.986592606876497	0.0	8e-05	0.0	2.2790036497135198	4.853426519122495	0.08494194173244463	0.0	0.0	0.0	0			0					False	False	2.2783003950387712	4.851061249241967			False	False
263	29	1	28	0.2567044223522705	0.8223525780645176	0.4693393492462973	0.0008250825082508251	0.00028	0.034482758620689655	2.1185389775202754	4.342539517109606	0.08494194173244463	0.6931471805599453	1.4684593191745283	0.12473378592578808	0			7	39.45298767089844	39.45298767089844			False	False	2.1187374758437265	4.343137041944525			False	False
264	8	0	8	0.7554992569419738	0.8223525780645176	-7.986592606876497	0.0	8e-05	0.0	2.2790036497135198	4.853426519122495	0.08494194173244463	0.0	0.0	0.0	0			0					False	False	2.2783003950387712	4.851061249241967			False	False
265	5	0	5	0.8055453720894763	0.8223525780645176	-7.7824726242531455	0.0	5e-05	0.0	2.9070348723265624	7.5007500750074945	0.08494194173244463	0.0	0.0	0.0	0			0					False	False	2.9063749011000493	7.497319587628865			False	False
266	24	0	24	0.5896125079673484	0.8223525780645176	-8.463713861559969	0.0	0.00024	0.0	0.7517566468486514	1.683841853573111	0.08494194173244463	0.0	0.0	0.0	0			0					False	False	0.7508225251824836	1.6827519461392808			False	False
267	43	0	43	0.4702518254524213	0.8223525780645176	-8.716971075419954	0.0	0.00043	0.0	-0.0764770048848682	0.948370699138879	0.08494194173244463	0.0	0.0	0.0	0			0					False	False	-0.07768532909646986	0.947576727100368			False	False
268	27	0	27	0.5672364935916616	0.8223525780645176	-8.51486638400534	0.0	0.00027	0.0	0.5851067774392007	1.5001500150014997	0.08494194173244463	0.0	0.0	0.0	0			0					False	False	0.5841293640988834	1.4991340206185566			False	False
269	11	0	11	0.7149993041487601	0.8223525780645176	-8.124895305027973	0.0	0.00011	0.0	1.8429045349068467	3.5873152532644537	0.08494194173244463	0.0	0.0	0.0	0			0					False	False	1.8421579954852394	3.585459435230837			False	False
270	32	0	32	0.5333714838708665	0.8223525780645176	-8.588652598163746	0.0	0.00032	0.0	0.34409867793540627	1.2693577050012694	0.08494194173244463	0.0	0.0	0.0	0			0					False	False	0.3430491089178833	1.2684345757335453			False	False
271	23	0	23	0.5974729694709866	0.8223525780645176	-8.445230455866742	0.0	0.00023	0.0	0.811877639286223	1.7554946984060102	0.08494194173244463	0.0	0.0	0.0	0			0					False	False	0.8109579478894258	1.7543759596402728			False	False
272	15	0	15	0.6698076005463545	0.8223525780645176	-8.259593878914902	0.0	0.00015	0.0	1.4122701805769857	2.6615564782284684	0.08494194173244463	0.0	0.0	0.0	0			0					False	False	1.411465926139357	2.6600731626205514			False	False
273	16	0	16	0.6596483621232303	0.8223525780645176	-8.287622602513336	0.0	0.00016	0.0	1.3220723716054064	2.5002500250024986	0.08494194173244463	0.0	0.0	0.0	0			0					False	False	1.3212536880530035	2.4988316151202756			False	False
274	12	0	12	0.7029147451535467	0.8223525780645176	-8.162683865914083	0.0	0.00012	0.0	1.7226103011891354	3.3003300330032985	0.08494194173244463	0.0	0.0	0.0	0			0					False	False	1.7218493332299811	3.298589690721652			False	False
275	26	0	26	0.5745054721125877	0.8223525780645176	-8.49847596781779	0.0	0.00026	0.0	0.6385460364006619	1.556759449529859	0.08494194173244463	0.0	0.0	0.0	0			0					False	False	0.6375830537627358	1.5557206769111072			False	False
276	12	0	12	0.7029147451535467	0.8223525780645176	-8.162683865914083	0.0	0.00012	0.0	1.7226103011891354	3.3003300330032985	0.08494194173244463	0.0	0.0	0.0	0			0					False	False	1.7218493332299811	3.298589690721652			False	False
277	5	0	5	0.8055453720894763	0.8223525780645176	-7.7824726242531455	0.0	5e-05	0.0	2.9070348723265624	7.5007500750074945	0.08494194173244463	0.0	0.0	0.0	0			0					False	False	2.9063749011000493	7.497319587628865			False	False
278	17	0	17	0.6498613121757284	0.8223525780645176	-8.313951541234088	0.0	0.00017	0.0	1.2371834740188934	2.3573785950023556	0.08494194173244463	0.0	0.0	0.0	0			0					False	False	1.2363503612073998	2.3560176730486013			False	False
279	17	0	17	0.6498613121757284	0.8223525780645176	-8.313951541234088	0.0	0.00017	0.0	1.2371834740188934	2.3573785950023556	0.08494194173244463	0.0	0.0	0.0	0			0					False	False	1.2363503612073998	2.3560176730486013			False	False
280	10	0	10	0.7277235597421565	0.8223525780645176	-8.083502619873697	0.0	0.0001	0.0	1.974149068185099	3.928964325003925	0.08494194173244463	0.0	0.0	0.0	0			0					False	False	1.9734169571567417	3.9269710358370173			False	False
281	9	0	9	0.7411827675682712	0.8223525780645176	-8.037745129317846	0.0	9e-05	0.0	2.1185389775202754	4.342539517109606	0.08494194173244463	0.0	0.0	0.0	0			0					False	False	2.1178212947408674	4.340379815518178			False	False
282	31	0	31	0.5398399388921535	0.8223525780645176	-8.57486431367855	0.0	0.00031	0.0	0.389186567463943	1.3096547750013083	0.08494194173244463	0.0	0.0	0.0	0			0					False	False	0.3881514298705717	1.3087154311896585			False	False
283	5	0	5	0.8055453720894763	0.8223525780645176	-7.7824726242531455	0.0	5e-05	0.0	2.9070348723265624	7.5007500750074945	0.08494194173244463	0.0	0.0	0.0	0			0					False	False	2.9063749011000493	7.497319587628865			False	False
284	57	0	57	0.4057449714562202	0.8223525780645176	-8.839377475510378	0.0	0.00057	0.0	-0.47902355998051505	0.7174630506528911	0.08494194173244463	0.0	0.0	0.0	0			0					False	False	-0.4804339615264528	0.7167619901389513			False	False
285	10	0	10	0.7277235597421565	0.8223525780645176	-8.083502619873697	0.0	0.0001	0.0	1.974149068185099	3.928964325003925	0.08494194173244463	0.0	0.0	0.0	0			0					False	False	1.9734169571567417	3.9269710358370173			False	False
286	22	0	22	0.6055549849525776	0.8223525780645176	-8.425925300672214	0.0	0.00022	0.0	0.874613394634185	1.833516685001832	0.08494194173244463	0.0	0.0	0.0	0			0					False	False	0.8737081333624239	1.832366552119129			False	False
287	30	0	30	0.5464534773954048	0.8223525780645176	-8.560623874564406	0.0	0.0003	0.0	0.43572915340097396	1.352594275821024	0.08494194173244463	0.0	0.0	0.0	0			0					False	False	0.4347084470873952	1.3516376542166646			False	False
288	6	0	6	0.7874106580408542	0.8223525780645176	-7.861653870286293	0.0	6e-05	0.0	2.666026772822768	6.346788525006344	0.08494194173244463	0.0	0.0	0.0	0			0					False	False	2.6653523739244616	6.343822363203804			False	False
289	6	0	6	0.7874106580408542	0.8223525780645176	-7.861653870286293	0.0	6e-05	0.0	2.666026772822768	6.346788525006344	0.08494194173244463	0.0	0.0	0.0	0			0					False	False	2.6653523739244616	6.343822363203804			False	False
290	11	0	11	0.7149993041487601	0.8223525780645176	-8.124895305027973	0.0	0.00011	0.0	1.8429045349068467	3.5873152532644537	0.08494194173244463	0.0	0.0	0.0	0			0					False	False	1.8421579954852394	3.585459435230837			False	False
291	5	0	5	0.8055453720894763	0.8223525780645176	-7.7824726242531455	0.0	5e-05	0.0	2.9070348723265624	7.5007500750074945	0.08494194173244463	0.0	0.0	0.0	0			0					False	False	2.9063749011000493	7.497319587628865			False	False
292	14	0	14	0.6803752319012593	0.8223525780645176	-8.229630655539527	0.0	0.00014	0.0	1.5084854958362879	2.8451120974166364	0.08494194173244463	0.0	0.0	0.0	0			0					False	False	1.5076956703691256	2.8435549235691435			False	False
293	12	0	12	0.7029147451535467	0.8223525780645176	-8.162683865914083	0.0	0.00012	0.0	1.7226103011891354	3.3003300330032985	0.08494194173244463	0.0	0.0	0.0	0			0					False	False	1.7218493332299811	3.298589690721652			False	False
294	7	0	7	0.7708347029591975	0.8223525780645176	-7.928600659906566	0.0	7e-05	0.0	2.459575895355341	5.500550055005496	0.08494194173244463	0.0	0.0	0.0	0			0					False	False	2.4588870686409585	5.4979243986254325			False	False
295	6	0	6	0.7874106580408542	0.8223525780645176	-7.861653870286293	0.0	6e-05	0.0	2.666026772822768	6.346788525006344	0.08494194173244463	0.0	0.0	0.0	0			0					False	False	2.6653523739244616	6.343822363203804			False	False
296	18	0	18	0.6404154276825784	0.8223525780645176	-8.338775124957701	0.0	0.00018	0.0	1.1570131253349096	2.229952725002228	0.08494194173244463	0.0	0.0	0.0	0			0					False	False	1.1561655831200088	2.2286430760657567			False	False
297	18	0	18	0.6404154276825784	0.8223525780645176	-8.338775124957701	0.0	0.00018	0.0	1.1570131253349096	2.229952725002228	0.08494194173244463	0.0	0.0	0.0	0			0					False	False	1.1561655831200088	2.2286430760657567			False	False
298	7	0	7	0.7708347029591975	0.8223525780645176	-7.928600659906566	0.0	7e-05	0.0	2.459575895355341	5.500550055005496	0.08494194173244463	0.0	0.0	0.0	0			0					False	False	2.4588870686409585	5.4979243986254325			False	False
299	18	0	18	0.6404154276825784	0.8223525780645176	-8.338775124957701	0.0	0.00018	0.0	1.1570131253349096	2.229952725002228	0.08494194173244463	0.0	0.0	0.0	0			0					False	False	1.1561655831200088	2.2286430760657567			False	False
300	28	0	28	0.5601439548826206	0.8223525780645176	-8.530660651187997	0.0	0.00028	0.0	0.5335764767991193	1.4475131723698689	0.08494194173244463	0.0	0.0	0.0	0			0					False	False	0.532584632612064	1.4465183577500456			False	False
301	5	0	5	0.8055453720894763	0.8223525780645176	-7.7824726242531455	0.0	5e-05	0.0	2.9070348723265624	7.5007500750074945	0.08494194173244463	0.0	0.0	0.0	0			0					False	False	2.9063749011000493	7.497319587628865			False	False
302	9	0	9	0.7411827675682712	0.8223525780645176	-8.037745129317846	0.0	9e-05	0.0	2.1185389775202754	4.342539517109606	0.08494194173244463	0.0	0.0	0.0	0			0					False	False	2.1178212947408674	4.340379815518178			False	False
303	15	0	15	0.6698076005463545	0.8223525780645176	-8.259593878914902	0.0	0.00015	0.0	1.4122701805769857	2.6615564782284684	0.08494194173244463	0.0	0.0	0.0	0			0					False	False	1.411465926139357	2.6600731626205514			False	False
304	16	0	16	0.6596483621232303	0.8223525780645176	-8.287622602513336	0.0	0.00016	0.0	1.3220723716054064	2.5002500250024986	0.08494194173244463	0.0	0.0	0.0	0			0					False	False	1.3212536880530035	2.4988316151202756			False	False
305	12	0	12	0.7029147451535467	0.8223525780645176	-8.162683865914083	0.0	0.00012	0.0	1.7226103011891354	3.3003300330032985	0.08494194173244463	0.0	0.0	0.0	0			0					False	False	1.7218493332299811	3.298589690721652			False	False
306	21	0	21	0.6138730239787309	0.8223525780645176	-8.405721914584868	0.0	0.00021	0.0	0.9402017362617627	1.918796530815872	0.08494194173244463	0.0	0.0	0.0	0			0					False	False	0.9393109049707054	1.9176120834332286			False	False
307	42	0	42	0.4754620265867852	0.8223525780645176	-8.706751910238507	0.0	0.00042	0.0	-0.042924445173841974	0.9706853038244994	0.08494194173244463	0.0	0.0	0.0	0			0					False	False	-0.04411833637317031	0.9698823529411764			False	False
308	10	0	10	0.7277235597421565	0.8223525780645176	-8.083502619873697	0.0	0.0001	0.0	1.974149068185099	3.928964325003925	0.08494194173244463	0.0	0.0	0.0	0			0					False	False	1.9734169571567417	3.9269710358370173			False	False
309	16	0	16	0.6596483621232303	0.8223525780645176	-8.287622602513336	0.0	0.00016	0.0	1.3220723716054064	2.5002500250024986	0.08494194173244463	0.0	0.0	0.0	0			0					False	False	1.3212536880530035	2.4988316151202756			False	False
310	14	0	14	0.6803752319012593	0.8223525780645176	-8.229630655539527	0.0	0.00014	0.0	1.5084854958362879	2.8451120974166364	0.08494194173244463	0.0	0.0	0.0	0			0					False	False	1.5076956703691256	2.8435549235691435			False	False
311	21	0	21	0.6138730239787309	0.8223525780645176	-8.405721914584868	0.0	0.00021	0.0	0.9402017362617627	1.918796530815872	0.08494194173244463	0.0	0.0	0.0	0			0					False	False	0.9393109049707054	1.9176120834332286			False	False
312	21	0	21	0.6138730239787309	0.8223525780645176	-8.405721914584868	0.0	0.00021	0.0	0.9402017362617627	1.918796530815872	0.08494194173244463	0.0	0.0	0.0	0			0					False	False	0.9393109049707054	1.9176120834332286			False	False
313	18	0	18	0.6404154276825784	0.8223525780645176	-8.338775124957701	0.0	0.00018	0.0	1.1570131253349096	2.229952725002228	0.08494194173244463	0.0	0.0	0.0	0			0					False	False	1.1561655831200088	2.2286430760657567			False	False
314	10	0	10	0.7277235597421565	0.8223525780645176	-8.083502619873697	0.0	0.0001	0.0	1.974149068185099	3.928964325003925	0.08494194173244463	0.0	0.0	0.0	0			0					False	False	1.9734169571567417	3.9269710358370173			False	False
315	7	0	7	0.7708347029591975	0.8223525780645176	-7.928600659906566	0.0	7e-05	0.0	2.459575895355341	5.500550055005496	0.08494194173244463	0.0	0.0	0.0	0			0					False	False	2.4588870686409585	5.4979243986254325			False	False
316	20	0	20	0.6224432613699353	0.8223525780645176	-8.384532615515964	0.0	0.0002	0.0	1.0089144863457769	2.0123963615873777	0.08494194173244463	0.0	0.0	0.0	0			0					False	False	1.008038084891096	2.011174251948704			False	False
317	5	0	5	0.8055453720894763	0.8223525780645176	-7.7824726242531455	0.0	5e-05	0.0	2.9070348723265624	7.5007500750074945	0.08494194173244463	0.0	0.0	0.0	0			0					False	False	2.9063749011000493	7.497319587628865			False	False
318	17	0	17	0.6498613121757284	0.8223525780645176	-8.313951541234088	0.0	0.00017	0.0	1.2371834740188934	2.3573785950023556	0.08494194173244463	0.0	0.0	0.0	0			0					False	False	1.2363503612073998	2.3560176730486013			False	False
319	5	0	5	0.8055453720894763	0.8223525780645176	-7.7824726242531455	0.0	5e-05	0.0	2.9070348723265624	7.5007500750074945	0.08494194173244463	0.0	0.0	0.0	0			0					False	False	2.9063749011000493	7.497319587628865			False	False
320	11	0	11	0.7149993041487601	0.8223525780645176	-8.124895305027973	0.0	0.00011	0.0	1.8429045349068467	3.5873152532644537	0.08494194173244463	0.0	0.0	0.0	0			0					False	False	1.8421579954852394	3.585459435230837			False	False
321	10	0	10	0.7277235597421565	0.8223525780645176	-8.083502619873697	0.0	0.0001	0.0	1.974149068185099	3.928964325003925	0.08494194173244463	0.0	0.0	0.0	0			0					False	False	1.9734169571567417	3.9269710358370173			False	False
322	7	0	7	0.7708347029591975	0.8223525780645176	-7.928600659906566	0.0	7e-05	0.0	2.459575895355341	5.500550055005496	0.08494194173244463	0.0	0.0	0.0	0			0					False	False	2.4588870686409585	5.4979243986254325			False	False
323	12	0	12	0.7029147451535467	0.8223525780645176	-8.162683865914083	0.0	0.00012	0.0	1.7226103011891354	3.3003300330032985	0.08494194173244463	0.0	0.0	0.0	0			0					False	False	1.7218493332299811	3.298589690721652			False	False
324	20	0	20	0.6224432613699353	0.8223525780645176	-8.384532615515964	0.0	0.0002	0.0	1.0089144863457769	2.0123963615873777	0.08494194173244463	0.0	0.0	0.0	0			0					False	False	1.008038084891096	2.011174251948704			False	False
325	15	0	15	0.6698076005463545	0.8223525780645176	-8.259593878914902	0.0	0.00015	0.0	1.4122701805769857	2.6615564782284684	0.08494194173244463	0.0	0.0	0.0	0			0					False	False	1.411465926139357	2.6600731626205514			False	False
326	7	0	7	0.7708347029591975	0.8223525780645176	-7.928600659906566	0.0	7e-05	0.0	2.459575895355341	5.500550055005496	0.08494194173244463	0.0	0.0	0.0	0			0					False	False	2.4588870686409585	5.4979243986254325			False	False
327	44	0	44	0.4651329289035755	0.8223525780645176	-8.726955296326325	0.0	0.00044	0.0	-0.1092669400025379	0.9270589980346343	0.08494194173244463	0.0	0.0	0.0	0			0					False	False	-0.11048969737080583	0.9262736012973479			False	False
328	7	0	7	0.7708347029591975	0.8223525780645176	-7.928600659906566	0.0	7e-05	0.0	2.459575895355341	5.500550055005496	0.08494194173244463	0.0	0.0	0.0	0			0					False	False	2.4588870686409585	5.4979243986254325			False	False
329	23	0	23	0.5974729694709866	0.8223525780645176	-8.445230455866742	0.0	0.00023	0.0	0.811877639286223	1.7554946984060102	0.08494194173244463	0.0	0.0	0.0	0			0					False	False	0.8109579478894258	1.7543759596402728			False	False
330	11	0	11	0.7149993041487601	0.8223525780645176	-8.124895305027973	0.0	0.00011	0.0	1.8429045349068467	3.5873152532644537	0.08494194173244463	0.0	0.0	0.0	0			0					False	False	1.8421579954852394	3.585459435230837			False	False
331	11	0	11	0.7149993041487601	0.8223525780645176	-8.124895305027973	0.0	0.00011	0.0	1.8429045349068467	3.5873152532644537	0.08494194173244463	0.0	0.0	0.0	0			0					False	False	1.8421579954852394	3.585459435230837			False	False
332	15	0	15	0.6698076005463545	0.8223525780645176	-8.259593878914902	0.0	0.00015	0.0	1.4122701805769857	2.6615564782284684	0.08494194173244463	0.0	0.0	0.0	0			0					False	False	1.411465926139357	2.6600731626205514			False	False
333	10	0	10	0.7277235597421565	0.8223525780645176	-8.083502619873697	0.0	0.0001	0.0	1.974149068185099	3.928964325003925	0.08494194173244463	0.0	0.0	0.0	0			0					False	False	1.9734169571567417	3.9269710358370173			False	False
334	7	0	7	0.7708347029591975	0.8223525780645176	-7.928600659906566	0.0	7e-05	0.0	2.459575895355341	5.500550055005496	0.08494194173244463	0.0	0.0	0.0	0			0					False	False	2.4588870686409585	5.4979243986254325			False	False
335	6	0	6	0.7874106580408542	0.8223525780645176	-7.861653870286293	0.0	6e-05	0.0	2.666026772822768	6.346788525006344	0.08494194173244463	0.0	0.0	0.0	0			0					False	False	2.6653523739244616	6.343822363203804			False	False
336	21	0	21	0.6138730239787309	0.8223525780645176	-8.405721914584868	0.0	0.00021	0.0	0.9402017362617627	1.918796530815872	0.08494194173244463	0.0	0.0	0.0	0			0					False	False	0.9393109049707054	1.9176120834332286			False	False
337	14	0	14	0.6803752319012593	0.8223525780645176	-8.229630655539527	0.0	0.00014	0.0	1.5084854958362879	2.8451120974166364	0.08494194173244463	0.0	0.0	0.0	0			0					False	False	1.5076956703691256	2.8435549235691435			False	False
338	5	0	5	0.8055453720894763	0.8223525780645176	-7.7824726242531455	0.0	5e-05	0.0	2.9070348723265624	7.5007500750074945	0.08494194173244463	0.0	0.0	0.0	0			0					False	False	2.9063749011000493	7.497319587628865			False	False
339	76	0	76	0.3369974032750313	0.8223525780645176	-8.964316212116772	0.0	0.00076	0.0	-0.8909213517287924	0.5392696132358329	0.08494194173244463	0.0	0.0	0.0	0			0					False	False	-0.8926060463667653	0.5386402533521998			False	False
340	21	0	21	0.6138730239787309	0.8223525780645176	-8.405721914584868	0.0	0.00021	0.0	0.9402017362617627	1.918796530815872	0.08494194173244463	0.0	0.0	0.0	0			0					False	False	0.9393109049707054	1.9176120834332286			False	False
341	14	0	14	0.6803752319012593	0.8223525780645176	-8.229630655539527	0.0	0.00014	0.0	1.5084854958362879	2.8451120974166364	0.08494194173244463	0.0	0.0	0.0	0			0					False	False	1.5076956703691256	2.8435549235691435			False	False
342	6	0	6	0.7874106580408542	0.8223525780645176	-7.861653870286293	0.0	6e-05	0.0	2.666026772822768	6.346788525006344	0.08494194173244463	0.0	0.0	0.0	0			0					False	False	2.6653523739244616	6.343822363203804			False	False
343	14	0	14	0.6803752319012593	0.8223525780645176	-8.229630655539527	0.0	0.00014	0.0	1.5084854958362879	2.8451120974166364	0.08494194173244463	0.0	0.0	0.0	0			0					False	False	1.5076956703691256	2.8435549235691435			False	False
344	18	0	18	0.6404154276825784	0.8223525780645176	-8.338775124957701	0.0	0.00018	0.0	1.1570131253349096	2.229952725002228	0.08494194173244463	0.0	0.0	0.0	0			0					False	False	1.1561655831200088	2.2286430760657567			False	False
345	23	0	23	0.5974729694709866	0.8223525780645176	-8.445230455866742	0.0	0.00023	0.0	0.811877639286223	1.7554946984060102	0.08494194173244463	0.0	0.0	0.0	0			0					False	False	0.8109579478894258	1.7543759596402728			False	False
346	13	0	13	0.6913939559073978	0.8223525780645176	-8.197445972170511	0.0	0.00013	0.0	1.6115789888003924	3.055861141669723	0.08494194173244463	0.0	0.0	0.0	0			0					False	False	1.6108035921593853	3.054219167621229			False	False
347	9	0	9	0.7411827675682712	0.8223525780645176	-8.037745129317846	0.0	9e-05	0.0	2.1185389775202754	4.342539517109606	0.08494194173244463	0.0	0.0	0.0	0			0					False	False	2.1178212947408674	4.340379815518178			False	False
348	7	0	7	0.7708347029591975	0.8223525780645176	-7.928600659906566	0.0	7e-05	0.0	2.459575895355341	5.500550055005496	0.08494194173244463	0.0	0.0	0.0	0			0					False	False	2.4588870686409585	5.4979243986254325			False	False
349	20	0	20	0.6224432613699353	0.8223525780645176	-8.384532615515964	0.0	0.0002	0.0	1.0089144863457769	2.0123963615873777	0.08494194173244463	0.0	0.0	0.0	0			0					False	False	1.008038084891096	2.011174251948704			False	False
350	9	0	9	0.7411827675682712	0.8223525780645176	-8.037745129317846	0.0	9e-05	0.0	2.1185389775202754	4.342539517109606	0.08494194173244463	0.0	0.0	0.0	0			0					False	False	2.1178212947408674	4.340379815518178			False	False
351	18	0	18	0.6404154276825784	0.8223525780645176	-8.338775124957701	0.0	0.00018	0.0	1.1570131253349096	2.229952725002228	0.08494194173244463	0.0	0.0	0.0	0			0					False	False	1.1561655831200088	2.2286430760657567			False	False
352	9	0	9	0.7411827675682712	0.8223525780645176	-8.037745129317846	0.0	9e-05	0.0	2.1185389775202754	4.342539517109606	0.08494194173244463	0.0	0.0	0.0	0			0					False	False	2.1178212947408674	4.340379815518178			False	False
353	9	0	9	0.7411827675682712	0.8223525780645176	-8.037745129317846	0.0	9e-05	0.0	2.1185389775202754	4.342539517109606	0.08494194173244463	0.0	0.0	0.0	0			0					False	False	2.1178212947408674	4.340379815518178			False	False
354	13	0	13	0.6913939559073978	0.8223525780645176	-8.197445972170511	0.0	0.00013	0.0	1.6115789888003924	3.055861141669723	0.08494194173244463	0.0	0.0	0.0	0			0					False	False	1.6108035921593853	3.054219167621229			False	False
355	10	0	10	0.7277235597421565	0.8223525780645176	-8.083502619873697	0.0	0.0001	0.0	1.974149068185099	3.928964325003925	0.08494194173244463	0.0	0.0	0.0	0			0					False	False	1.9734169571567417	3.9269710358370173			False	False
356	5	0	5	0.8055453720894763	0.8223525780645176	-7.7824726242531455	0.0	5e-05	0.0	2.9070348723265624	7.5007500750074945	0.08494194173244463	0.0	0.0	0.0	0			0					False	False	2.9063749011000493	7.497319587628865			False	False
357	10	0	10	0.7277235597421565	0.8223525780645176	-8.083502619873697	0.0	0.0001	0.0	1.974149068185099	3.928964325003925	0.08494194173244463	0.0	0.0	0.0	0			0					False	False	1.9734169571567417	3.9269710358370173			False	False
358	26	0	26	0.5745054721125877	0.8223525780645176	-8.49847596781779	0.0	0.00026	0.0	0.6385460364006619	1.556759449529859	0.08494194173244463	0.0	0.0	0.0	0			0					False	False	0.6375830537627358	1.5557206769111072			False	False
359	6	0	6	0.7874106580408542	0.8223525780645176	-7.861653870286293	0.0	6e-05	0.0	2.666026772822768	6.346788525006344	0.08494194173244463	0.0	0.0	0.0	0			0					False	False	2.6653523739244616	6.343822363203804			False	False
360	7	0	7	0.7708347029591975	0.8223525780645176	-7.928600659906566	0.0	7e-05	0.0	2.459575895355341	5.500550055005496	0.08494194173244463	0.0	0.0	0.0	0			0					False	False	2.4588870686409585	5.4979243986254325			False	False
361	6	0	6	0.7874106580408542	0.8223525780645176	-7.861653870286293	0.0	6e-05	0.0	2.666026772822768	6.346788525006344	0.08494194173244463	0.0	0.0	0.0	0			0					False	False	2.6653523739244616	6.343822363203804			False	False
362	15	0	15	0.6698076005463545	0.8223525780645176	-8.259593878914902	0.0	0.00015	0.0	1.4122701805769857	2.6615564782284684	0.08494194173244463	0.0	0.0	0.0	0			0					False	False	1.411465926139357	2.6600731626205514			False	False
363	5	0	5	0.8055453720894763	0.8223525780645176	-7.7824726242531455	0.0	5e-05	0.0	2.9070348723265624	7.5007500750074945	0.08494194173244463	0.0	0.0	0.0	0			0					False	False	2.9063749011000493	7.497319587628865			False	False
364	10	0	10	0.7277235597421565	0.8223525780645176	-8.083502619873697	0.0	0.0001	0.0	1.974149068185099	3.928964325003925	0.08494194173244463	0.0	0.0	0.0	0			0					False	False	1.9734169571567417	3.9269710358370173			False	False
365	15	0	15	0.6698076005463545	0.8223525780645176	-8.259593878914902	0.0	0.00015	0.0	1.4122701805769857	2.6615564782284684	0.08494194173244463	0.0	0.0	0.0	0			0					False	False	1.411465926139357	2.6600731626205514			False	False
366	40	0	40	0.4861689120103665	0.8223525780645176	-8.685562611169088	0.0	0.0004	0.0	0.026616488079236333	1.0186203805565743	0.08494194173244463	0.0	0.0	0.0	0			0					False	False	0.025451462471290043	1.017798141784396			False	False
367	9	0	9	0.7411827675682712	0.8223525780645176	-8.037745129317846	0.0	9e-05	0.0	2.1185389775202754	4.342539517109606	0.08494194173244463	0.0	0.0	0.0	0			0					False	False	2.1178212947408674	4.340379815518178			False	False
368	16	0	16	0.6596483621232303	0.8223525780645176	-8.287622602513336	0.0	0.00016	0.0	1.3220723716054064	2.5002500250024986	0.08494194173244463	0.0	0.0	0.0	0			0					False	False	1.3212536880530035	2.4988316151202756			False	False
369	24	0	24	0.5896125079673484	0.8223525780645176	-8.463713861559969	0.0	0.00024	0.0	0.7517566468486514	1.683841853573111	0.08494194173244463	0.0	0.0	0.0	0			0					False	False	0.7508225251824836	1.6827519461392808			False	False
370	5	0	5	0.8055453720894763	0.8223525780645176	-7.7824726242531455	0.0	5e-05	0.0	2.9070348723265624	7.5007500750074945	0.08494194173244463	0.0	0.0	0.0	0			0					False	False	2.9063749011000493	7.497319587628865			False	False
371	8	0	8	0.7554992569419738	0.8223525780645176	-7.986592606876497	0.0	8e-05	0.0	2.2790036497135198	4.853426519122495	0.08494194173244463	0.0	0.0	0.0	0			0					False	False	2.2783003950387712	4.851061249241967			False	False
372	11	0	11	0.7149993041487601	0.8223525780645176	-8.124895305027973	0.0	0.00011	0.0	1.8429045349068467	3.5873152532644537	0.08494194173244463	0.0	0.0	0.0	0			0					False	False	1.8421579954852394	3.585459435230837			False	False
373	23	0	23	0.5974729694709866	0.8223525780645176	-8.445230455866742	0.0	0.00023	0.0	0.811877639286223	1.7554946984060102	0.08494194173244463	0.0	0.0	0.0	0			0					False	False	0.8109579478894258	1.7543759596402728			False	False
374	7	0	7	0.7708347029591975	0.8223525780645176	-7.928600659906566	0.0	7e-05	0.0	2.459575895355341	5.500550055005496	0.08494194173244463	0.0	0.0	0.0	0			0					False	False	2.4588870686409585	5.4979243986254325			False	False
375	7	0	7	0.7708347029591975	0.8223525780645176	-7.928600659906566	0.0	7e-05	0.0	2.459575895355341	5.500550055005496	0.08494194173244463	0.0	0.0	0.0	0			0					False	False	2.4588870686409585	5.4979243986254325			False	False
376	7	0	7	0.7708347029591975	0.8223525780645176	-7.928600659906566	0.0	7e-05	0.0	2.459575895355341	5.500550055005496	0.08494194173244463	0.0	0.0	0.0	0			0					False	False	2.4588870686409585	5.4979243986254325			False	False
377	6	0	6	0.7874106580408542	0.8223525780645176	-7.861653870286293	0.0	6e-05	0.0	2.666026772822768	6.346788525006344	0.08494194173244463	0.0	0.0	0.0	0			0					False	False	2.6653523739244616	6.343822363203804			False	False
378	7	0	7	0.7708347029591975	0.8223525780645176	-7.928600659906566	0.0	7e-05	0.0	2.459575895355341	5.500550055005496	0.08494194173244463	0.0	0.0	0.0	0			0					False	False	2.4588870686409585	5.4979243986254325			False	False
379	5	0	5	0.8055453720894763	0.8223525780645176	-7.7824726242531455	0.0	5e-05	0.0	2.9070348723265624	7.5007500750074945	0.08494194173244463	0.0	0.0	0.0	0			0					False	False	2.9063749011000493	7.497319587628865			False	False
380	41	0	41	0.4807666291882904	0.8223525780645176	-8.696286476560596	0.0	0.00041	0.0	-0.008572940383064775	0.9940753111455718	0.08494194173244463	0.0	0.0	0.0	0			0					False	False	-0.009752398714507393	0.9932629487020253			False	False
381	14	0	14	0.6803752319012593	0.8223525780645176	-8.229630655539527	0.0	0.00014	0.0	1.5084854958362879	2.8451120974166364	0.08494194173244463	0.0	0.0	0.0	0			0					False	False	1.5076956703691256	2.8435549235691435			False	False
382	9	0	9	0.7411827675682712	0.8223525780645176	-8.037745129317846	0.0	9e-05	0.0	2.1185389775202754	4.342539517109606	0.08494194173244463	0.0	0.0	0.0	0			0					False	False	2.1178212947408674	4.340379815518178			False	False
383	23	0	23	0.5974729694709866	0.8223525780645176	-8.445230455866742	0.0	0.00023	0.0	0.811877639286223	1.7554946984060102	0.08494194173244463	0.0	0.0	0.0	0			0					False	False	0.8109579478894258	1.7543759596402728			False	False
384	8	0	8	0.7554992569419738	0.8223525780645176	-7.986592606876497	0.0	8e-05	0.0	2.2790036497135198	4.853426519122495	0.08494194173244463	0.0	0.0	0.0	0			0					False	False	2.2783003950387712	4.851061249241967			False	False
385	5	0	5	0.8055453720894763	0.8223525780645176	-7.7824726242531455	0.0	5e-05	0.0	2.9070348723265624	7.5007500750074945	0.08494194173244463	0.0	0.0	0.0	0			0					False	False	2.9063749011000493	7.497319587628865			False	False
386	13	0	13	0.6913939559073978	0.8223525780645176	-8.197445972170511	0.0	0.00013	0.0	1.6115789888003924	3.055861141669723	0.08494194173244463	0.0	0.0	0.0	0			0					False	False	1.6108035921593853	3.054219167621229			False	False
387	10	0	10	0.7277235597421565	0.8223525780645176	-8.083502619873697	0.0	0.0001	0.0	1.974149068185099	3.928964325003925	0.08494194173244463	0.0	0.0	0.0	0			0					False	False	1.9734169571567417	3.9269710358370173			False	False
388	9	0	9	0.7411827675682712	0.8223525780645176	-8.037745129317846	0.0	9e-05	0.0	2.1185389775202754	4.342539517109606	0.08494194173244463	0.0	0.0	0.0	0			0					False	False	2.1178212947408674	4.340379815518178			False	False
389	26	0	26	0.5745054721125877	0.8223525780645176	-8.49847596781779	0.0	0.00026	0.0	0.6385460364006619	1.556759449529859	0.08494194173244463	0.0	0.0	0.0	0			0					False	False	0.6375830537627358	1.5557206769111072			False	False
390	21	0	21	0.6138730239787309	0.8223525780645176	-8.405721914584868	0.0	0.00021	0.0	0.9402017362617627	1.918796530815872	0.08494194173244463	0.0	0.0	0.0	0			0					False	False	0.9393109049707054	1.9176120834332286			False	False
391	21	0	21	0.6138730239787309	0.8223525780645176	-8.405721914584868	0.0	0.00021	0.0	0.9402017362617627	1.918796530815872	0.08494194173244463	0.0	0.0	0.0	0			0					False	False	0.9393109049707054	1.9176120834332286			False	False
392	39	0	39	0.4916723513967809	0.8223525780645176	-8.674567226867902	0.0	0.00039	0.0	0.06268574278675665	1.0444082382921827	0.08494194173244463	0.0	0.0	0.0	0			0					False	False	0.06153514975792618	1.0435756231241025			False	False
393	15	0	15	0.6698076005463545	0.8223525780645176	-8.259593878914902	0.0	0.00015	0.0	1.4122701805769857	2.6615564782284684	0.08494194173244463	0.0	0.0	0.0	0			0					False	False	1.411465926139357	2.6600731626205514			False	False
394	42	0	42	0.4754620265867852	0.8223525780645176	-8.706751910238507	0.0	0.00042	0.0	-0.042924445173841974	0.9706853038244994	0.08494194173244463	0.0	0.0	0.0	0			0					False	False	-0.04411833637317031	0.9698823529411764			False	False
395	10	0	10	0.7277235597421565	0.8223525780645176	-8.083502619873697	0.0	0.0001	0.0	1.974149068185099	3.928964325003925	0.08494194173244463	0.0	0.0	0.0	0			0					False	False	1.9734169571567417	3.9269710358370173			False	False
396	6	0	6	0.7874106580408542	0.8223525780645176	-7.861653870286293	0.0	6e-05	0.0	2.666026772822768	6.346788525006344	0.08494194173244463	0.0	0.0	0.0	0			0					False	False	2.6653523739244616	6.343822363203804			False	False
397	5	0	5	0.8055453720894763	0.8223525780645176	-7.7824726242531455	0.0	5e-05	0.0	2.9070348723265624	7.5007500750074945	0.08494194173244463	0.0	0.0	0.0	0			0					False	False	2.9063749011000493	7.497319587628865			False	False
398	33	0	33	0.527041738646036	0.8223525780645176	-8.602016559721315	0.0	0.00033	0.0	0.3003773005060868	1.2314664302251106	0.08494194173244463	0.0	0.0	0.0	0			0					False	False	0.29931329992005473	1.230558547468842			False	False
399	82	0	82	0.3186071597917568	0.8223525780645176	-8.99731647221928	0.0	0.00082	0.0	-0.9998557232819554	0.5000500050004999	0.08494194173244463	0.0	0.0	0.0	0			0					False	False	-1.0016270476267284	0.49943642611683836			False	False
400	23	0	23	0.5974729694709866	0.8223525780645176	-8.445230455866742	0.0	0.00023	0.0	0.811877639286223	1.7554946984060102	0.08494194173244463	0.0	0.0	0.0	0			0					False	False	0.8109579478894258	1.7543759596402728			False	False
401	5	0	5	0.8055453720894763	0.8223525780645176	-7.7824726242531455	0.0	5e-05	0.0	2.9070348723265624	7.5007500750074945	0.08494194173244463	0.0	0.0	0.0	0			0					False	False	2.9063749011000493	7.497319587628865			False	False
402	15	0	15	0.6698076005463545	0.8223525780645176	-8.259593878914902	0.0	0.00015	0.0	1.4122701805769857	2.6615564782284684	0.08494194173244463	0.0	0.0	0.0	0			0					False	False	1.411465926139357	2.6600731626205514			False	False
403	7	0	7	0.7708347029591975	0.8223525780645176	-7.928600659906566	0.0	7e-05	0.0	2.459575895355341	5.500550055005496	0.08494194173244463	0.0	0.0	0.0	0			0					False	False	2.4588870686409585	5.4979243986254325			False	False
404	6	0	6	0.7874106580408542	0.8223525780645176	-7.861653870286293	0.0	6e-05	0.0	2.666026772822768	6.346788525006344	0.08494194173244463	0.0	0.0	0.0	0			0					False	False	2.6653523739244616	6.343822363203804			False	False
405	8	0	8	0.7554992569419738	0.8223525780645176	-7.986592606876497	0.0	8e-05	0.0	2.2790036497135198	4.853426519122495	0.08494194173244463	0.0	0.0	0.0	0			0					False	False	2.2783003950387712	4.851061249241967			False	False
406	9	0	9	0.7411827675682712	0.8223525780645176	-8.037745129317846	0.0	9e-05	0.0	2.1185389775202754	4.342539517109606	0.08494194173244463	0.0	0.0	0.0	0			0					False	False	2.1178212947408674	4.340379815518178			False	False
407	5	0	5	0.8055453720894763	0.8223525780645176	-7.7824726242531455	0.0	5e-05	0.0	2.9070348723265624	7.5007500750074945	0.08494194173244463	0.0	0.0	0.0	0			0					False	False	2.9063749011000493	7.497319587628865			False	False
408	6	0	6	0.7874106580408542	0.8223525780645176	-7.861653870286293	0.0	6e-05	0.0	2.666026772822768	6.346788525006344	0.08494194173244463	0.0	0.0	0.0	0			0					False	False	2.6653523739244616	6.343822363203804			False	False
409	6	0	6	0.7874106580408542	0.8223525780645176	-7.861653870286293	0.0	6e-05	0.0	2.666026772822768	6.346788525006344	0.08494194173244463	0.0	0.0	0.0	0			0					False	False	2.6653523739244616	6.343822363203804			False	False
410	9	0	9	0.7411827675682712	0.8223525780645176	-8.037745129317846	0.0	9e-05	0.0	2.1185389775202754	4.342539517109606	0.08494194173244463	0.0	0.0	0.0	0			0					False	False	2.1178212947408674	4.340379815518178			False	False
411	6	0	6	0.7874106580408542	0.8223525780645176	-7.861653870286293	0.0	6e-05	0.0	2.666026772822768	6.346788525006344	0.08494194173244463	0.0	0.0	0.0	0			0					False	False	2.6653523739244616	6.343822363203804			False	False
412	8	0	8	0.7554992569419738	0.8223525780645176	-7.986592606876497	0.0	8e-05	0.0	2.2790036497135198	4.853426519122495	0.08494194173244463	0.0	0.0	0.0	0			0					False	False	2.2783003950387712	4.851061249241967			False	False
413	18	0	18	0.6404154276825784	0.8223525780645176	-8.338775124957701	0.0	0.00018	0.0	1.1570131253349096	2.229952725002228	0.08494194173244463	0.0	0.0	0.0	0			0					False	False	1.1561655831200088	2.2286430760657567			False	False
414	5	0	5	0.8055453720894763	0.8223525780645176	-7.7824726242531455	0.0	5e-05	0.0	2.9070348723265624	7.5007500750074945	0.08494194173244463	0.0	0.0	0.0	0			0					False	False	2.9063749011000493	7.497319587628865			False	False
415	18	0	18	0.6404154276825784	0.8223525780645176	-8.338775124957701	0.0	0.00018	0.0	1.1570131253349096	2.229952725002228	0.08494194173244463	0.0	0.0	0.0	0			0					False	False	1.1561655831200088	2.2286430760657567			False	False
416	31	0	31	0.5398399388921535	0.8223525780645176	-8.57486431367855	0.0	0.00031	0.0	0.389186567463943	1.3096547750013083	0.08494194173244463	0.0	0.0	0.0	0			0					False	False	0.3881514298705717	1.3087154311896585			False	False
417	40	0	40	0.4861689120103665	0.8223525780645176	-8.685562611169088	0.0	0.0004	0.0	0.026616488079236333	1.0186203805565743	0.08494194173244463	0.0	0.0	0.0	0			0					False	False	0.025451462471290043	1.017798141784396			False	False
418	11	0	11	0.7149993041487601	0.8223525780645176	-8.124895305027973	0.0	0.00011	0.0	1.8429045349068467	3.5873152532644537	0.08494194173244463	0.0	0.0	0.0	0			0					False	False	1.8421579954852394	3.585459435230837			False	False
419	8	0	8	0.7554992569419738	0.8223525780645176	-7.986592606876497	0.0	8e-05	0.0	2.2790036497135198	4.853426519122495	0.08494194173244463	0.0	0.0	0.0	0			0					False	False	2.2783003950387712	4.851061249241967			False	False
420	11	0	11	0.7149993041487601	0.8223525780645176	-8.124895305027973	0.0	0.00011	0.0	1.8429045349068467	3.5873152532644537	0.08494194173244463	0.0	0.0	0.0	0			0					False	False	1.8421579954852394	3.585459435230837			False	False
421	7	0	7	0.7708347029591975	0.8223525780645176	-7.928600659906566	0.0	7e-05	0.0	2.459575895355341	5.500550055005496	0.08494194173244463	0.0	0.0	0.0	0			0					False	False	2.4588870686409585	5.4979243986254325			False	False
422	10	0	10	0.7277235597421565	0.8223525780645176	-8.083502619873697	0.0	0.0001	0.0	1.974149068185099	3.928964325003925	0.08494194173244463	0.0	0.0	0.0	0			0					False	False	1.9734169571567417	3.9269710358370173			False	False
423	5	0	5	0.8055453720894763	0.8223525780645176	-7.7824726242531455	0.0	5e-05	0.0	2.9070348723265624	7.5007500750074945	0.08494194173244463	0.0	0.0	0.0	0			0					False	False	2.9063749011000493	7.497319587628865			False	False
424	19	0	19	0.6312838770564257	0.8223525780645176	-8.362256220805953	0.0	0.00019	0.0	1.081064272101612	2.1155961750021146	0.08494194173244463	0.0	0.0	0.0	0			0					False	False	1.080202300338982	2.114332540311921			False	False
425	19	0	19	0.6312838770564257	0.8223525780645176	-8.362256220805953	0.0	0.00019	0.0	1.081064272101612	2.1155961750021146	0.08494194173244463	0.0	0.0	0.0	0			0					False	False	1.080202300338982	2.114332540311921			False	False
426	6	0	6	0.7874106580408542	0.8223525780645176	-7.861653870286293	0.0	6e-05	0.0	2.666026772822768	6.346788525006344	0.08494194173244463	0.0	0.0	0.0	0			0					False	False	2.6653523739244616	6.343822363203804			False	False
427	16	0	16	0.6596483621232303	0.8223525780645176	-8.287622602513336	0.0	0.00016	0.0	1.3220723716054064	2.5002500250024986	0.08494194173244463	0.0	0.0	0.0	0			0					False	False	1.3212536880530035	2.4988316151202756			False	False
428	8	0	8	0.7554992569419738	0.8223525780645176	-7.986592606876497	0.0	8e-05	0.0	2.2790036497135198	4.853426519122495	0.08494194173244463	0.0	0.0	0.0	0			0					False	False	2.2783003950387712	4.851061249241967			False	False
429	10	0	10	0.7277235597421565	0.8223525780645176	-8.083502619873697	0.0	0.0001	0.0	1.974149068185099	3.928964325003925	0.08494194173244463	0.0	0.0	0.0	0			0					False	False	1.9734169571567417	3.9269710358370173			False	False
430	5	0	5	0.8055453720894763	0.8223525780645176	-7.7824726242531455	0.0	5e-05	0.0	2.9070348723265624	7.5007500750074945	0.08494194173244463	0.0	0.0	0.0	0			0					False	False	2.9063749011000493	7.497319587628865			False	False
431	9	0	9	0.7411827675682712	0.8223525780645176	-8.037745129317846	0.0	9e-05	0.0	2.1185389775202754	4.342539517109606	0.08494194173244463	0.0	0.0	0.0	0			0					False	False	2.1178212947408674	4.340379815518178			False	False
432	40	0	40	0.4861689120103665	0.8223525780645176	-8.685562611169088	0.0	0.0004	0.0	0.026616488079236333	1.0186203805565743	0.08494194173244463	0.0	0.0	0.0	0			0					False	False	0.025451462471290043	1.017798141784396			False	False
433	5	0	5	0.8055453720894763	0.8223525780645176	-7.7824726242531455	0.0	5e-05	0.0	2.9070348723265624	7.5007500750074945	0.08494194173244463	0.0	0.0	0.0	0			0					False	False	2.9063749011000493	7.497319587628865			False	False
434	9	0	9	0.7411827675682712	0.8223525780645176	-8.037745129317846	0.0	9e-05	0.0	2.1185389775202754	4.342539517109606	0.08494194173244463	0.0	0.0	0.0	0			0					False	False	2.1178212947408674	4.340379815518178			False	False
435	25	0	25	0.5819605917622697	0.8223525780645176	-8.481442628519677	0.0	0.00025	0.0	0.6940411489923637	1.6178088397074983	0.08494194173244463	0.0	0.0	0.0	0			0					False	False	0.6930925969124875	1.616745502324641			False	False
436	17	0	17	0.6498613121757284	0.8223525780645176	-8.313951541234088	0.0	0.00017	0.0	1.2371834740188934	2.3573785950023556	0.08494194173244463	0.0	0.0	0.0	0			0					False	False	1.2363503612073998	2.3560176730486013			False	False
437	16	0	16	0.6596483621232303	0.8223525780645176	-8.287622602513336	0.0	0.00016	0.0	1.3220723716054064	2.5002500250024986	0.08494194173244463	0.0	0.0	0.0	0			0					False	False	1.3212536880530035	2.4988316151202756			False	False
438	7	0	7	0.7708347029591975	0.8223525780645176	-7.928600659906566	0.0	7e-05	0.0	2.459575895355341	5.500550055005496	0.08494194173244463	0.0	0.0	0.0	0			0					False	False	2.4588870686409585	5.4979243986254325			False	False
439	7	0	7	0.7708347029591975	0.8223525780645176	-7.928600659906566	0.0	7e-05	0.0	2.459575895355341	5.500550055005496	0.08494194173244463	0.0	0.0	0.0	0			0					False	False	2.4588870686409585	5.4979243986254325			False	False
440	10	0	10	0.7277235597421565	0.8223525780645176	-8.083502619873697	0.0	0.0001	0.0	1.974149068185099	3.928964325003925	0.08494194173244463	0.0	0.0	0.0	0			0					False	False	1.9734169571567417	3.9269710358370173			False	False
441	5	0	5	0.8055453720894763	0.8223525780645176	-7.7824726242531455	0.0	5e-05	0.0	2.9070348723265624	7.5007500750074945	0.08494194173244463	0.0	0.0	0.0	0			0					False	False	2.9063749011000493	7.497319587628865			False	False
442	12	0	12	0.7029147451535467	0.8223525780645176	-8.162683865914083	0.0	0.00012	0.0	1.7226103011891354	3.3003300330032985	0.08494194173244463	0.0	0.0	0.0	0			0					False	False	1.7218493332299811	3.298589690721652			False	False
443	13	0	13	0.6913939559073978	0.8223525780645176	-8.197445972170511	0.0	0.00013	0.0	1.6115789888003924	3.055861141669723	0.08494194173244463	0.0	0.0	0.0	0			0					False	False	1.6108035921593853	3.054219167621229			False	False
444	5	0	5	0.8055453720894763	0.8223525780645176	-7.7824726242531455	0.0	5e-05	0.0	2.9070348723265624	7.5007500750074945	0.08494194173244463	0.0	0.0	0.0	0			0					False	False	2.9063749011000493	7.497319587628865			False	False
445	8	0	8	0.7554992569419738	0.8223525780645176	-7.986592606876497	0.0	8e-05	0.0	2.2790036497135198	4.853426519122495	0.08494194173244463	0.0	0.0	0.0	0			0					False	False	2.2783003950387712	4.851061249241967			False	False
446	5	0	5	0.8055453720894763	0.8223525780645176	-7.7824726242531455	0.0	5e-05	0.0	2.9070348723265624	7.5007500750074945	0.08494194173244463	0.0	0.0	0.0	0			0					False	False	2.9063749011000493	7.497319587628865			False	False
447	14	0	14	0.6803752319012593	0.8223525780645176	-8.229630655539527	0.0	0.00014	0.0	1.5084854958362879	2.8451120974166364	0.08494194173244463	0.0	0.0	0.0	0			0					False	False	1.5076956703691256	2.8435549235691435			False	False
448	8	0	8	0.7554992569419738	0.8223525780645176	-7.986592606876497	0.0	8e-05	0.0	2.2790036497135198	4.853426519122495	0.08494194173244463	0.0	0.0	0.0	0			0					False	False	2.2783003950387712	4.851061249241967			False	False
449	12	0	12	0.7029147451535467	0.8223525780645176	-8.162683865914083	0.0	0.00012	0.0	1.7226103011891354	3.3003300330032985	0.08494194173244463	0.0	0.0	0.0	0			0					False	False	1.7218493332299811	3.298589690721652			False	False
450	9	0	9	0.7411827675682712	0.8223525780645176	-8.037745129317846	0.0	9e-05	0.0	2.1185389775202754	4.342539517109606	0.08494194173244463	0.0	0.0	0.0	0			0					False	False	2.1178212947408674	4.340379815518178			False	False
451	5	0	5	0.8055453720894763	0.8223525780645176	-7.7824726242531455	0.0	5e-05	0.0	2.9070348723265624	7.5007500750074945	0.08494194173244463	0.0	0.0	0.0	0			0					False	False	2.9063749011000493	7.497319587628865			False	False
452	12	0	12	0.7029147451535467	0.8223525780645176	-8.162683865914083	0.0	0.00012	0.0	1.7226103011891354	3.3003300330032985	0.08494194173244463	0.0	0.0	0.0	0			0					False	False	1.7218493332299811	3.298589690721652			False	False
453	9	0	9	0.7411827675682712	0.8223525780645176	-8.037745129317846	0.0	9e-05	0.0	2.1185389775202754	4.342539517109606	0.08494194173244463	0.0	0.0	0.0	0			0					False	False	2.1178212947408674	4.340379815518178			False	False
454	9	0	9	0.7411827675682712	0.8223525780645176	-8.037745129317846	0.0	9e-05	0.0	2.1185389775202754	4.342539517109606	0.08494194173244463	0.0	0.0	0.0	0			0					False	False	2.1178212947408674	4.340379815518178			False	False
455	6	0	6	0.7874106580408542	0.8223525780645176	-7.861653870286293	0.0	6e-05	0.0	2.666026772822768	6.346788525006344	0.08494194173244463	0.0	0.0	0.0	0			0					False	False	2.6653523739244616	6.343822363203804			False	False
456	21	0	21	0.6138730239787309	0.8223525780645176	-8.405721914584868	0.0	0.00021	0.0	0.9402017362617627	1.918796530815872	0.08494194173244463	0.0	0.0	0.0	0			0					False	False	0.9393109049707054	1.9176120834332286			False	False
457	5	0	5	0.8055453720894763	0.8223525780645176	-7.7824726242531455	0.0	5e-05	0.0	2.9070348723265624	7.5007500750074945	0.08494194173244463	0.0	0.0	0.0	0			0					False	False	2.9063749011000493	7.497319587628865			False	False
458	13	0	13	0.6913939559073978	0.8223525780645176	-8.197445972170511	0.0	0.00013	0.0	1.6115789888003924	3.055861141669723	0.08494194173244463	0.0	0.0	0.0	0			0					False	False	1.6108035921593853	3.054219167621229			False	False
459	5	0	5	0.8055453720894763	0.8223525780645176	-7.7824726242531455	0.0	5e-05	0.0	2.9070348723265624	7.5007500750074945	0.08494194173244463	0.0	0.0	0.0	0			0					False	False	2.9063749011000493	7.497319587628865			False	False
460	8	0	8	0.7554992569419738	0.8223525780645176	-7.986592606876497	0.0	8e-05	0.0	2.2790036497135198	4.853426519122495	0.08494194173244463	0.0	0.0	0.0	0			0					False	False	2.2783003950387712	4.851061249241967			False	False
461	14	0	14	0.6803752319012593	0.8223525780645176	-8.229630655539527	0.0	0.00014	0.0	1.5084854958362879	2.8451120974166364	0.08494194173244463	0.0	0.0	0.0	0			0					False	False	1.5076956703691256	2.8435549235691435			False	False
462	31	0	31	0.5398399388921535	0.8223525780645176	-8.57486431367855	0.0	0.00031	0.0	0.389186567463943	1.3096547750013083	0.08494194173244463	0.0	0.0	0.0	0			0					False	False	0.3881514298705717	1.3087154311896585			False	False
463	9	0	9	0.7411827675682712	0.8223525780645176	-8.037745129317846	0.0	9e-05	0.0	2.1185389775202754	4.342539517109606	0.08494194173244463	0.0	0.0	0.0	0			0					False	False	2.1178212947408674	4.340379815518178			False	False
464	7	0	7	0.7708347029591975	0.8223525780645176	-7.928600659906566	0.0	7e-05	0.0	2.459575895355341	5.500550055005496	0.08494194173244463	0.0	0.0	0.0	0			0					False	False	2.4588870686409585	5.4979243986254325			False	False
465	6	0	6	0.7874106580408542	0.8223525780645176	-7.861653870286293	0.0	6e-05	0.0	2.666026772822768	6.346788525006344	0.08494194173244463	0.0	0.0	0.0	0			0					False	False	2.6653523739244616	6.343822363203804			False	False
466	14	0	14	0.6803752319012593	0.8223525780645176	-8.229630655539527	0.0	0.00014	0.0	1.5084854958362879	2.8451120974166364	0.08494194173244463	0.0	0.0	0.0	0			0					False	False	1.5076956703691256	2.8435549235691435			False	False
467	6	0	6	0.7874106580408542	0.8223525780645176	-7.861653870286293	0.0	6e-05	0.0	2.666026772822768	6.346788525006344	0.08494194173244463	0.0	0.0	0.0	0			0					False	False	2.6653523739244616	6.343822363203804			False	False
468	13	0	13	0.6913939559073978	0.8223525780645176	-8.197445972170511	0.0	0.00013	0.0	1.6115789888003924	3.055861141669723	0.08494194173244463	0.0	0.0	0.0	0			0					False	False	1.6108035921593853	3.054219167621229			False	False
469	13	0	13	0.6913939559073978	0.8223525780645176	-8.197445972170511	0.0	0.00013	0.0	1.6115789888003924	3.055861141669723	0.08494194173244463	0.0	0.0	0.0	0			0					False	False	1.6108035921593853	3.054219167621229			False	False
470	8	0	8	0.7554992569419738	0.8223525780645176	-7.986592606876497	0.0	8e-05	0.0	2.2790036497135198	4.853426519122495	0.08494194173244463	0.0	0.0	0.0	0			0					False	False	2.2783003950387712	4.851061249241967			False	False
471	16	0	16	0.6596483621232303	0.8223525780645176	-8.287622602513336	0.0	0.00016	0.0	1.3220723716054064	2.5002500250024986	0.08494194173244463	0.0	0.0	0.0	0			0					False	False	1.3212536880530035	2.4988316151202756			False	False
472	13	0	13	0.6913939559073978	0.8223525780645176	-8.197445972170511	0.0	0.00013	0.0	1.6115789888003924	3.055861141669723	0.08494194173244463	0.0	0.0	0.0	0			0					False	False	1.6108035921593853	3.054219167621229			False	False
473	7	0	7	0.7708347029591975	0.8223525780645176	-7.928600659906566	0.0	7e-05	0.0	2.459575895355341	5.500550055005496	0.08494194173244463	0.0	0.0	0.0	0			0					False	False	2.4588870686409585	5.4979243986254325			False	False
474	14	0	14	0.6803752319012593	0.8223525780645176	-8.229630655539527	0.0	0.00014	0.0	1.5084854958362879	2.8451120974166364	0.08494194173244463	0.0	0.0	0.0	0			0					False	False	1.5076956703691256	2.8435549235691435			False	False
475	10	0	10	0.7277235597421565	0.8223525780645176	-8.083502619873697	0.0	0.0001	0.0	1.974149068185099	3.928964325003925	0.08494194173244463	0.0	0.0	0.0	0			0					False	False	1.9734169571567417	3.9269710358370173			False	False
476	10	0	10	0.7277235597421565	0.8223525780645176	-8.083502619873697	0.0	0.0001	0.0	1.974149068185099	3.928964325003925	0.08494194173244463	0.0	0.0	0.0	0			0					False	False	1.9734169571567417	3.9269710358370173			False	False
477	23	0	23	0.5974729694709866	0.8223525780645176	-8.445230455866742	0.0	0.00023	0.0	0.811877639286223	1.7554946984060102	0.08494194173244463	0.0	0.0	0.0	0			0					False	False	0.8109579478894258	1.7543759596402728			False	False
478	14	0	14	0.6803752319012593	0.8223525780645176	-8.229630655539527	0.0	0.00014	0.0	1.5084854958362879	2.8451120974166364	0.08494194173244463	0.0	0.0	0.0	0			0					False	False	1.5076956703691256	2.8435549235691435			False	False
479	10	0	10	0.7277235597421565	0.8223525780645176	-8.083502619873697	0.0	0.0001	0.0	1.974149068185099	3.928964325003925	0.08494194173244463	0.0	0.0	0.0	0			0					False	False	1.9734169571567417	3.9269710358370173			False	False
480	7	0	7	0.7708347029591975	0.8223525780645176	-7.928600659906566	0.0	7e-05	0.0	2.459575895355341	5.500550055005496	0.08494194173244463	0.0	0.0	0.0	0			0					False	False	2.4588870686409585	5.4979243986254325			False	False
481	10	0	10	0.7277235597421565	0.8223525780645176	-8.083502619873697	0.0	0.0001	0.0	1.974149068185099	3.928964325003925	0.08494194173244463	0.0	0.0	0.0	0			0					False	False	1.9734169571567417	3.9269710358370173			False	False
482	19	0	19	0.6312838770564257	0.8223525780645176	-8.362256220805953	0.0	0.00019	0.0	1.081064272101612	2.1155961750021146	0.08494194173244463	0.0	0.0	0.0	0			0					False	False	1.080202300338982	2.114332540311921			False	False
483	4	0	4	0.8257262065182733	0.8354836801551214	-7.685562611266803	0.0	4e-05	0.0	3.1965414895215485	9.167583425009168	0.07806202893970836	0.0	0.0	0.0	0			0					False	False	3.195895945822544	9.163482245131727			False	False
484	5	0	5	0.8055453720894763	0.8223525780645176	-7.7824726242531455	0.0	5e-05	0.0	2.9070348723265624	7.5007500750074945	0.08494194173244463	0.0	0.0	0.0	0			0					False	False	2.9063749011000493	7.497319587628865			False	False
485	20	0	20	0.6224432613699353	0.8223525780645176	-8.384532615515964	0.0	0.0002	0.0	1.0089144863457769	2.0123963615873777	0.08494194173244463	0.0	0.0	0.0	0			0					False	False	1.008038084891096	2.011174251948704			False	False
486	7	0	7	0.7708347029591975	0.8223525780645176	-7.928600659906566	0.0	7e-05	0.0	2.459575895355341	5.500550055005496	0.08494194173244463	0.0	0.0	0.0	0			0					False	False	2.4588870686409585	5.4979243986254325			False	False
487	6	0	6	0.7874106580408542	0.8223525780645176	-7.861653870286293	0.0	6e-05	0.0	2.666026772822768	6.346788525006344	0.08494194173244463	0.0	0.0	0.0	0			0					False	False	2.6653523739244616	6.343822363203804			False	False
488	5	0	5	0.8055453720894763	0.8223525780645176	-7.7824726242531455	0.0	5e-05	0.0	2.9070348723265624	7.5007500750074945	0.08494194173244463	0.0	0.0	0.0	0			0					False	False	2.9063749011000493	7.497319587628865			False	False
489	7	0	7	0.7708347029591975	0.8223525780645176	-7.928600659906566	0.0	7e-05	0.0	2.459575895355341	5.500550055005496	0.08494194173244463	0.0	0.0	0.0	0			0					False	False	2.4588870686409585	5.4979243986254325			False	False
490	18	0	18	0.6404154276825784	0.8223525780645176	-8.338775124957701	0.0	0.00018	0.0	1.1570131253349096	2.229952725002228	0.08494194173244463	0.0	0.0	0.0	0			0					False	False	1.1561655831200088	2.2286430760657567			False	False
491	5	0	5	0.8055453720894763	0.8223525780645176	-7.7824726242531455	0.0	5e-05	0.0	2.9070348723265624	7.5007500750074945	0.08494194173244463	0.0	0.0	0.0	0			0					False	False	2.9063749011000493	7.497319587628865			False	False
492	7	0	7	0.7708347029591975	0.8223525780645176	-7.928600659906566	0.0	7e-05	0.0	2.459575895355341	5.500550055005496	0.08494194173244463	0.0	0.0	0.0	0			0					False	False	2.4588870686409585	5.4979243986254325			False	False
493	15	0	15	0.6698076005463545	0.8223525780645176	-8.259593878914902	0.0	0.00015	0.0	1.4122701805769857	2.6615564782284684	0.08494194173244463	0.0	0.0	0.0	0			0					False	False	1.411465926139357	2.6600731626205514			False	False
494	25	0	25	0.5819605917622697	0.8223525780645176	-8.481442628519677	0.0	0.00025	0.0	0.6940411489923637	1.6178088397074983	0.08494194173244463	0.0	0.0	0.0	0			0					False	False	0.6930925969124875	1.616745502324641			False	False
495	5	0	5	0.8055453720894763	0.8223525780645176	-7.7824726242531455	0.0	5e-05	0.0	2.9070348723265624	7.5007500750074945	0.08494194173244463	0.0	0.0	0.0	0			0					False	False	2.9063749011000493	7.497319587628865			False	False
496	6	0	6	0.7874106580408542	0.8223525780645176	-7.861653870286293	0.0	6e-05	0.0	2.666026772822768	6.346788525006344	0.08494194173244463	0.0	0.0	0.0	0			0					False	False	2.6653523739244616	6.343822363203804			False	False
497	7	0	7	0.7708347029591975	0.8223525780645176	-7.928600659906566	0.0	7e-05	0.0	2.459575895355341	5.500550055005496	0.08494194173244463	0.0	0.0	0.0	0			0					False	False	2.4588870686409585	5.4979243986254325			False	False
498	13	0	13	0.6913939559073978	0.8223525780645176	-8.197445972170511	0.0	0.00013	0.0	1.6115789888003924	3.055861141669723	0.08494194173244463	0.0	0.0	0.0	0			0					False	False	1.6108035921593853	3.054219167621229			False	False
499	15	0	15	0.6698076005463545	0.8223525780645176	-8.259593878914902	0.0	0.00015	0.0	1.4122701805769857	2.6615564782284684	0.08494194173244463	0.0	0.0	0.0	0			0					False	False	1.411465926139357	2.6600731626205514			False	False
500	2	0	2	0.8762746038576814	0.882717799474282	-7.384532615711396	0.0	2e-05	0.0	4.044538396076497	16.501650165016486	0.054178116036969516	0.0	0.0	0.0	0			0					False	False	4.043921706999679	16.494597938144334			False	False
501	6	0	6	0.7874106580408542	0.8223525780645176	-7.861653870286293	0.0	6e-05	0.0	2.666026772822768	6.346788525006344	0.08494194173244463	0.0	0.0	0.0	0			0					False	False	2.6653523739244616	6.343822363203804			False	False
502	12	0	12	0.7029147451535467	0.8223525780645176	-8.162683865914083	0.0	0.00012	0.0	1.7226103011891354	3.3003300330032985	0.08494194173244463	0.0	0.0	0.0	0			0					False	False	1.7218493332299811	3.298589690721652			False	False
503	7	0	7	0.7708347029591975	0.8223525780645176	-7.928600659906566	0.0	7e-05	0.0	2.459575895355341	5.500550055005496	0.08494194173244463	0.0	0.0	0.0	0			0					False	False	2.4588870686409585	5.4979243986254325			False	False
504	5	0	5	0.8055453720894763	0.8223525780645176	-7.7824726242531455	0.0	5e-05	0.0	2.9070348723265624	7.5007500750074945	0.08494194173244463	0.0	0.0	0.0	0			0					False	False	2.9063749011000493	7.497319587628865			False	False
505	13	0	13	0.6913939559073978	0.8223525780645176	-8.197445972170511	0.0	0.00013	0.0	1.6115789888003924	3.055861141669723	0.08494194173244463	0.0	0.0	0.0	0			0					False	False	1.6108035921593853	3.054219167621229			False	False
506	5	0	5	0.8055453720894763	0.8223525780645176	-7.7824726242531455	0.0	5e-05	0.0	2.9070348723265624	7.5007500750074945	0.08494194173244463	0.0	0.0	0.0	0			0					False	False	2.9063749011000493	7.497319587628865			False	False
507	6	0	6	0.7874106580408542	0.8223525780645176	-7.861653870286293	0.0	6e-05	0.0	2.666026772822768	6.346788525006344	0.08494194173244463	0.0	0.0	0.0	0			0					False	False	2.6653523739244616	6.343822363203804			False	False
508	6	0	6	0.7874106580408542	0.8223525780645176	-7.861653870286293	0.0	6e-05	0.0	2.666026772822768	6.346788525006344	0.08494194173244463	0.0	0.0	0.0	0			0					False	False	2.6653523739244616	6.343822363203804			False	False
509	12	0	12	0.7029147451535467	0.8223525780645176	-8.162683865914083	0.0	0.00012	0.0	1.7226103011891354	3.3003300330032985	0.08494194173244463	0.0	0.0	0.0	0			0					False	False	1.7218493332299811	3.298589690721652			False	False
510	6	0	6	0.7874106580408542	0.8223525780645176	-7.861653870286293	0.0	6e-05	0.0	2.666026772822768	6.346788525006344	0.08494194173244463	0.0	0.0	0.0	0			0					False	False	2.6653523739244616	6.343822363203804			False	False
511	11	0	11	0.7149993041487601	0.8223525780645176	-8.124895305027973	0.0	0.00011	0.0	1.8429045349068467	3.5873152532644537	0.08494194173244463	0.0	0.0	0.0	0			0					False	False	1.8421579954852394	3.585459435230837			False	False
512	10	0	10	0.7277235597421565	0.8223525780645176	-8.083502619873697	0.0	0.0001	0.0	1.974149068185099	3.928964325003925	0.08494194173244463	0.0	0.0	0.0	0			0					False	False	1.9734169571567417	3.9269710358370173			False	False
513	10	0	10	0.7277235597421565	0.8223525780645176	-8.083502619873697	0.0	0.0001	0.0	1.974149068185099	3.928964325003925	0.08494194173244463	0.0	0.0	0.0	0			0					False	False	1.9734169571567417	3.9269710358370173			False	False
514	10	0	10	0.7277235597421565	0.8223525780645176	-8.083502619873697	0.0	0.0001	0.0	1.974149068185099	3.928964325003925	0.08494194173244463	0.0	0.0	0.0	0			0					False	False	1.9734169571567417	3.9269710358370173			False	False
515	5	0	5	0.8055453720894763	0.8223525780645176	-7.7824726242531455	0.0	5e-05	0.0	2.9070348723265624	7.5007500750074945	0.08494194173244463	0.0	0.0	0.0	0			0					False	False	2.9063749011000493	7.497319587628865			False	False
516	5	0	5	0.8055453720894763	0.8223525780645176	-7.7824726242531455	0.0	5e-05	0.0	2.9070348723265624	7.5007500750074945	0.08494194173244463	0.0	0.0	0.0	0			0					False	False	2.9063749011000493	7.497319587628865			False	False
517	8	0	8	0.7554992569419738	0.8223525780645176	-7.986592606876497	0.0	8e-05	0.0	2.2790036497135198	4.853426519122495	0.08494194173244463	0.0	0.0	0.0	0			0					False	False	2.2783003950387712	4.851061249241967			False	False
518	6	0	6	0.7874106580408542	0.8223525780645176	-7.861653870286293	0.0	6e-05	0.0	2.666026772822768	6.346788525006344	0.08494194173244463	0.0	0.0	0.0	0			0					False	False	2.6653523739244616	6.343822363203804			False	False
519	10	0	10	0.7277235597421565	0.8223525780645176	-8.083502619873697	0.0	0.0001	0.0	1.974149068185099	3.928964325003925	0.08494194173244463	0.0	0.0	0.0	0			0					False	False	1.9734169571567417	3.9269710358370173			False	False
520	5	0	5	0.8055453720894763	0.8223525780645176	-7.7824726242531455	0.0	5e-05	0.0	2.9070348723265624	7.5007500750074945	0.08494194173244463	0.0	0.0	0.0	0			0					False	False	2.9063749011000493	7.497319587628865			False	False
521	11	0	11	0.7149993041487601	0.8223525780645176	-8.124895305027973	0.0	0.00011	0.0	1.8429045349068467	3.5873152532644537	0.08494194173244463	0.0	0.0	0.0	0			0					False	False	1.8421579954852394	3.585459435230837			False	False
522	5	0	5	0.8055453720894763	0.8223525780645176	-7.7824726242531455	0.0	5e-05	0.0	2.9070348723265624	7.5007500750074945	0.08494194173244463	0.0	0.0	0.0	0			0					False	False	2.9063749011000493	7.497319587628865			False	False
523	9	0	9	0.7411827675682712	0.8223525780645176	-8.037745129317846	0.0	9e-05	0.0	2.1185389775202754	4.342539517109606	0.08494194173244463	0.0	0.0	0.0	0			0					False	False	2.1178212947408674	4.340379815518178			False	False
524	5	0	5	0.8055453720894763	0.8223525780645176	-7.7824726242531455	0.0	5e-05	0.0	2.9070348723265624	7.5007500750074945	0.08494194173244463	0.0	0.0	0.0	0			0					False	False	2.9063749011000493	7.497319587628865			False	False
525	9	0	9	0.7411827675682712	0.8223525780645176	-8.037745129317846	0.0	9e-05	0.0	2.1185389775202754	4.342539517109606	0.08494194173244463	0.0	0.0	0.0	0			0					False	False	2.1178212947408674	4.340379815518178			False	False
526	9	0	9	0.7411827675682712	0.8223525780645176	-8.037745129317846	0.0	9e-05	0.0	2.1185389775202754	4.342539517109606	0.08494194173244463	0.0	0.0	0.0	0			0					False	False	2.1178212947408674	4.340379815518178			False	False
527	8	0	8	0.7554992569419738	0.8223525780645176	-7.986592606876497	0.0	8e-05	0.0	2.2790036497135198	4.853426519122495	0.08494194173244463	0.0	0.0	0.0	0			0					False	False	2.2783003950387712	4.851061249241967			False	False
528	8	0	8	0.7554992569419738	0.8223525780645176	-7.986592606876497	0.0	8e-05	0.0	2.2790036497135198	4.853426519122495	0.08494194173244463	0.0	0.0	0.0	0			0					False	False	2.2783003950387712	4.851061249241967			False	False
529	5	0	5	0.8055453720894763	0.8223525780645176	-7.7824726242531455	0.0	5e-05	0.0	2.9070348723265624	7.5007500750074945	0.08494194173244463	0.0	0.0	0.0	0			0					False	False	2.9063749011000493	7.497319587628865			False	False
530	7	0	7	0.7708347029591975	0.8223525780645176	-7.928600659906566	0.0	7e-05	0.0	2.459575895355341	5.500550055005496	0.08494194173244463	0.0	0.0	0.0	0			0					False	False	2.4588870686409585	5.4979243986254325			False	False
531	6	0	6	0.7874106580408542	0.8223525780645176	-7.861653870286293	0.0	6e-05	0.0	2.666026772822768	6.346788525006344	0.08494194173244463	0.0	0.0	0.0	0			0					False	False	2.6653523739244616	6.343822363203804			False	False
532	8	0	8	0.7554992569419738	0.8223525780645176	-7.986592606876497	0.0	8e-05	0.0	2.2790036497135198	4.853426519122495	0.08494194173244463	0.0	0.0	0.0	0			0					False	False	2.2783003950387712	4.851061249241967			False	False
533	6	0	6	0.7874106580408542	0.8223525780645176	-7.861653870286293	0.0	6e-05	0.0	2.666026772822768	6.346788525006344	0.08494194173244463	0.0	0.0	0.0	0			0					False	False	2.6653523739244616	6.343822363203804			False	False
534	8	0	8	0.7554992569419738	0.8223525780645176	-7.986592606876497	0.0	8e-05	0.0	2.2790036497135198	4.853426519122495	0.08494194173244463	0.0	0.0	0.0	0			0					False	False	2.2783003950387712	4.851061249241967			False	False
535	6	0	6	0.7874106580408542	0.8223525780645176	-7.861653870286293	0.0	6e-05	0.0	2.666026772822768	6.346788525006344	0.08494194173244463	0.0	0.0	0.0	0			0					False	False	2.6653523739244616	6.343822363203804			False	False
536	5	0	5	0.8055453720894763	0.8223525780645176	-7.7824726242531455	0.0	5e-05	0.0	2.9070348723265624	7.5007500750074945	0.08494194173244463	0.0	0.0	0.0	0			0					False	False	2.9063749011000493	7.497319587628865			False	False
537	7	0	7	0.7708347029591975	0.8223525780645176	-7.928600659906566	0.0	7e-05	0.0	2.459575895355341	5.500550055005496	0.08494194173244463	0.0	0.0	0.0	0			0					False	False	2.4588870686409585	5.4979243986254325			False	False
538	5	0	5	0.8055453720894763	0.8223525780645176	-7.7824726242531455	0.0	5e-05	0.0	2.9070348723265624	7.5007500750074945	0.08494194173244463	0.0	0.0	0.0	0			0					False	False	2.9063749011000493	7.497319587628865			False	False
539	6	0	6	0.7874106580408542	0.8223525780645176	-7.861653870286293	0.0	6e-05	0.0	2.666026772822768	6.346788525006344	0.08494194173244463	0.0	0.0	0.0	0			0					False	False	2.6653523739244616	6.343822363203804			False	False
540	8	0	8	0.7554992569419738	0.8223525780645176	-7.986592606876497	0.0	8e-05	0.0	2.2790036497135198	4.853426519122495	0.08494194173244463	0.0	0.0	0.0	0			0					False	False	2.2783003950387712	4.851061249241967			False	False
541	5	0	5	0.8055453720894763	0.8223525780645176	-7.7824726242531455	0.0	5e-05	0.0	2.9070348723265624	7.5007500750074945	0.08494194173244463	0.0	0.0	0.0	0			0					False	False	2.9063749011000493	7.497319587628865			False	False
542	7	0	7	0.7708347029591975	0.8223525780645176	-7.928600659906566	0.0	7e-05	0.0	2.459575895355341	5.500550055005496	0.08494194173244463	0.0	0.0	0.0	0			0					False	False	2.4588870686409585	5.4979243986254325			False	False
543	5	0	5	0.8055453720894763	0.8223525780645176	-7.7824726242531455	0.0	5e-05	0.0	2.9070348723265624	7.5007500750074945	0.08494194173244463	0.0	0.0	0.0	0			0					False	False	2.9063749011000493	7.497319587628865			False	False
544	5	0	5	0.8055453720894763	0.8223525780645176	-7.7824726242531455	0.0	5e-05	0.0	2.9070348723265624	7.5007500750074945	0.08494194173244463	0.0	0.0	0.0	0			0					False	False	2.9063749011000493	7.497319587628865			False	False
545	6	0	6	0.7874106580408542	0.8223525780645176	-7.861653870286293	0.0	6e-05	0.0	2.666026772822768	6.346788525006344	0.08494194173244463	0.0	0.0	0.0	0			0					False	False	2.6653523739244616	6.343822363203804			False	False
546	5	0	5	0.8055453720894763	0.8223525780645176	-7.7824726242531455	0.0	5e-05	0.0	2.9070348723265624	7.5007500750074945	0.08494194173244463	0.0	0.0	0.0	0			0					False	False	2.9063749011000493	7.497319587628865			False	False
547	5	0	5	0.8055453720894763	0.8223525780645176	-7.7824726242531455	0.0	5e-05	0.0	2.9070348723265624	7.5007500750074945	0.08494194173244463	0.0	0.0	0.0	0			0					False	False	2.9063749011000493	7.497319587628865			False	False
548	8	0	8	0.7554992569419738	0.8223525780645176	-7.986592606876497	0.0	8e-05	0.0	2.2790036497135198	4.853426519122495	0.08494194173244463	0.0	0.0	0.0	0			0					False	False	2.2783003950387712	4.851061249241967			False	False
549	5	0	5	0.8055453720894763	0.8223525780645176	-7.7824726242531455	0.0	5e-05	0.0	2.9070348723265624	7.5007500750074945	0.08494194173244463	0.0	0.0	0.0	0			0					False	False	2.9063749011000493	7.497319587628865			False	False
550	7	0	7	0.7708347029591975	0.8223525780645176	-7.928600659906566	0.0	7e-05	0.0	2.459575895355341	5.500550055005496	0.08494194173244463	0.0	0.0	0.0	0			0					False	False	2.4588870686409585	5.4979243986254325			False	False
551	8	0	8	0.7554992569419738	0.8223525780645176	-7.986592606876497	0.0	8e-05	0.0	2.2790036497135198	4.853426519122495	0.08494194173244463	0.0	0.0	0.0	0			0					False	False	2.2783003950387712	4.851061249241967			False	False
552	18	0	18	0.6404154276825784	0.8223525780645176	-8.338775124957701	0.0	0.00018	0.0	1.1570131253349096	2.229952725002228	0.08494194173244463	0.0	0.0	0.0	0			0					False	False	1.1561655831200088	2.2286430760657567			False	False
553	9	0	9	0.7411827675682712	0.8223525780645176	-8.037745129317846	0.0	9e-05	0.0	2.1185389775202754	4.342539517109606	0.08494194173244463	0.0	0.0	0.0	0			0					False	False	2.1178212947408674	4.340379815518178			False	False
554	8	0	8	0.7554992569419738	0.8223525780645176	-7.986592606876497	0.0	8e-05	0.0	2.2790036497135198	4.853426519122495	0.08494194173244463	0.0	0.0	0.0	0			0					False	False	2.2783003950387712	4.851061249241967			False	False
555	12	0	12	0.7029147451535467	0.8223525780645176	-8.162683865914083	0.0	0.00012	0.0	1.7226103011891354	3.3003300330032985	0.08494194173244463	0.0	0.0	0.0	0			0					False	False	1.7218493332299811	3.298589690721652			False	False
556	6	0	6	0.7874106580408542	0.8223525780645176	-7.861653870286293	0.0	6e-05	0.0	2.666026772822768	6.346788525006344	0.08494194173244463	0.0	0.0	0.0	0			0					False	False	2.6653523739244616	6.343822363203804			False	False
557	10	0	10	0.7277235597421565	0.8223525780645176	-8.083502619873697	0.0	0.0001	0.0	1.974149068185099	3.928964325003925	0.08494194173244463	0.0	0.0	0.0	0			0					False	False	1.9734169571567417	3.9269710358370173			False	False
558	9	0	9	0.7411827675682712	0.8223525780645176	-8.037745129317846	0.0	9e-05	0.0	2.1185389775202754	4.342539517109606	0.08494194173244463	0.0	0.0	0.0	0			0					False	False	2.1178212947408674	4.340379815518178			False	False
559	5	0	5	0.8055453720894763	0.8223525780645176	-7.7824726242531455	0.0	5e-05	0.0	2.9070348723265624	7.5007500750074945	0.08494194173244463	0.0	0.0	0.0	0			0					False	False	2.9063749011000493	7.497319587628865			False	False
560	11	0	11	0.7149993041487601	0.8223525780645176	-8.124895305027973	0.0	0.00011	0.0	1.8429045349068467	3.5873152532644537	0.08494194173244463	0.0	0.0	0.0	0			0					False	False	1.8421579954852394	3.585459435230837			False	False
561	7	0	7	0.7708347029591975	0.8223525780645176	-7.928600659906566	0.0	7e-05	0.0	2.459575895355341	5.500550055005496	0.08494194173244463	0.0	0.0	0.0	0			0					False	False	2.4588870686409585	5.4979243986254325			False	False
562	20	0	20	0.6224432613699353	0.8223525780645176	-8.384532615515964	0.0	0.0002	0.0	1.0089144863457769	2.0123963615873777	0.08494194173244463	0.0	0.0	0.0	0			0					False	False	1.008038084891096	2.011174251948704			False	False
563	7	0	7	0.7708347029591975	0.8223525780645176	-7.928600659906566	0.0	7e-05	0.0	2.459575895355341	5.500550055005496	0.08494194173244463	0.0	0.0	0.0	0			0					False	False	2.4588870686409585	5.4979243986254325			False	False
564	8	0	8	0.7554992569419738	0.8223525780645176	-7.986592606876497	0.0	8e-05	0.0	2.2790036497135198	4.853426519122495	0.08494194173244463	0.0	0.0	0.0	0			0					False	False	2.2783003950387712	4.851061249241967			False	False
565	20	0	20	0.6224432613699353	0.8223525780645176	-8.384532615515964	0.0	0.0002	0.0	1.0089144863457769	2.0123963615873777	0.08494194173244463	0.0	0.0	0.0	0			0					False	False	1.008038084891096	2.011174251948704			False	False
566	6	0	6	0.7874106580408542	0.8223525780645176	-7.861653870286293	0.0	6e-05	0.0	2.666026772822768	6.346788525006344	0.08494194173244463	0.0	0.0	0.0	0			0					False	False	2.6653523739244616	6.343822363203804			False	False
567	5	0	5	0.8055453720894763	0.8223525780645176	-7.7824726242531455	0.0	5e-05	0.0	2.9070348723265624	7.5007500750074945	0.08494194173244463	0.0	0.0	0.0	0			0					False	False	2.9063749011000493	7.497319587628865			False	False
568	12	0	12	0.7029147451535467	0.8223525780645176	-8.162683865914083	0.0	0.00012	0.0	1.7226103011891354	3.3003300330032985	0.08494194173244463	0.0	0.0	0.0	0			0					False	False	1.7218493332299811	3.298589690721652			False	False
569	7	0	7	0.7708347029591975	0.8223525780645176	-7.928600659906566	0.0	7e-05	0.0	2.459575895355341	5.500550055005496	0.08494194173244463	0.0	0.0	0.0	0			0					False	False	2.4588870686409585	5.4979243986254325			False	False
570	5	0	5	0.8055453720894763	0.8223525780645176	-7.7824726242531455	0.0	5e-05	0.0	2.9070348723265624	7.5007500750074945	0.08494194173244463	0.0	0.0	0.0	0			0					False	False	2.9063749011000493	7.497319587628865			False	False
571	7	0	7	0.7708347029591975	0.8223525780645176	-7.928600659906566	0.0	7e-05	0.0	2.459575895355341	5.500550055005496	0.08494194173244463	0.0	0.0	0.0	0			0					False	False	2.4588870686409585	5.4979243986254325			False	False
572	12	0	12	0.7029147451535467	0.8223525780645176	-8.162683865914083	0.0	0.00012	0.0	1.7226103011891354	3.3003300330032985	0.08494194173244463	0.0	0.0	0.0	0			0					False	False	1.7218493332299811	3.298589690721652			False	False
573	8	0	8	0.7554992569419738	0.8223525780645176	-7.986592606876497	0.0	8e-05	0.0	2.2790036497135198	4.853426519122495	0.08494194173244463	0.0	0.0	0.0	0			0					False	False	2.2783003950387712	4.851061249241967			False	False
574	5	0	5	0.8055453720894763	0.8223525780645176	-7.7824726242531455	0.0	5e-05	0.0	2.9070348723265624	7.5007500750074945	0.08494194173244463	0.0	0.0	0.0	0			0					False	False	2.9063749011000493	7.497319587628865			False	False
575	10	0	10	0.7277235597421565	0.8223525780645176	-8.083502619873697	0.0	0.0001	0.0	1.974149068185099	3.928964325003925	0.08494194173244463	0.0	0.0	0.0	0			0					False	False	1.9734169571567417	3.9269710358370173			False	False
576	7	0	7	0.7708347029591975	0.8223525780645176	-7.928600659906566	0.0	7e-05	0.0	2.459575895355341	5.500550055005496	0.08494194173244463	0.0	0.0	0.0	0			0					False	False	2.4588870686409585	5.4979243986254325			False	False
577	4	0	4	0.8257262065182733	0.8354836801551214	-7.685562611266803	0.0	4e-05	0.0	3.1965414895215485	9.167583425009168	0.07806202893970836	0.0	0.0	0.0	0			0					False	False	3.195895945822544	9.163482245131727			False	False
578	6	0	6	0.7874106580408542	0.8223525780645176	-7.861653870286293	0.0	6e-05	0.0	2.666026772822768	6.346788525006344	0.08494194173244463	0.0	0.0	0.0	0			0					False	False	2.6653523739244616	6.343822363203804			False	False
579	5	0	5	0.8055453720894763	0.8223525780645176	-7.7824726242531455	0.0	5e-05	0.0	2.9070348723265624	7.5007500750074945	0.08494194173244463	0.0	0.0	0.0	0			0					False	False	2.9063749011000493	7.497319587628865			False	False
580	6	0	6	0.7874106580408542	0.8223525780645176	-7.861653870286293	0.0	6e-05	0.0	2.666026772822768	6.346788525006344	0.08494194173244463	0.0	0.0	0.0	0			0					False	False	2.6653523739244616	6.343822363203804			False	False
581	5	0	5	0.8055453720894763	0.8223525780645176	-7.7824726242531455	0.0	5e-05	0.0	2.9070348723265624	7.5007500750074945	0.08494194173244463	0.0	0.0	0.0	0			0					False	False	2.9063749011000493	7.497319587628865			False	False
582	9	0	9	0.7411827675682712	0.8223525780645176	-8.037745129317846	0.0	9e-05	0.0	2.1185389775202754	4.342539517109606	0.08494194173244463	0.0	0.0	0.0	0			0					False	False	2.1178212947408674	4.340379815518178			False	False
583	16	0	16	0.6596483621232303	0.8223525780645176	-8.287622602513336	0.0	0.00016	0.0	1.3220723716054064	2.5002500250024986	0.08494194173244463	0.0	0.0	0.0	0			0					False	False	1.3212536880530035	2.4988316151202756			False	False
584	8	0	8	0.7554992569419738	0.8223525780645176	-7.986592606876497	0.0	8e-05	0.0	2.2790036497135198	4.853426519122495	0.08494194173244463	0.0	0.0	0.0	0			0					False	False	2.2783003950387712	4.851061249241967			False	False
585	8	0	8	0.7554992569419738	0.8223525780645176	-7.986592606876497	0.0	8e-05	0.0	2.2790036497135198	4.853426519122495	0.08494194173244463	0.0	0.0	0.0	0			0					False	False	2.2783003950387712	4.851061249241967			False	False
586	6	0	6	0.7874106580408542	0.8223525780645176	-7.861653870286293	0.0	6e-05	0.0	2.666026772822768	6.346788525006344	0.08494194173244463	0.0	0.0	0.0	0			0					False	False	2.6653523739244616	6.343822363203804			False	False
587	21	0	21	0.6138730239787309	0.8223525780645176	-8.405721914584868	0.0	0.00021	0.0	0.9402017362617627	1.918796530815872	0.08494194173244463	0.0	0.0	0.0	0			0					False	False	0.9393109049707054	1.9176120834332286			False	False
588	5	0	5	0.8055453720894763	0.8223525780645176	-7.7824726242531455	0.0	5e-05	0.0	2.9070348723265624	7.5007500750074945	0.08494194173244463	0.0	0.0	0.0	0			0					False	False	2.9063749011000493	7.497319587628865			False	False
589	6	0	6	0.7874106580408542	0.8223525780645176	-7.861653870286293	0.0	6e-05	0.0	2.666026772822768	6.346788525006344	0.08494194173244463	0.0	0.0	0.0	0			0					False	False	2.6653523739244616	6.343822363203804			False	False
590	7	0	7	0.7708347029591975	0.8223525780645176	-7.928600659906566	0.0	7e-05	0.0	2.459575895355341	5.500550055005496	0.08494194173244463	0.0	0.0	0.0	0			0					False	False	2.4588870686409585	5.4979243986254325			False	False
591	6	0	6	0.7874106580408542	0.8223525780645176	-7.861653870286293	0.0	6e-05	0.0	2.666026772822768	6.346788525006344	0.08494194173244463	0.0	0.0	0.0	0			0					False	False	2.6653523739244616	6.343822363203804			False	False
592	5	0	5	0.8055453720894763	0.8223525780645176	-7.7824726242531455	0.0	5e-05	0.0	2.9070348723265624	7.5007500750074945	0.08494194173244463	0.0	0.0	0.0	0			0					False	False	2.9063749011000493	7.497319587628865			False	False
593	7	0	7	0.7708347029591975	0.8223525780645176	-7.928600659906566	0.0	7e-05	0.0	2.459575895355341	5.500550055005496	0.08494194173244463	0.0	0.0	0.0	0			0					False	False	2.4588870686409585	5.4979243986254325			False	False
594	7	0	7	0.7708347029591975	0.8223525780645176	-7.928600659906566	0.0	7e-05	0.0	2.459575895355341	5.500550055005496	0.08494194173244463	0.0	0.0	0.0	0			0					False	False	2.4588870686409585	5.4979243986254325			False	False
595	7	0	7	0.7708347029591975	0.8223525780645176	-7.928600659906566	0.0	7e-05	0.0	2.459575895355341	5.500550055005496	0.08494194173244463	0.0	0.0	0.0	0			0					False	False	2.4588870686409585	5.4979243986254325			False	False
596	7	0	7	0.7708347029591975	0.8223525780645176	-7.928600659906566	0.0	7e-05	0.0	2.459575895355341	5.500550055005496	0.08494194173244463	0.0	0.0	0.0	0			0					False	False	2.4588870686409585	5.4979243986254325			False	False
597	5	0	5	0.8055453720894763	0.8223525780645176	-7.7824726242531455	0.0	5e-05	0.0	2.9070348723265624	7.5007500750074945	0.08494194173244463	0.0	0.0	0.0	0			0					False	False	2.9063749011000493	7.497319587628865			False	False
598	8	0	8	0.7554992569419738	0.8223525780645176	-7.986592606876497	0.0	8e-05	0.0	2.2790036497135198	4.853426519122495	0.08494194173244463	0.0	0.0	0.0	0			0					False	False	2.2783003950387712	4.851061249241967			False	False
599	5	0	5	0.8055453720894763	0.8223525780645176	-7.7824726242531455	0.0	5e-05	0.0	2.9070348723265624	7.5007500750074945	0.08494194173244463	0.0	0.0	0.0	0			0					False	False	2.9063749011000493	7.497319587628865			False	False
600	4	0	4	0.8257262065182733	0.8354836801551214	-7.685562611266803	0.0	4e-05	0.0	3.1965414895215485	9.167583425009168	0.07806202893970836	0.0	0.0	0.0	0			0					False	False	3.195895945822544	9.163482245131727			False	False
601	8	0	8	0.7554992569419738	0.8223525780645176	-7.986592606876497	0.0	8e-05	0.0	2.2790036497135198	4.853426519122495	0.08494194173244463	0.0	0.0	0.0	0			0					False	False	2.2783003950387712	4.851061249241967			False	False
602	7	0	7	0.7708347029591975	0.8223525780645176	-7.928600659906566	0.0	7e-05	0.0	2.459575895355341	5.500550055005496	0.08494194173244463	0.0	0.0	0.0	0			0					False	False	2.4588870686409585	5.4979243986254325			False	False
603	5	0	5	0.8055453720894763	0.8223525780645176	-7.7824726242531455	0.0	5e-05	0.0	2.9070348723265624	7.5007500750074945	0.08494194173244463	0.0	0.0	0.0	0			0					False	False	2.9063749011000493	7.497319587628865			False	False
604	10	0	10	0.7277235597421565	0.8223525780645176	-8.083502619873697	0.0	0.0001	0.0	1.974149068185099	3.928964325003925	0.08494194173244463	0.0	0.0	0.0	0			0					False	False	1.9734169571567417	3.9269710358370173			False	False
605	6	0	6	0.7874106580408542	0.8223525780645176	-7.861653870286293	0.0	6e-05	0.0	2.666026772822768	6.346788525006344	0.08494194173244463	0.0	0.0	0.0	0			0					False	False	2.6653523739244616	6.343822363203804			False	False
606	5	0	5	0.8055453720894763	0.8223525780645176	-7.7824726242531455	0.0	5e-05	0.0	2.9070348723265624	7.5007500750074945	0.08494194173244463	0.0	0.0	0.0	0			0					False	False	2.9063749011000493	7.497319587628865			False	False
607	7	0	7	0.7708347029591975	0.8223525780645176	-7.928600659906566	0.0	7e-05	0.0	2.459575895355341	5.500550055005496	0.08494194173244463	0.0	0.0	0.0	0			0					False	False	2.4588870686409585	5.4979243986254325			False	False
608	5	0	5	0.8055453720894763	0.8223525780645176	-7.7824726242531455	0.0	5e-05	0.0	2.9070348723265624	7.5007500750074945	0.08494194173244463	0.0	0.0	0.0	0			0					False	False	2.9063749011000493	7.497319587628865			False	False
609	14	0	14	0.6803752319012593	0.8223525780645176	-8.229630655539527	0.0	0.00014	0.0	1.5084854958362879	2.8451120974166364	0.08494194173244463	0.0	0.0	0.0	0			0					False	False	1.5076956703691256	2.8435549235691435			False	False
610	6	0	6	0.7874106580408542	0.8223525780645176	-7.861653870286293	0.0	6e-05	0.0	2.666026772822768	6.346788525006344	0.08494194173244463	0.0	0.0	0.0	0			0					False	False	2.6653523739244616	6.343822363203804			False	False
611	5	0	5	0.8055453720894763	0.8223525780645176	-7.7824726242531455	0.0	5e-05	0.0	2.9070348723265624	7.5007500750074945	0.08494194173244463	0.0	0.0	0.0	0			0					False	False	2.9063749011000493	7.497319587628865			False	False
612	5	0	5	0.8055453720894763	0.8223525780645176	-7.7824726242531455	0.0	5e-05	0.0	2.9070348723265624	7.5007500750074945	0.08494194173244463	0.0	0.0	0.0	0			0					False	False	2.9063749011000493	7.497319587628865			False	False
613	5	0	5	0.8055453720894763	0.8223525780645176	-7.7824726242531455	0.0	5e-05	0.0	2.9070348723265624	7.5007500750074945	0.08494194173244463	0.0	0.0	0.0	0			0					False	False	2.9063749011000493	7.497319587628865			False	False
614	8	0	8	0.7554992569419738	0.8223525780645176	-7.986592606876497	0.0	8e-05	0.0	2.2790036497135198	4.853426519122495	0.08494194173244463	0.0	0.0	0.0	0			0					False	False	2.2783003950387712	4.851061249241967			False	False
615	10	0	10	0.7277235597421565	0.8223525780645176	-8.083502619873697	0.0	0.0001	0.0	1.974149068185099	3.928964325003925	0.08494194173244463	0.0	0.0	0.0	0			0					False	False	1.9734169571567417	3.9269710358370173			False	False
616	4	0	4	0.8257262065182733	0.8354836801551214	-7.685562611266803	0.0	4e-05	0.0	3.1965414895215485	9.167583425009168	0.07806202893970836	0.0	0.0	0.0	0			0					False	False	3.195895945822544	9.163482245131727			False	False
617	9	0	9	0.7411827675682712	0.8223525780645176	-8.037745129317846	0.0	9e-05	0.0	2.1185389775202754	4.342539517109606	0.08494194173244463	0.0	0.0	0.0	0			0					False	False	2.1178212947408674	4.340379815518178			False	False
618	7	0	7	0.7708347029591975	0.8223525780645176	-7.928600659906566	0.0	7e-05	0.0	2.459575895355341	5.500550055005496	0.08494194173244463	0.0	0.0	0.0	0			0					False	False	2.4588870686409585	5.4979243986254325			False	False
619	6	0	6	0.7874106580408542	0.8223525780645176	-7.861653870286293	0.0	6e-05	0.0	2.666026772822768	6.346788525006344	0.08494194173244463	0.0	0.0	0.0	0			0					False	False	2.6653523739244616	6.343822363203804			False	False
620	7	0	7	0.7708347029591975	0.8223525780645176	-7.928600659906566	0.0	7e-05	0.0	2.459575895355341	5.500550055005496	0.08494194173244463	0.0	0.0	0.0	0			0					False	False	2.4588870686409585	5.4979243986254325			False	False
621	5	0	5	0.8055453720894763	0.8223525780645176	-7.7824726242531455	0.0	5e-05	0.0	2.9070348723265624	7.5007500750074945	0.08494194173244463	0.0	0.0	0.0	0			0					False	False	2.9063749011000493	7.497319587628865			False	False
622	5	0	5	0.8055453720894763	0.8223525780645176	-7.7824726242531455	0.0	5e-05	0.0	2.9070348723265624	7.5007500750074945	0.08494194173244463	0.0	0.0	0.0	0			0					False	False	2.9063749011000493	7.497319587628865			False	False
623	5	0	5	0.8055453720894763	0.8223525780645176	-7.7824726242531455	0.0	5e-05	0.0	2.9070348723265624	7.5007500750074945	0.08494194173244463	0.0	0.0	0.0	0			0					False	False	2.9063749011000493	7.497319587628865			False	False
624	7	0	7	0.7708347029591975	0.8223525780645176	-7.928600659906566	0.0	7e-05	0.0	2.459575895355341	5.500550055005496	0.08494194173244463	0.0	0.0	0.0	0			0					False	False	2.4588870686409585	5.4979243986254325			False	False
625	5	0	5	0.8055453720894763	0.8223525780645176	-7.7824726242531455	0.0	5e-05	0.0	2.9070348723265624	7.5007500750074945	0.08494194173244463	0.0	0.0	0.0	0			0					False	False	2.9063749011000493	7.497319587628865			False	False
626	7	0	7	0.7708347029591975	0.8223525780645176	-7.928600659906566	0.0	7e-05	0.0	2.459575895355341	5.500550055005496	0.08494194173244463	0.0	0.0	0.0	0			0					False	False	2.4588870686409585	5.4979243986254325			False	False
627	5	0	5	0.8055453720894763	0.8223525780645176	-7.7824726242531455	0.0	5e-05	0.0	2.9070348723265624	7.5007500750074945	0.08494194173244463	0.0	0.0	0.0	0			0					False	False	2.9063749011000493	7.497319587628865			False	False
628	6	0	6	0.7874106580408542	0.8223525780645176	-7.861653870286293	0.0	6e-05	0.0	2.666026772822768	6.346788525006344	0.08494194173244463	0.0	0.0	0.0	0			0					False	False	2.6653523739244616	6.343822363203804			False	False
629	5	0	5	0.8055453720894763	0.8223525780645176	-7.7824726242531455	0.0	5e-05	0.0	2.9070348723265624	7.5007500750074945	0.08494194173244463	0.0	0.0	0.0	0			0					False	False	2.9063749011000493	7.497319587628865			False	False
630	6	0	6	0.7874106580408542	0.8223525780645176	-7.861653870286293	0.0	6e-05	0.0	2.666026772822768	6.346788525006344	0.08494194173244463	0.0	0.0	0.0	0			0					False	False	2.6653523739244616	6.343822363203804			False	False
631	5	0	5	0.8055453720894763	0.8223525780645176	-7.7824726242531455	0.0	5e-05	0.0	2.9070348723265624	7.5007500750074945	0.08494194173244463	0.0	0.0	0.0	0			0					False	False	2.9063749011000493	7.497319587628865			False	False
632	5	0	5	0.8055453720894763	0.8223525780645176	-7.7824726242531455	0.0	5e-05	0.0	2.9070348723265624	7.5007500750074945	0.08494194173244463	0.0	0.0	0.0	0			0					False	False	2.9063749011000493	7.497319587628865			False	False
633	5	0	5	0.8055453720894763	0.8223525780645176	-7.7824726242531455	0.0	5e-05	0.0	2.9070348723265624	7.5007500750074945	0.08494194173244463	0.0	0.0	0.0	0			0					False	False	2.9063749011000493	7.497319587628865			False	False
634	5	0	5	0.8055453720894763	0.8223525780645176	-7.7824726242531455	0.0	5e-05	0.0	2.9070348723265624	7.5007500750074945	0.08494194173244463	0.0	0.0	0.0	0			0					False	False	2.9063749011000493	7.497319587628865			False	False
635	6	0	6	0.7874106580408542	0.8223525780645176	-7.861653870286293	0.0	6e-05	0.0	2.666026772822768	6.346788525006344	0.08494194173244463	0.0	0.0	0.0	0			0					False	False	2.6653523739244616	6.343822363203804			False	False
636	7	0	7	0.7708347029591975	0.8223525780645176	-7.928600659906566	0.0	7e-05	0.0	2.459575895355341	5.500550055005496	0.08494194173244463	0.0	0.0	0.0	0			0					False	False	2.4588870686409585	5.4979243986254325			False	False
637	5	0	5	0.8055453720894763	0.8223525780645176	-7.7824726242531455	0.0	5e-05	0.0	2.9070348723265624	7.5007500750074945	0.08494194173244463	0.0	0.0	0.0	0			0					False	False	2.9063749011000493	7.497319587628865			False	False
638	5	0	5	0.8055453720894763	0.8223525780645176	-7.7824726242531455	0.0	5e-05	0.0	2.9070348723265624	7.5007500750074945	0.08494194173244463	0.0	0.0	0.0	0			0					False	False	2.9063749011000493	7.497319587628865			False	False
639	5	0	5	0.8055453720894763	0.8223525780645176	-7.7824726242531455	0.0	5e-05	0.0	2.9070348723265624	7.5007500750074945	0.08494194173244463	0.0	0.0	0.0	0			0					False	False	2.9063749011000493	7.497319587628865			False	False
640	5	0	5	0.8055453720894763	0.8223525780645176	-7.7824726242531455	0.0	5e-05	0.0	2.9070348723265624	7.5007500750074945	0.08494194173244463	0.0	0.0	0.0	0			0					False	False	2.9063749011000493	7.497319587628865			False	False
641	5	0	5	0.8055453720894763	0.8223525780645176	-7.7824726242531455	0.0	5e-05	0.0	2.9070348723265624	7.5007500750074945	0.08494194173244463	0.0	0.0	0.0	0			0					False	False	2.9063749011000493	7.497319587628865			False	False
642	5	0	5	0.8055453720894763	0.8223525780645176	-7.7824726242531455	0.0	5e-05	0.0	2.9070348723265624	7.5007500750074945	0.08494194173244463	0.0	0.0	0.0	0			0					False	False	2.9063749011000493	7.497319587628865			False	False
643	5	0	5	0.8055453720894763	0.8223525780645176	-7.7824726242531455	0.0	5e-05	0.0	2.9070348723265624	7.5007500750074945	0.08494194173244463	0.0	0.0	0.0	0			0					False	False	2.9063749011000493	7.497319587628865			False	False
644	6	0	6	0.7874106580408542	0.8223525780645176	-7.861653870286293	0.0	6e-05	0.0	2.666026772822768	6.346788525006344	0.08494194173244463	0.0	0.0	0.0	0			0					False	False	2.6653523739244616	6.343822363203804			False	False
645	5	0	5	0.8055453720894763	0.8223525780645176	-7.7824726242531455	0.0	5e-05	0.0	2.9070348723265624	7.5007500750074945	0.08494194173244463	0.0	0.0	0.0	0			0					False	False	2.9063749011000493	7.497319587628865			False	False
646	8	0	8	0.7554992569419738	0.8223525780645176	-7.986592606876497	0.0	8e-05	0.0	2.2790036497135198	4.853426519122495	0.08494194173244463	0.0	0.0	0.0	0			0					False	False	2.2783003950387712	4.851061249241967			False	False
647	5	0	5	0.8055453720894763	0.8223525780645176	-7.7824726242531455	0.0	5e-05	0.0	2.9070348723265624	7.5007500750074945	0.08494194173244463	0.0	0.0	0.0	0			0					False	False	2.9063749011000493	7.497319587628865			False	False
648	5	0	5	0.8055453720894763	0.8223525780645176	-7.7824726242531455	0.0	5e-05	0.0	2.9070348723265624	7.5007500750074945	0.08494194173244463	0.0	0.0	0.0	0			0					False	False	2.9063749011000493	7.497319587628865			False	False
649	5	0	5	0.8055453720894763	0.8223525780645176	-7.7824726242531455	0.0	5e-05	0.0	2.9070348723265624	7.5007500750074945	0.08494194173244463	0.0	0.0	0.0	0			0					False	False	2.9063749011000493	7.497319587628865			False	False
650	5	0	5	0.8055453720894763	0.8223525780645176	-7.7824726242531455	0.0	5e-05	0.0	2.9070348723265624	7.5007500750074945	0.08494194173244463	0.0	0.0	0.0	0			0					False	False	2.9063749011000493	7.497319587628865			False	False
651	5	0	5	0.8055453720894763	0.8223525780645176	-7.7824726242531455	0.0	5e-05	0.0	2.9070348723265624	7.5007500750074945	0.08494194173244463	0.0	0.0	0.0	0			0					False	False	2.9063749011000493	7.497319587628865			False	False
652	6	0	6	0.7874106580408542	0.8223525780645176	-7.861653870286293	0.0	6e-05	0.0	2.666026772822768	6.346788525006344	0.08494194173244463	0.0	0.0	0.0	0			0					False	False	2.6653523739244616	6.343822363203804			False	False
653	6	0	6	0.7874106580408542	0.8223525780645176	-7.861653870286293	0.0	6e-05	0.0	2.666026772822768	6.346788525006344	0.08494194173244463	0.0	0.0	0.0	0			0					False	False	2.6653523739244616	6.343822363203804			False	False
654	4	0	4	0.8257262065182733	0.8354836801551214	-7.685562611266803	0.0	4e-05	0.0	3.1965414895215485	9.167583425009168	0.07806202893970836	0.0	0.0	0.0	0			0					False	False	3.195895945822544	9.163482245131727			False	False
655	5	0	5	0.8055453720894763	0.8223525780645176	-7.7824726242531455	0.0	5e-05	0.0	2.9070348723265624	7.5007500750074945	0.08494194173244463	0.0	0.0	0.0	0			0					False	False	2.9063749011000493	7.497319587628865			False	False
656	6	0	6	0.7874106580408542	0.8223525780645176	-7.861653870286293	0.0	6e-05	0.0	2.666026772822768	6.346788525006344	0.08494194173244463	0.0	0.0	0.0	0			0					False	False	2.6653523739244616	6.343822363203804			False	False
657	6	0	6	0.7874106580408542	0.8223525780645176	-7.861653870286293	0.0	6e-05	0.0	2.666026772822768	6.346788525006344	0.08494194173244463	0.0	0.0	0.0	0			0					False	False	2.6653523739244616	6.343822363203804			False	False
658	4	0	4	0.8257262065182733	0.8354836801551214	-7.685562611266803	0.0	4e-05	0.0	3.1965414895215485	9.167583425009168	0.07806202893970836	0.0	0.0	0.0	0			0					False	False	3.195895945822544	9.163482245131727			False	False
659	7	0	7	0.7708347029591975	0.8223525780645176	-7.928600659906566	0.0	7e-05	0.0	2.459575895355341	5.500550055005496	0.08494194173244463	0.0	0.0	0.0	0			0					False	False	2.4588870686409585	5.4979243986254325			False	False
660	5	0	5	0.8055453720894763	0.8223525780645176	-7.7824726242531455	0.0	5e-05	0.0	2.9070348723265624	7.5007500750074945	0.08494194173244463	0.0	0.0	0.0	0			0					False	False	2.9063749011000493	7.497319587628865			False	False
661	5	0	5	0.8055453720894763	0.8223525780645176	-7.7824726242531455	0.0	5e-05	0.0	2.9070348723265624	7.5007500750074945	0.08494194173244463	0.0	0.0	0.0	0			0					False	False	2.9063749011000493	7.497319587628865			False	False
662	5	0	5	0.8055453720894763	0.8223525780645176	-7.7824726242531455	0.0	5e-05	0.0	2.9070348723265624	7.5007500750074945	0.08494194173244463	0.0	0.0	0.0	0			0					False	False	2.9063749011000493	7.497319587628865			False	False
663	5	0	5	0.8055453720894763	0.8223525780645176	-7.7824726242531455	0.0	5e-05	0.0	2.9070348723265624	7.5007500750074945	0.08494194173244463	0.0	0.0	0.0	0			0					False	False	2.9063749011000493	7.497319587628865			False	False
664	5	0	5	0.8055453720894763	0.8223525780645176	-7.7824726242531455	0.0	5e-05	0.0	2.9070348723265624	7.5007500750074945	0.08494194173244463	0.0	0.0	0.0	0			0					False	False	2.9063749011000493	7.497319587628865			False	False
665	5	0	5	0.8055453720894763	0.8223525780645176	-7.7824726242531455	0.0	5e-05	0.0	2.9070348723265624	7.5007500750074945	0.08494194173244463	0.0	0.0	0.0	0			0					False	False	2.9063749011000493	7.497319587628865			False	False
666	5	0	5	0.8055453720894763	0.8223525780645176	-7.7824726242531455	0.0	5e-05	0.0	2.9070348723265624	7.5007500750074945	0.08494194173244463	0.0	0.0	0.0	0			0					False	False	2.9063749011000493	7.497319587628865			False	False
667	6	0	6	0.7874106580408542	0.8223525780645176	-7.861653870286293	0.0	6e-05	0.0	2.666026772822768	6.346788525006344	0.08494194173244463	0.0	0.0	0.0	0			0					False	False	2.6653523739244616	6.343822363203804			False	False
668	7	0	7	0.7708347029591975	0.8223525780645176	-7.928600659906566	0.0	7e-05	0.0	2.459575895355341	5.500550055005496	0.08494194173244463	0.0	0.0	0.0	0			0					False	False	2.4588870686409585	5.4979243986254325			False	False
669	6	0	6	0.7874106580408542	0.8223525780645176	-7.861653870286293	0.0	6e-05	0.0	2.666026772822768	6.346788525006344	0.08494194173244463	0.0	0.0	0.0	0			0					False	False	2.6653523739244616	6.343822363203804			False	False
670	5	0	5	0.8055453720894763	0.8223525780645176	-7.7824726242531455	0.0	5e-05	0.0	2.9070348723265624	7.5007500750074945	0.08494194173244463	0.0	0.0	0.0	0			0					False	False	2.9063749011000493	7.497319587628865			False	False
671	5	0	5	0.8055453720894763	0.8223525780645176	-7.7824726242531455	0.0	5e-05	0.0	2.9070348723265624	7.5007500750074945	0.08494194173244463	0.0	0.0	0.0	0			0					False	False	2.9063749011000493	7.497319587628865			False	False
672	5	0	5	0.8055453720894763	0.8223525780645176	-7.7824726242531455	0.0	5e-05	0.0	2.9070348723265624	7.5007500750074945	0.08494194173244463	0.0	0.0	0.0	0			0					False	False	2.9063749011000493	7.497319587628865			False	False
673	5	0	5	0.8055453720894763	0.8223525780645176	-7.7824726242531455	0.0	5e-05	0.0	2.9070348723265624	7.5007500750074945	0.08494194173244463	0.0	0.0	0.0	0			0					False	False	2.9063749011000493	7.497319587628865			False	False
674	6	0	6	0.7874106580408542	0.8223525780645176	-7.861653870286293	0.0	6e-05	0.0	2.666026772822768	6.346788525006344	0.08494194173244463	0.0	0.0	0.0	0			0					False	False	2.6653523739244616	6.343822363203804			False	False
675	5	0	5	0.8055453720894763	0.8223525780645176	-7.7824726242531455	0.0	5e-05	0.0	2.9070348723265624	7.5007500750074945	0.08494194173244463	0.0	0.0	0.0	0			0					False	False	2.9063749011000493	7.497319587628865			False	False
676	6	0	6	0.7874106580408542	0.8223525780645176	-7.861653870286293	0.0	6e-05	0.0	2.666026772822768	6.346788525006344	0.08494194173244463	0.0	0.0	0.0	0			0					False	False	2.6653523739244616	6.343822363203804			False	False
677	6	0	6	0.7874106580408542	0.8223525780645176	-7.861653870286293	0.0	6e-05	0.0	2.666026772822768	6.346788525006344	0.08494194173244463	0.0	0.0	0.0	0			0					False	False	2.6653523739244616	6.343822363203804			False	False
678	5	0	5	0.8055453720894763	0.8223525780645176	-7.7824726242531455	0.0	5e-05	0.0	2.9070348723265624	7.5007500750074945	0.08494194173244463	0.0	0.0	0.0	0			0					False	False	2.9063749011000493	7.497319587628865			False	False
679	5	0	5	0.8055453720894763	0.8223525780645176	-7.7824726242531455	0.0	5e-05	0.0	2.9070348723265624	7.5007500750074945	0.08494194173244463	0.0	0.0	0.0	0			0					False	False	2.9063749011000493	7.497319587628865			False	False
680	5	0	5	0.8055453720894763	0.8223525780645176	-7.7824726242531455	0.0	5e-05	0.0	2.9070348723265624	7.5007500750074945	0.08494194173244463	0.0	0.0	0.0	0			0					False	False	2.9063749011000493	7.497319587628865			False	False
681	5	0	5	0.8055453720894763	0.8223525780645176	-7.7824726242531455	0.0	5e-05	0.0	2.9070348723265624	7.5007500750074945	0.08494194173244463	0.0	0.0	0.0	0			0					False	False	2.9063749011000493	7.497319587628865			False	False
682	5	0	5	0.8055453720894763	0.8223525780645176	-7.7824726242531455	0.0	5e-05	0.0	2.9070348723265624	7.5007500750074945	0.08494194173244463	0.0	0.0	0.0	0			0					False	False	2.9063749011000493	7.497319587628865			False	False
683	5	0	5	0.8055453720894763	0.8223525780645176	-7.7824726242531455	0.0	5e-05	0.0	2.9070348723265624	7.5007500750074945	0.08494194173244463	0.0	0.0	0.0	0			0					False	False	2.9063749011000493	7.497319587628865			False	False
684	5	1	4	1.5489706381321966e-05	0.0004244179548482	1.314437389167491	0.0008250825082508251	4e-05	0.2	4.781503990242705	27.502750275027502	3.3722062517109537	0.6931471805599453	3.314286009672859	11.176456001776966	0			7	71.5655288696289	71.5655288696289			False	False	4.7820487890542065	27.513137983216396			False	False
