cluster_id	cluster_size	sample	background	enrichment_pvalue_zbinom	enrichment_fdr_zbinom	log_fold_change	sample_usage	background_usage	sample_fraction_in_cluster	log2fc_smooth	fc_smooth	minus_log10_fdr	support_log	enrichment_support_score	enrichment_stat_score	internal_edges_n	internal_mreach_q90	cohesion	external_edges_n	external_mreach_q10	separation	density_validity	geometry_score	has_density_validity	is_sample_knn_closed	log2_odds	odds_ratio	dbcv_with_odds	redcea_auxiliary_validity	is_good_candidate	is_good_candidate_relaxed
0	3872	1596	2276	3.3306690738754696e-15	1.5154544286133387e-14	0.0853858630268638	0.004404897274262814	0.003618677847045674	0.4121900826446281	0.28378069693000363	1.2173809513654483	13.819457118814228	7.3758821482150125	2.0931329764940285	28.925961412635218	11082	22.33806800842285	22.33806800842285	90	18.08338680267334	18.08338680267334	-0.19046773445873796	0.0	True	False	0.28491869201481546	1.2183415979563124	0.0	0.0	False	False
1	4652	1801	2851	8.742882108259131e-05	0.0001700004854383	0.0400417292452676	0.004970689217385545	0.004532886881338847	0.38714531384350814	0.13316322243619094	1.0966956586140528	3.769549838487173	7.496652438168283	0.9982783961506162	3.7630601669747894	12521	29.451894760131836	29.451894760131836	86	22.976465225219727	22.976465225219727	-0.21986461610197344	0.0	True	False	0.13379700461516197	1.0971775476062704	0.0	0.0	False	False
2	2092	717	1375	0.0075590085532375	0.0116194219314969	-0.0432583087630859	0.001978891820580475	0.0021861520385271535	0.3427342256214149	-0.14321979937404983	0.9054960171870979	1.9348154776432696	6.576469569048224	0.0	0.0	4950	27.947494506835938	27.947494506835938	69	23.40153923034668	23.40153923034668	-0.16266056606173845	0.0	True	False	-0.14352028209847845	0.9053074412444331	0.0	0.0	False	False
3	6810	2246	4564	6.3726801613484e-14	2.645156820852373e-13	-0.0684106500855345	0.006198871728066592	0.0072564348391548576	0.32980910425844345	-0.22709216933320509	0.8543551570321858	12.577548575268905	7.717351272185329	0.0	0.0	15618	30.790464401245117	30.790464401245117	104	22.265422821044922	22.265422821044922	-0.2768727833756043	0.0	True	False	-0.22862909274952248	0.853445485038253	0.0	0.0	False	False
4	5813	2006	3807	6.141159347827774e-05	0.0001204408406578	-0.03872671439476	0.005536481160508274	0.006052858771398453	0.34508859452950286	-0.12847727721555025	0.9147964820203548	3.9192262218426928	7.604396348796338	0.0	0.0	13824	24.581417083740234	24.581417083740234	218	20.785163116455077	20.785163116455077	-0.1544359283418306	0.0	True	False	-0.12922744279663068	0.9143209342227901	0.0	0.0	False	False
5	1016	300	716	3.0107373927279475e-08	8.105831441959857e-08	-0.1382665338522466	0.0008279882094478975	0.0011383889887894123	0.2952755905511811	-0.4579161101718512	0.7280371071689004	7.091202431508196	5.707110264748875	0.0	0.0	2062	33.96212387084961	33.96212387084961	38	22.491252899169922	22.491252899169922	-0.3377548181409636	0.0	True	False	-0.4583652089005277	0.7278105106635735	0.0	0.0	False	False
6	7292	2377	4915	0.0	0.0	-0.0759691067047744	0.006560426579525508	0.007814499832262517	0.325973669775096	-0.2522072291368813	0.8396108823298059	300.0	7.774015077250727	0.0	0.0	16437	29.942245483398438	29.942245483398438	202	19.118131637573242	19.118131637573242	-0.3614997362781845	0.0	True	False	-0.2540304207802393	0.838550502513163	0.0	0.0	False	False
7	5056	2438	2618	0.0	0.0	0.2085892928027438	0.006728784182113247	0.0041624334813557	0.4821993670886076	0.692938970965626	1.6165733517121037	300.0	7.79934339821592	5.404468988567288	270.2234494283644	17034	23.50255584716797	23.50255584716797	32	15.505354881286621	15.505354881286621	-0.34026941656411386	0.0	True	False	0.6966608543215669	1.6207491927151754	0.0	0.0	False	False
8	2483	960	1523	0.0052126196301129	0.0081503159164996	0.0390965634387984	0.002649562270233272	0.00242146149431044	0.38662907772855415	0.13015362235815076	1.094410231036446	2.08882555713322	6.8679744089702925	0.8938917475905631	1.8671839276776456	6677	27.51785659790039	27.51785659790039	43	23.39021224975586	23.39021224975586	-0.14999875929506337	0.0	True	False	0.1304826922208715	1.0946598877483413	0.0	0.0	False	False
9	3589	1275	2314	0.1113440049259446	0.1403366267072155	-0.0193279361104983	0.003518949890153564	0.0036790951397467878	0.35525215937587074	-0.06395206031030831	0.9566399460019335	0.8528289668840827	7.151485463904735	0.0	0.0	8803	25.36227798461914	25.36227798461914	122	21.159122657775878	21.159122657775878	-0.16572467699440288	0.0	True	False	-0.06418478238677672	0.9564856422350752	0.0	0.0	False	False
10	2197	795	1402	0.6558922335832598	0.7005421743670966	-0.0068556512388276	0.002194168755036928	0.0022290801149200505	0.3618570778334092	-0.02238133178599888	0.9846061583312998	0.15456571399196858	6.679599185844383	0.0	0.0	5557	26.29035186767578	26.29035186767578	8	24.699041175842286	24.699041175842286	-0.060528314715712336	0.0	True	False	-0.0224326556847938	0.9845711315747568	0.0	0.0	False	False
11	4146	1509	2637	0.7952111746296069	0.8317726079459106	-0.002895656282616	0.004164780693522924	0.004192642127706258	0.36396526772793053	-0.009414733589175661	0.9934954507214643	0.07999538598337282	7.31986492980897	0.0	0.0	10478	25.154678344726562	25.154678344726562	85	22.99708709716797	22.99708709716797	-0.08577296111643228	0.0	True	False	-0.009455945308814329	0.9934670711471061	0.0	0.0	False	False
12	3886	1371	2515	0.040516710625343	0.0555274196823225	-0.023975300867184	0.0037839061171768915	0.003998670819560576	0.3528049408131755	-0.07940496405811714	0.9464479263024591	1.2554925073984153	7.22402480828583	0.0	0.0	9581	28.9139347076416	28.9139347076416	16	41.50738716125488	41.50738716125488	0.3034026787734944	0.3034026787734944	True	False	-0.07971686137330103	0.9462433351366601	0.0	0.0	False	False
13	2682	1095	1587	2.1449142462159902e-09	6.337246636547242e-09	0.0783624261565173	0.0030221569644848256	0.0025232169346491584	0.4082774049217002	0.26051849582244024	1.1979091485264803	8.198099390427682	6.999422467507961	1.8234790128609673	14.949062183793167	7649	25.888376235961914	25.888376235961914	16	22.17753028869629	22.17753028869629	-0.14334023553438766	0.0	True	False	0.26123946839170387	1.1985079413764623	0.0	0.0	False	False
14	4036	1323	2713	1.1955585410561296e-09	3.602510835632709e-09	-0.0723647158388214	0.003651428003665228	0.004313476713108486	0.3277998017839445	-0.24011111046789058	0.8466801020149819	8.443394704240992	7.188412736496954	0.0	0.0	9252	30.801427650451636	30.801427650451636	9	31.83690986633301	31.83690986633301	0.032524582951952194	0.032524582951952194	True	False	-0.24107091020570515	0.8461170079042035	0.0	0.0	False	False
15	4006	1247	2759	0.0	0.0	-0.1053600132653465	0.0034416709906050936	0.00438661343585194	0.3112830753869196	-0.34968146658796506	0.7847573457656694	300.0	7.129297548929373	0.0	0.0	8699	26.765259933471675	26.765259933471675	30	27.10798206329346	27.10798206329346	0.012642849217679651	0.012642849217679651	True	False	-0.3510509332678007	0.7840127746033795	0.0	0.0	False	False
16	4249	1766	2483	0.0	0.0	0.0915392134221619	0.004874090592949957	0.003947793099391216	0.41562720640150624	0.3042046058325232	1.234737707393432	300.0	7.4770384723196965	2.2745495412666243	113.72747706333122	12259	29.535449981689453	29.535449981689453	103	20.20162010192871	20.20162010192871	-0.3160212519378328	0.0	True	False	0.3055460422687819	1.2358863163346914	0.0	0.0	False	False
17	3013	1032	1981	0.0012060743212707	0.0020630218653315	-0.0436795445120475	0.0028482794405007674	0.003149648864234394	0.34251576501825426	-0.14476558228206748	0.9045263384699967	2.685496169049392	6.940222469119639	0.0	0.0	7220	29.967918395996094	29.967918395996094	4	45.98654327392578	45.98654327392578	0.34833287604402735	0.34833287604402735	True	False	-0.1452025203445615	0.9042524329447743	0.0	0.0	False	False
18	6232	2307	3925	0.3325962345606768	0.3792764078323507	0.008733167175005	0.0063672293306543315	0.006240470364522965	0.37018613607188705	0.029139826143055103	1.0204035520670987	0.4210441709193673	7.744136627627991	0.2256627949571447	0.09501400441007816	15917	30.2407169342041	30.2407169342041	232	19.70850830078125	19.70850830078125	-0.34827906548439924	0.0	True	False	0.02932301124766923	1.0205331252574292	0.0	0.0	False	False
19	3924	1563	2361	3.5465835601655726e-08	9.492326587501977e-08	0.0603882246756592	0.0043138185712235455	0.0037538217912455344	0.3983180428134557	0.20076128715358355	1.1493046647463756	7.022627328112727	7.355001921105257	1.476599652698171	10.369609073719937	10901	25.590009689331055	25.590009689331055	40	21.103715705871583	21.103715705871583	-0.17531427451275605	0.0	True	False	0.2015716155905416	1.1499503839205483	0.0	0.0	False	False
20	3546	1487	2059	0.0	0.0	0.0981798556391093	0.004104061558163412	0.0032736633071472065	0.41934574168076705	0.32628114559352106	1.253777326837232	300.0	7.305188215393037	2.3835451796947296	119.17725898473648	10353	29.510889053344727	29.510889053344727	56	22.598626136779785	22.598626136779785	-0.2342275389965425	0.0	True	False	0.32748274432751323	1.2548220138751052	0.0	0.0	False	False
21	6257	2525	3732	4.440892098500626e-16	2.245117672019761e-15	0.0698449811153788	0.006968900762853137	0.0059336141147515176	0.40354802621064406	0.23211238478840723	1.1745534644243056	14.648760891645253	7.8343923029104365	1.8184594807964831	26.638178125333052	17564	25.788711547851562	25.788711547851562	111	22.722618103027344	22.722618103027344	-0.11889285120487737	0.0	True	False	0.23361483489535217	1.1757773039382176	0.0	0.0	False	False
22	2252	655	1597	0.0	0.0	-0.1475383824112033	0.0018077742572945761	0.0025391162222020832	0.2908525754884547	-0.4894626422334927	0.712290353774095	300.0	6.486160788944089	0.0	0.0	4494	31.696359634399414	31.696359634399414	91	28.52239990234375	28.52239990234375	-0.10013641215160338	0.0	True	False	-0.49052088859615317	0.711768065787918	0.0	0.0	False	False
23	3405	1271	2134	0.2338748749786927	0.2763975795202732	0.0144763692008007	0.0035079100473609254	0.0033929079637941423	0.3732745961820852	0.04831890282157758	1.034059286267725	0.5584657645018613	7.148345743900068	0.34540022333454506	0.19289419978364034	8877	26.250720596313492	26.250720596313492	20	27.4900146484375	27.4900146484375	0.04508160755725349	0.04508160755725349	True	False	0.04848454310436523	1.034178016630566	0.01562457637678288	0.01557119731855567	False	False
24	2702	1099	1603	7.266027557406572e-09	2.0282469562085842e-08	0.0755894038045754	0.003033196807277464	0.002548655794733838	0.4067357512953368	0.2513088537924286	1.1902864869153735	7.692879167095608	7.003065458786462	1.7599323534809739	13.538946937591328	7665	24.33895492553711	24.33895492553711	28	22.25488624572754	22.25488624572754	-0.08562687618205439	0.0	True	False	0.2520090080399022	1.1908642849762394	0.0	0.0	False	False
25	6718	2624	4094	4.1015646212727574e-08	1.0787352038607544e-07	0.0463412261123006	0.007242136871970943	0.006509168324167394	0.3905924382256624	0.15404091305720335	1.1126816744213825	6.967085148102409	7.872836175025724	1.2127388727507429	8.449254988868159	18149	24.67958641052246	24.67958641052246	220	21.32695369720459	21.32695369720459	-0.13584638970645116	0.0	True	False	0.15510483318268165	1.1135025277553343	0.0	0.0	False	False
26	1322	558	764	1.8819022340466063e-08	5.127338422103029e-08	0.103066074097204	0.0015400580695730892	0.0012147055690434512	0.42208774583963693	0.3427263825016187	1.2681508625781521	7.290108016672851	6.326149473155099	2.168138324098968	15.805962577769526	3833	24.53527069091797	24.53527069091797	73	20.629987716674805	20.629987716674805	-0.1591701605186998	0.0	True	False	0.3431955686834538	1.2685633514313939	0.0	0.0	False	False
27	1824	655	1169	0.4772883499342581	0.53357788506164	-0.01204797743466	0.0018077742572945761	0.0018586267149369037	0.35910087719298245	-0.039538572751563805	0.9729660882036053	0.2728021787068166	6.486160788944089	0.0	0.0	4513	32.67711639404297	32.67711639404297	72	29.84466552734375	29.84466552734375	-0.08667995157661997	0.0	True	False	-0.03961291754774798	0.9729159507180488	0.0	0.0	False	False
28	1431	392	1039	0.0	0.0	-0.1838042468009248	0.001081904593678586	0.0016519359767488819	0.27393431167016075	-0.6094395957002714	0.6554512577160816	300.0	5.973809611869261	0.0	0.0	2721	36.06404495239258	36.06404495239258	23	35.65201263427734	35.65201263427734	-0.01142501676279388	0.0	True	False	-0.6102639470980051	0.6550768419141667	0.0	0.0	False	False
29	3493	1578	1915	0.0	0.0	0.1554634543039137	0.0043552179816959405	0.0030447135663850904	0.45176066418551386	0.5165188382682144	1.4304993461810884	300.0	7.364547014255642	3.8039272681749714	190.19636340874857	10838	22.240232467651367	22.240232467651367	208	19.5843656539917	19.5843656539917	-0.11941722360693177	0.0	True	False	0.5184156689075357	1.4323813790917999	0.0	0.0	False	False
30	2036	885	1151	0.0	0.0	0.1253931808032524	0.0024425652178712977	0.0018300079973416392	0.4346758349705305	0.41673540433817813	1.3349034545614338	300.0	6.786716950605081	2.828265232539176	141.41326162695879	6000	22.624610900878906	22.624610900878906	195	18.597110748291016	18.597110748291016	-0.1780141179104845	0.0	True	False	0.41762018280875246	1.3357223775140155	0.0	0.0	False	False
31	6204	2648	3556	0.0	0.0	0.1114814622046335	0.007308375928726775	0.005653786653820042	0.4268214055448098	0.37040294847333044	1.292713838553758	300.0	7.88193748927207	2.919492885708854	145.97464428544268	18441	28.1900634765625	28.1900634765625	95	23.444948196411133	23.444948196411133	-0.16832581040821365	0.0	True	False	0.3728047363369411	1.2948677312333938	0.0	0.0	False	False
32	4070	1543	2527	0.0219061599888128	0.0312454633069274	0.0252859178784484	0.004258619357260352	0.004017749964624086	0.3791154791154791	0.0841799942038568	1.0600850339796206	1.5052130312414054	7.342131730584722	0.618060606524575	0.930312879037757	10671	26.357629776000977	26.357629776000977	130	21.71504020690918	21.71504020690918	-0.17613835570749786	0.0	True	False	0.08452809139607176	1.060340844899544	0.0	0.0	False	False
33	3500	1324	2176	0.0461600974598506	0.0625084653102143	0.0237543278127726	0.0036541879643633875	0.0034596849715164265	0.3782857142857143	0.0791234269608303	1.0563759976744354	1.204061163638986	7.1891677384203225	0.568831588460058	0.6849080243158302	9180	23.78878402709961	23.78878402709961	88	20.52476749420166	20.52476749420166	-0.13720821245758752	0.0	True	False	0.07940418981560704	1.0565815989928624	0.0	0.0	False	False
34	4420	1598	2822	0.4916072532579651	0.5468980445779319	-0.0074550007051331	0.004410417195659134	0.004486778947435366	0.36153846153846153	-0.024569233500733922	0.9831140974401948	0.26209362943306314	7.377133712833954	0.0	0.0	11174	31.20362091064453	31.20362091064453	12	22.944992065429688	22.944992065429688	-0.2646689263680154	0.0	True	False	-0.02468074014802646	0.983038114978569	0.0	0.0	False	False
35	4052	1546	2506	0.0069405752660878	0.0107413664832311	0.0297536566593879	0.004266899239354831	0.003984361460762943	0.38153998025666336	0.0990182026860289	1.0710443366230806	1.9689404655287857	7.344072850573066	0.7271968940590059	1.431807391119626	10796	29.108901977539062	29.108901977539062	26	25.03629207611084	25.03629207611084	-0.1399094306123508	0.0	True	False	0.09942665923770466	1.0713476141688931	0.0	0.0	False	False
36	3071	1168	1903	0.0300056836707345	0.0422680683287436	0.0275292882246092	0.003223634095450481	0.0030256344213215806	0.380332139368284	0.09168876759967226	1.065616825900087	1.3739875991862782	7.063903961472068	0.6476806486698167	0.8899051795052527	8033	24.402069091796875	24.402069091796875	143	20.875289916992188	20.875289916992188	-0.14452787431825884	0.0	True	False	0.0919744691510882	1.065827874333181	0.0	0.0	False	False
37	2859	938	1921	3.837044926235933e-07	8.924979951910725e-07	-0.0717992927472868	0.0025888431348737593	0.0030542531389168453	0.3280867436166492	-0.23811872285281943	0.8478501901261732	6.049392750765834	6.844815479208263	0.0	0.0	6511	23.185182571411133	23.185182571411133	55	21.077024459838867	21.077024459838867	-0.09092695755485507	0.0	True	False	-0.2387929130965709	0.8474540712167732	0.0	0.0	False	False
38	2295	947	1348	9.152112401267231e-10	2.7947725789104635e-09	0.0861853205392142	0.002613682781157196	0.002143223962134257	0.41263616557734206	0.28652793020195944	1.2197013417977203	8.553653526504819	6.854354502255021	1.9639640084016132	16.799067666393	6527	22.551937103271484	22.551937103271484	102	19.418585586547852	19.418585586547852	-0.1389393515233374	0.0	True	False	0.28720743024021544	1.220275948552612	0.0	0.0	False	False
39	6665	2757	3908	0.0	0.0	0.0880074447941901	0.007609211644826178	0.0062134415756829936	0.41365341335333833	0.29243145142406135	1.224702596387004	300.0	7.922261058353247	2.3167182998545606	115.83591499272802	19115	24.47054672241211	24.47054672241211	184	20.65168991088867	20.65168991088867	-0.15605931713923746	0.0	True	False	0.2944582842117134	1.2264243822006964	0.0	0.0	False	False
40	922	380	542	0.0001245531013176	0.000236131921248	0.0853095438138702	0.00104878506530067	0.0008617413853685217	0.4121475054229935	0.28395891955081254	1.21753134921073	3.626845299305106	5.942799375126701	1.687510889668222	6.1203409377193685	2650	27.485933303833008	27.485933303833008	10	29.439193534851075	29.439193534851075	0.0663489721179262	0.0663489721179262	True	False	0.2842281794626995	1.2177586065098849	0.11207078178167616	0.11196461296729371	True	True
41	3014	1011	2003	2.5248933444466104e-05	5.2219385078327626e-05	-0.0574045599672569	0.0027903202658394145	0.003184627296850828	0.3354346383543464	-0.1903405864934058	0.8763987996718091	4.282168246619959	6.919683849847411	0.0	0.0	7044	31.512726402282716	31.512726402282716	33	30.674671173095703	30.674671173095703	-0.02659418352092525	0.0	True	False	-0.19091200176546863	0.8760517488518197	0.0	0.0	False	False
42	3862	1212	2650	6.661338147750939e-16	3.3306690738754696e-15	-0.1002180203712405	0.003345072366169506	0.00421331120152506	0.3138270326255826	-0.3325941899318119	0.7941072708598313	14.47746851547134	7.10085190894405	0.0	0.0	8344	30.509252548217773	30.509252548217773	140	18.675859260559083	18.675859260559083	-0.38786244497326927	0.0	True	False	-0.3338523914897049	0.7934150168378938	0.0	0.0	False	False
43	1696	586	1110	0.0344232316497159	0.0477517390262827	-0.0379001290331114	0.0016173369691215597	0.0017648209183746477	0.3455188679245283	-0.12532077613936288	0.9168001745358886	1.3210108076244038	6.375024819828097	0.0	0.0	4072	26.29070472717285	26.29070472717285	30	20.302249717712403	20.302249717712403	-0.2277784133823944	0.0	True	False	-0.1255347561259459	0.9166642051620675	0.0	0.0	False	False
44	807	360	447	1.6630852250898442e-10	5.405026981541994e-10	0.145520211370691	0.000993585851337477	0.0007106981536157365	0.44609665427509293	0.4837971804683132	1.398419473813956	9.267202133735545	5.8888779583328805	2.8490225523634445	26.4024678763232	2490	21.122711181640625	21.122711181640625	30	19.691293716430664	19.691293716430664	-0.06776674892255859	0.0	True	False	0.4842048040599174	1.3988146434712794	0.0	0.0	False	False
45	1957	678	1279	0.0301459835529145	0.0423346373968398	-0.0361156168761841	0.0018712533533522483	0.002033518878019076	0.34644864588656105	-0.11947382324148315	0.920523320774876	1.3733041556803507	6.520621127558696	0.0	0.0	4738	32.189048767089844	32.189048767089844	8	47.327667236328125	47.327667236328125	0.31986825789752993	0.31986825789752993	True	False	-0.11970922625096136	0.9203731322208402	0.0	0.0	False	False
46	3591	1093	2498	0.0	0.0	-0.119447038353085	0.0030166370430885063	0.003971642030720603	0.30437204121414646	-0.39642339430868656	0.7597394312764777	300.0	6.9975959829819265	0.0	0.0	7607	29.59064064025884	29.59064064025884	44	20.10461254119873	20.10461254119873	-0.3205752864354725	0.0	True	False	-0.3978068518629181	0.7590112361751848	0.0	0.0	False	False
47	1594	535	1059	0.0023547662817808	0.003867937394261	-0.0570169443507494	0.0014765789735154172	0.0016837345518547313	0.335633626097867	-0.18873950424280395	0.8773719543781602	2.412520563944523	6.284134161070802	0.0	0.0	3723	35.958961486816406	35.958961486816406	22	48.131839752197266	48.131839752197266	0.2529069806608661	0.2529069806608661	True	False	-0.1890396845746345	0.8771894193314076	0.0	0.0	False	False
48	1449	443	1006	1.3805514953446618e-08	3.784041749288079e-08	-0.1166690207611849	0.0012226625892847287	0.0015994683278242302	0.305728088336784	-0.38665555924116646	0.7649007357717941	7.422044080677905	6.095824562432225	0.0	0.0	3055	33.204063415527344	33.204063415527344	46	36.098894119262695	36.098894119262695	0.08019167274685692	0.08019167274685692	True	False	-0.3872007877778909	0.7646117163315794	0.0	0.0	False	False
49	4054	1693	2361	0.0	0.0	0.0950862047653862	0.0046726134619843014	0.0037538217912455344	0.41761223482979776	0.31599005472270036	1.244865653820267	300.0	7.434847875211999	2.3493379869431923	117.46689934715961	11824	27.762279510498047	27.762279510498047	27	22.75649070739746	22.75649070739746	-0.18030899808525067	0.0	True	False	0.3173203503823663	1.2460140622317177	0.0	0.0	False	False
50	5989	2121	3868	0.0226807474283949	0.0322491877497491	-0.0214205631592042	0.005853876640796635	0.006149844425471294	0.35414927366839205	-0.07100399184052453	0.9519752744420807	1.49148121933086	7.660114319173928	0.0	0.0	14673	28.042848587036133	28.042848587036133	174	23.83628101348877	23.83628101348877	-0.15000500254071938	0.0	True	False	-0.07143440993988825	0.9516913015579423	0.0	0.0	False	False
51	552	196	356	0.5258997612267948	0.5822004655917071	-0.0196686928802978	0.000540952296839293	0.0005660146368841212	0.35507246376811596	-0.06368716080617354	0.9568156149456426	0.23492745158730013	5.2832037287379885	0.0	0.0	1353	39.31744384765625	39.31744384765625	19	33.047560119628905	33.047560119628905	-0.15946824397642267	0.0	True	False	-0.0637241825701853	0.9567910619067848	0.0	0.0	False	False
52	6049	2057	3992	3.844606748515389e-07	8.924979951910725e-07	-0.0484310071854016	0.005677239156114417	0.006346995591127561	0.34005620763762606	-0.16071437361049856	0.8945819946026157	6.049392750765834	7.629489916393995	0.0	0.0	14217	25.315759658813477	25.315759658813477	182	21.237225151062013	21.237225151062013	-0.16110654243518047	0.0	True	False	-0.16168732034611022	0.8939788961082057	0.0	0.0	False	False
53	2592	973	1619	0.185921437187182	0.2255846771204475	0.0183912252502616	0.0026854417593093474	0.0025740946548185174	0.3753858024691358	0.06139001930421806	1.0434706480727545	0.6466904032172427	6.881411303642535	0.4224499727708796	0.27319434323031333	6712	29.693716049194336	29.693716049194336	99	20.568180084228516	20.568180084228516	-0.3073221266697409	0.0	True	False	0.06155023637974644	1.043586536111699	0.0	0.0	False	False
54	1134	440	694	0.0442171308045724	0.060056103033076	0.0416184397667992	0.0012143827071902497	0.0011034105561729779	0.3880070546737213	0.13885292831813167	1.101029350888481	1.221442852059448	6.089044875446846	0.8454817116163079	1.0327075932007268	3077	32.41069412231445	32.41069412231445	3	40.029893493652345	40.029893493652345	0.19033773778454072	0.19033773778454072	True	False	0.13901236789119942	1.1011510379708889	0.1611118628107284	0.16092707632724948	False	False
55	3368	1434	1934	0.0	0.0	0.1096179153199822	0.00395778364116095	0.003074922212735647	0.42577197149643703	0.3642728427045574	1.2872326659195283	300.0	7.268920128193722	2.647870198489503	132.39350992447513	9984	23.129193305969252	23.129193305969252	54	19.749172019958497	19.749172019958497	-0.1461365833774423	0.0	True	False	0.36555018880326173	1.2883728720537315	0.0	0.0	False	False
56	811	265	546	0.0052028710389055	0.0081503159164996	-0.0744215350319805	0.0007313895850123095	0.0008681011003896915	0.32675709001233044	-0.2458240314886435	0.843333967173163	2.08882555713322	5.583496308781699	0.0	0.0	1741	32.07372283935547	32.07372283935547	114	28.0913387298584	28.0913387298584	-0.12416345085487109	0.0	True	False	-0.24602226683608208	0.8432180957574561	0.0	0.0	False	False
57	2942	1336	1606	0.0	0.0	0.1595861509320247	0.0036873074927413034	0.0025534255809997156	0.4541128484024473	0.5302244601507748	1.4441538651649262	300.0	7.198183577101943	3.8166530012350512	190.83265006175256	9210	24.365817070007328	24.365817070007328	142	20.110462188720703	20.110462188720703	-0.17464445657866645	0.0	True	False	0.5318645781239049	1.445796575167324	0.0	0.0	False	False
58	4577	1924	2653	0.0	0.0	0.0999930514546324	0.005310164383259182	0.0042180809877909375	0.420362682980118	0.3322727257783331	1.2589951503262442	300.0	7.562681246721884	2.512872712040963	125.64363560204814	13411	26.511402130126953	26.511402130126953	57	23.153426742553712	23.153426742553712	-0.12666155381338032	0.0	True	False	0.3338549614797701	1.2603766757130452	0.0	0.0	False	False
59	2542	1075	1467	2.4424906541753444e-15	1.1225588360098804e-14	0.1045035841435547	0.0029669577505216324	0.0023324254840140614	0.42289535798583794	0.34733262480475524	1.2722062902015074	13.949790887309234	6.98100574072173	2.4247310477019433	33.82449107340834	7411	21.81688690185547	21.81688690185547	114	18.90213108062744	18.90213108062744	-0.13360090439759922	0.0	True	False	0.3482496462167948	1.2730152007684907	0.0	0.0	False	False
60	5499	2094	3405	0.0027044162558855	0.004394676415814	0.0283847948292048	0.005779357701946325	0.005413707411770879	0.3807965084560829	0.09442485540691603	1.0676396981115353	2.357073096926954	7.647308832356238	0.7220960307472696	1.7020331274721279	14609	24.221511840820312	24.221511840820312	49	20.847492980957032	20.847492980957032	-0.13929844189895177	0.0	True	False	0.09495449685315371	1.0680317213924615	0.0	0.0	False	False
61	1526	459	1067	3.2976577024612647e-10	1.0492547235104023e-09	-0.126826500151564	0.001266821960455283	0.0016964539818970711	0.300786369593709	-0.4204136998397079	0.7472103273877022	8.979119067015318	6.131226489483141	0.0	0.0	3075	27.85099220275879	27.85099220275879	138	22.345508575439453	22.345508575439453	-0.1976763911044429	0.0	True	False	-0.42103529213447466	0.746888457466618	0.0	0.0	False	False
62	1775	526	1249	5.146993942162226e-13	2.0364193423337506e-12	-0.136051460484813	0.0014517393272319803	0.0019858210153603016	0.2963380281690141	-0.4511598616818784	0.731454555083534	11.691132786595944	6.267200548541362	0.0	0.0	3627	30.246363449096688	30.246363449096688	55	28.139361953735353	28.139361953735353	-0.06966131643915892	0.0	True	False	-0.4519325499438356	0.7310629026506024	0.0	0.0	False	False
63	1008	409	599	0.000574387607652	0.00100905931074	0.0738217193534727	0.0011288239255473002	0.0009523673244201927	0.40575396825396826	0.2457893016058943	1.1857413151771168	2.9960833059433964	6.016157159698354	1.478707066633559	4.430329556721336	2821	24.810787200927734	24.810787200927734	42	23.94980945587158	23.94980945587158	-0.03470175041539834	0.0	True	False	0.2460432946981772	1.185950088762316	0.0	0.0	False	False
64	1875	545	1330	1.3322676295501878e-15	6.4487422494184615e-15	-0.1479299049548676	0.0015041785804970136	0.0021146052445389922	0.2906666666666667	-0.490631805319504	0.7117133460136776	14.190524981085964	6.302618975744905	0.0	0.0	3814	29.808536529541016	29.808536529541016	1	59.923648834228516	59.923648834228516	0.5025580532987451	0.5025580532987451	True	False	-0.49151490578219637	0.7112778263480981	0.0	0.0	False	False
65	3198	1142	2056	0.2172048449498769	0.2587125770999842	-0.0158317726781344	0.0031518751172983296	0.003268893520881329	0.35709818636647905	-0.05231130317584132	0.9643900670854445	0.5871824578998076	7.04141166379481	0.0	0.0	7955	31.382158279418945	31.382158279418945	39	22.961265563964844	22.961265563964844	-0.26833376597226244	0.0	True	False	-0.05248151530747869	0.9642762930712924	0.0	0.0	False	False
66	897	327	570	0.9401667702218786	0.9548568760065954	-0.0018018692765336	0.0009025071482982082	0.000906259390516711	0.36454849498327757	-0.005046376484759918	0.9965082288288689	0.020061720163662394	5.793013608384144	0.0	0.0	2289	29.979419708251953	29.979419708251953	0					False	True	-0.005052639482983068	0.9965039028171043			False	False
67	4890	1604	3286	2.7567281790652487e-11	9.723343577323163e-11	-0.0719379614156542	0.004426976959848092	0.005224505889891074	0.3280163599182004	-0.23874259205046222	0.8474836308381174	10.01218436804847	7.380879035564116	0.0	0.0	11156	27.149614334106445	27.149614334106445	72	21.195455932617186	21.195455932617186	-0.2193091337584639	0.0	True	False	-0.2398996093522543	0.8468042356038299	0.0	0.0	False	False
68	2681	906	1775	0.0002631318459576	0.0004788999596428	-0.0525449259789597	0.0025005243925326505	0.0028221235406441438	0.3379336068631108	-0.17416083189770326	0.8862828907143462	3.3197551995556593	6.810142450115136	0.0	0.0	6298	30.402555465698242	30.402555465698242	44	20.858229064941405	20.858229064941405	-0.313931715757422	0.0	True	False	-0.17462688520955005	0.8859966289926778	0.0	0.0	False	False
69	1100	317	783	2.6799695795887136e-10	8.58722646980891e-10	-0.153177266104271	0.0008749075413166116	0.0012449142153940081	0.2881818181818182	-0.5074910794339438	0.7034447011350752	9.066147083358253	5.762051382780177	0.0	0.0	2201	34.73847579956055	34.73847579956055	18	44.5915771484375	44.5915771484375	0.2209632845251855	0.2209632845251855	True	False	-0.5080262969343181	0.7031837824547684	0.0	0.0	False	False
70	760	370	390	0.0	0.0	0.2166623507756613	0.0010211854583190736	0.0006200722145640653	0.4868421052631579	0.7198365975429635	1.6469954820468196	300.0	5.916202062607435	4.2586987631239985	212.93493815619993	2575	32.67243957519531	32.67243957519531	15	27.888492584228516	27.888492584228516	-0.14642148101480418	0.0	True	False	0.7204149115909431	1.6476558236483927	0.0	0.0	False	False
71	3717	1353	2364	0.8105852278100765	0.8401281973885758	-0.002824441876352	0.0037342268246100176	0.003758591577511412	0.3640032284100081	-0.009154650863731462	0.9936745698626641	0.07565443873525292	7.21081845347222	0.0	0.0	9374	29.55582618713379	29.55582618713379	97	23.6083984375	23.6083984375	-0.2012269158702394	0.0	True	False	-0.009190781090882894	0.9936496850205063	0.0	0.0	False	False
72	4074	1379	2695	1.0195531991774588e-05	2.1677416150735687e-05	-0.0514692696116485	0.003805985802762169	0.004284857995513221	0.3384879725085911	-0.17072184949871527	0.8883980617992466	4.663992484972792	7.22983877815125	0.0	0.0	9604	31.437623977661133	31.437623977661133	49	22.085283279418945	22.085283279418945	-0.29748878938458423	0.0	True	False	-0.17141636891821577	0.8879704861876397	0.0	0.0	False	False
73	3455	1077	2378	2.220446049250313e-15	1.030921380009074e-14	-0.1044709132493651	0.0029724776719179517	0.003780850580085506	0.31172214182344427	-0.3466785526068854	0.7863924890108134	13.986774453562404	6.982862751468942	0.0	0.0	7398	22.364696502685547	22.364696502685547	143	18.08176155090332	18.08176155090332	-0.19150427332058512	0.0	True	False	-0.3478495851665748	0.785754434854113	0.0	0.0	False	False
74	2122	743	1379	0.0679032756954973	0.0872768091566421	-0.0290502186798994	0.0020506507987326263	0.0021925117535483234	0.3501413760603205	-0.09605520592174521	0.935587696107612	1.0591011399517318	6.612041034833092	0.0	0.0	5104	27.663381576538086	27.663381576538086	97	23.37320327758789	23.37320327758789	-0.1550851000294479	0.0	True	False	-0.09626114871816682	0.9354541517414111	0.0	0.0	False	False
75	3006	951	2055	1.219735423774182e-11	4.4398369425380226e-11	-0.0951060755393233	0.002624722623949835	0.0032673035921260366	0.31636726546906185	-0.3155282069108072	0.8035567345644565	10.352632979492661	6.858565034791365	0.0	0.0	6648	31.811532974243164	31.811532974243164	9	48.40283203125	48.40283203125	0.34277537823189985	0.34277537823189985	True	False	-0.31645883996391433	0.8030385548434941	0.0	0.0	False	False
76	1211	487	724	0.0006126563725983	0.001072148652047	0.0673156287528848	0.0013441008600037535	0.0011511084188317521	0.40214698596201487	0.22410213245915145	1.1680500812525563	2.9697449960909785	6.1903154058531475	1.387262883046428	4.119817005189874	3398	25.562862396240234	25.562862396240234	11	26.6216983795166	26.6216983795166	0.03977341971882087	0.03977341971882087	True	False	0.2243800641447944	1.1682751249320427	0.05524461847163478	0.05517618890774708	True	True
77	3016	1128	1888	0.2200905067952803	0.2614652234774217	0.0158323434205337	0.0031132356675240944	0.0030017854899921934	0.3740053050397878	0.052851238130772416	1.0373129696958772	0.5825860668587524	7.029087564149662	0.3714959806949248	0.21642838224689123	7833	24.769542694091797	24.769542694091797	63	23.60999870300293	23.60999870300293	-0.046813298307903345	0.0	True	False	0.05301167310689614	1.037428330552188	0.0	0.0	False	False
78	897	277	620	2.197666541836618e-05	4.608010490947748e-05	-0.1103866866978325	0.0007645091133902253	0.0009857558282813346	0.3088071348940914	-0.3652578355137788	0.7763301184676549	4.336486540835814	5.627621113690637	0.0	0.0	1900	32.066246032714844	32.066246032714844	39	28.25697593688965	28.25697593688965	-0.11879376500569712	0.0	True	False	-0.36557815102329094	0.7761577722913657	0.0	0.0	False	False
79	5088	2127	2961	0.0	0.0	0.0958543162485928	0.005870436404985593	0.004707779044421019	0.4180424528301887	0.31851664915743516	1.2470476994441027	300.0	7.662937850461535	2.4407732868306873	122.03866434153437	14771	29.3604679107666	29.3604679107666	118	20.02886791229248	20.02886791229248	-0.3178287221727889	0.0	True	False	0.32020207793833766	1.2485054144999284	0.0	0.0	False	False
80	485	182	303	0.5726828029117015	0.6263718156846735	0.0181539932188281	0.0005023128470650578	0.00048174841285362005	0.3752577319587629	0.06188555089080694	1.0438291170924834	0.2031677920867691	5.209486152841421	0.32239192042662185	0.06549965465969011	1269	29.154407501220703	29.154407501220703	5	27.147442626953126	27.147442626953126	-0.06883915833938814	0.0	True	False	0.06191438925642068	1.0438499826432248	0.0	0.0	False	False
81	3320	1420	1900	0.0	0.0	0.1130599771654102	0.003919144191386715	0.003020864635055703	0.42771084337349397	0.37570540970668453	1.2974738029627855	300.0	7.259116128097101	2.7272891990151225	136.36445995075613	9799	20.146907043457077	20.146907043457077	141	11.439847946166992	11.439847946166992	-0.43217845193353366	0.0	True	False	0.3770050174873196	1.2986431192173382	0.0	0.0	False	False
82	3842	1450	2392	0.0518416602719176	0.0691728898056378	0.022132060653825	0.004001943012331505	0.003803109582659601	0.3774076002082249	0.07371697420371781	1.0524246713284793	1.1600640806112343	7.280008252884188	0.5366601805807164	0.6225601989860278	10062	28.815414428710938	28.815414428710938	88	21.00922966003418	21.00922966003418	-0.270903088622556	0.0	True	False	0.07400410643681354	1.052634150886284	0.0	0.0	False	False
83	3733	1206	2527	5.437605921088107e-11	1.832674588218584e-10	-0.0817327003804885	0.003328512601980548	0.004017749964624086	0.323064559335655	-0.27119757319551674	0.8286314178791139	9.736914642013858	7.095893221097532	0.0	0.0	8415	31.12760353088379	31.12760353088379	27	37.489715576171875	37.489715576171875	0.16970286243867336	0.16970286243867336	True	False	-0.272196444459035	0.8280579012174437	0.0	0.0	False	False
84	3889	1343	2546	0.0012128376234621	0.0020668206691957	-0.0382571529136629	0.003706627217628421	0.004047958610974642	0.3453329904859861	-0.12683379250525917	0.9158391907452307	2.6846972039520227	7.203405521083095	0.0	0.0	9323	30.713106536865237	30.713106536865237	78	21.462829208374025	21.462829208374025	-0.30118338297651576	0.0	True	False	-0.12732899311753165	0.9155248857197915	0.0	0.0	False	False
85	2298	820	1478	0.2808468646340245	0.3284969753431392	-0.016335347939749	0.0022631677724909197	0.0023499147003222787	0.3568320278503046	-0.05387340122750217	0.9633464254842703	0.483468624879944	6.710523109452428	0.0	0.0	5732	30.543577194213867	30.543577194213867	8	55.17746696472168	55.17746696472168	0.4464483624494354	0.4464483624494354	True	False	-0.053999685732906144	0.9632621038507361	0.0	0.0	False	False
86	7032	3211	3821	0.0	0.0	0.1639885016132207	0.008862233801790662	0.006075117773972548	0.4566268486916951	0.5447938694697161	1.458811896061973	300.0	8.074649075066652	4.399019314215626	219.9509657107813	22371	22.660451889038086	22.660451889038086	106	19.014254570007324	19.014254570007324	-0.16090576378993557	0.0	True	False	0.5488442330299472	1.4629132622571246	0.0	0.0	False	False
87	2132	844	1288	0.000177351039561	0.0003320770493838	0.0559518173371445	0.0023294068292467516	0.0020478282368167084	0.39587242026266417	0.1861623943208759	1.1377332875254835	3.4787611384648383	6.739336627357174	1.254611042683188	4.364492139175125	5859	29.946861267089844	29.946861267089844	49	21.098224258422853	21.098224258422853	-0.2954779444078574	0.0	True	False	0.1865686711055119	1.1380537292679807	0.0	0.0	False	False
88	3622	1731	1891	0.0	0.0	0.2011307727654808	0.0047774919685143686	0.003006555276258071	0.4779127553837659	0.6681772145269615	1.5890639820698949	300.0	7.4570320891223805	4.982618929947961	249.13094649739804	12016	27.87983512878418	27.87983512878418	101	22.535432815551758	22.535432815551758	-0.1916941864449787	0.0	True	False	0.6707412693568875	1.5918906848030863	0.0	0.0	False	False
89	6356	2183	4173	6.149177301351116e-06	1.3323217486260752e-05	-0.0418694152673694	0.0060249942040825335	0.006634772695835499	0.3434550031466331	-0.1389296364056687	0.9081927113132677	4.875390882688962	7.688913336864796	0.0	0.0	15232	29.27351188659668	29.27351188659668	49	30.985506057739258	30.985506057739258	0.055251451047867356	0.055251451047867356	True	False	-0.13981581327167358	0.9076350243330749	0.0	0.0	False	False
90	2669	998	1671	0.253406490283357	0.2987045416552525	0.0156793251292604	0.002754440776763339	0.0026567709500937265	0.37392281753465717	0.05237658120567801	1.0369717424903797	0.5247581741122427	6.906754778648554	0.3617522025315906	0.18983242528155972	6963	23.86763572692871	23.86763572692871	23	21.813555908203124	21.813555908203124	-0.08606130251971571	0.0	True	False	0.05251702481304932	1.0370726946230586	0.0	0.0	False	False
91	8856	2820	6036	0.0	0.0	-0.0909748890490037	0.007783089168810236	0.009596809966945381	0.31842818428184283	-0.30207576813469483	0.8110845575393179	300.0	7.944846711001996	0.0	0.0	19678	29.619461059570312	29.619461059570312	62	27.17363166809082	27.17363166809082	-0.0825750808416287	0.0	True	False	-0.30471620122499754	0.8096014610855413	0.0	0.0	False	False
92	920	395	525	1.010559917968834e-07	2.5544709037545525e-07	0.115963025955881	0.001090184475773065	0.0008347125965285496	0.42934782608695654	0.38567253388972134	1.306468675086827	6.59269903970742	5.981414211254481	2.3068671750985046	15.20848101000448	2748	25.06647491455078	25.06647491455078	17	24.49131965637207	24.49131965637207	-0.022945199121111377	0.0	True	False	0.3860406117610822	1.3068020397583378	0.0	0.0	False	False
93	4749	1626	3123	4.306314926494359e-05	8.708325740244148e-05	-0.0439262092369157	0.004487696095207604	0.004965347502778401	0.34238787113076435	-0.14570710414527266	0.9039362251980333	4.060065334276706	7.394493107219038	0.0	0.0	11299	28.761343002319336	28.761343002319336	83	23.292409896850586	23.292409896850586	-0.1901487390567169	0.0	True	False	-0.1464003292649414	0.9035019818175083	0.0	0.0	False	False
94	1369	366	1003	0.0	0.0	-0.1982946138901483	0.001010145615526435	0.0015946985415583527	0.2673484295105917	-0.6574699098496968	0.6339891651781442	300.0	5.905361848054571	0.0	0.0	2555	32.76869201660156	32.76869201660156	7	43.98446807861328	43.98446807861328	0.254994013840654	0.254994013840654	True	False	-0.6583151854674227	0.6336178194619823	0.0	0.0	False	False
95	2174	825	1349	0.0855254692229077	0.1086985712190587	0.0259672326133307	0.002276967575981718	0.0021448138908895494	0.3794848206071757	0.08660074682551588	1.0618652839438776	0.9637761644303271	6.716594773520978	0.5816621235112733	0.5605920903920942	5738	30.602352142333984	30.602352142333984	37	19.561140060424805	19.561140060424805	-0.36079619078153274	0.0	True	False	0.08679098067164048	1.0620053107894238	0.0	0.0	False	False
96	1088	362	726	0.0059420114616028	0.0092273556826939	-0.062702816431221	0.0009991057727337964	0.001154288276342337	0.3327205882352941	-0.20729619935143617	0.8661590072584341	2.0349227385137536	5.8944028342648505	0.0	0.0	2481	32.10386657714844	32.10386657714844	53	29.155270385742188	29.155270385742188	-0.09184551600102471	0.0	True	False	-0.2075211663565799	0.8660239530712662	0.0	0.0	False	False
97	3144	1034	2110	1.8395387324510184e-07	4.47588301211344e-07	-0.0702366828044493	0.0028537993618970867	0.003354749673667123	0.3288804071246819	-0.23296558071857199	0.8508840293389266	6.349121273318299	6.942156705699469	0.0	0.0	7201	28.124513626098633	28.124513626098633	37	21.750673294067383	21.750673294067383	-0.226629353195873	0.0	True	False	-0.2336913956033424	0.8504560601909109	0.0	0.0	False	False
98	5660	2045	3615	0.4099866392297286	0.4617423783404122	-0.0078897555519913	0.005644119627736501	0.0057475924503822984	0.36130742049469966	-0.026056035655508403	0.9821014487627987	0.33560026442485164	7.6236419465115715	0.0	0.0	14120	23.116130828857422	23.116130828857422	195	18.58142852783203	18.58142852783203	-0.1961704722385641	0.0	True	False	-0.02620701919972568	0.981998673474544	0.0	0.0	False	False
99	1357	383	974	5.306866057708248e-14	2.235763015053012e-13	-0.1658349491741993	0.001057064947395149	0.001548590607654871	0.28224023581429625	-0.5497500043758468	0.6831384949297926	12.650574232408722	5.950642552587727	0.0	0.0	2668	34.649810791015625	34.649810791015625	13	31.70269775390625	31.70269775390625	-0.08505423174990422	0.0	True	False	-0.5504608954179027	0.6828019599081292	0.0	0.0	False	False
100	3144	1446	1698	0.0	0.0	0.1697558407857282	0.003990903169538866	0.002699699026486623	0.4599236641221374	0.5639907084295084	1.4783529100208264	300.0	7.277247726631484	4.10430010075992	205.21500503799598	10079	27.060930252075195	27.060930252075195	43	17.635769271850585	17.635769271850585	-0.3482940494812381	0.0	True	False	0.5658589262234193	1.4802685430253673	0.0	0.0	False	False
101	1394	497	897	0.3849826911245193	0.4367501210782834	-0.0169108205752648	0.0013717004669853501	0.0014261660934973505	0.3565279770444763	-0.05552980990029255	0.9622410084401296	0.3597669659474972	6.210600077024653	0.0	0.0	3477	32.73469924926758	32.73469924926758	2	48.37933540344238	48.37933540344238	0.32337435030291106	0.32337435030291106	True	False	-0.055609342363341696	0.9621879637661874	0.0	0.0	False	False
102	2893	1194	1699	5.583089546234987e-12	2.0994262343280324e-11	0.0863361816595182	0.003295393073602632	0.0027012889552419156	0.41272035948842034	0.2869820952937676	1.2200853681908868	10.677899380176836	7.085901464365611	2.033526849288819	21.713795083594036	8312	28.310758590698242	28.310758590698242	46	22.745126724243164	22.745126724243164	-0.19659070062091932	0.0	True	False	0.28784093654974363	1.2208119053864908	0.0	0.0	False	False
103	972	283	689	1.059999354957597e-08	2.92302852427701e-08	-0.1469075526473258	0.0007810688775791833	0.0010954609123965155	0.2911522633744856	-0.48651621319264393	0.7137465572642523	7.534166946573572	5.648974238161206	0.0	0.0	1951	38.0693244934082	38.0693244934082	30	41.914068984985356	41.914068984985356	0.0917292113288842	0.0917292113288842	True	False	-0.48697105529332063	0.7135215680570486	0.0	0.0	False	False
104	1858	587	1271	7.833817816660371e-08	1.9912777131734465e-07	-0.0959822155708901	0.0016200969298197194	0.002020799447976736	0.3159311087190527	-0.318185101858635	0.8020782508398411	6.7008681669499826	6.376726947898627	0.0	0.0	3969	23.560884475708008	23.560884475708008	140	17.444861030578615	17.444861030578615	-0.2595837796936359	0.0	True	False	-0.31876509261428687	0.8017558649849358	0.0	0.0	False	False
105	2790	933	1857	2.819784253782487e-05	5.783116389700626e-05	-0.0594050262579434	0.002575043331382961	0.002952497698578127	0.33440860215053764	-0.19695467982064763	0.8723901102146286	4.23783806709532	6.839476438228843	0.0	0.0	6519	27.217044830322266	27.217044830322266	12	27.409283447265626	27.409283447265626	0.007013631615478732	0.007013631615478732	True	False	-0.19750158629978998	0.8720594614167895	0.0	0.0	False	False
106	4878	1572	3306	2.19824158875781e-14	9.347662830699101e-14	-0.0833250737967892	0.0043386582175069825	0.005256304464996924	0.32226322263222634	-0.27655928109077177	0.8255575638546346	13.02929696095757	7.360739903058278	0.0	0.0	11000	30.974031448364258	30.974031448364258	4	69.99597930908203	69.99597930908203	0.5574884192763148	0.5574884192763148	True	False	-0.2778903934139194	0.8247962088813604	0.0	0.0	False	False
107	4880	1721	3159	0.0202359890281933	0.0290453470278484	-0.0242435218423684	0.004749892361532772	0.00502258493796893	0.3526639344262295	-0.08034448152205531	0.9458317774577204	1.5369234302953687	7.451241684987676	0.0	0.0	11940	27.79499053955078	27.79499053955078	107	24.876572799682616	24.876572799682616	-0.10499797565015943	0.0	True	False	-0.08074067320816702	0.9455720696007802	0.0	0.0	False	False
108	1427	522	905	0.9770196821846684	0.9835043260929738	0.0005471575325163	0.0014406994844393417	0.00143888552353969	0.365802382620883	0.0024019993971862164	1.0016663258905145	0.007223725430282889	6.259581464064923	0.015035510903321959	0.00010861240246962249	3587	23.874160766601562	23.874160766601562	67	20.68588676452637	20.68588676452637	-0.1335449665956588	0.0	True	False	0.0024037749444278944	1.0016675586576107	0.0	0.0	False	False
109	2090	815	1275	0.0029417102411901	0.0047463764529841	0.0451726577053002	0.0022493679690001214	0.002027159162997906	0.38995215311004783	0.15037948648851973	1.1098613715991557	2.323637819222355	6.704414354964107	1.0082063879057626	2.342706492519394	5671	23.95962142944336	23.95962142944336	34	25.36438331604004	25.36438331604004	0.05538324622733215	0.05538324622733215	True	False	0.15069990682734513	1.1101078974699365	0.05595671862023099	0.055837742629354	True	True
110	1975	726	1249	0.8086500226975273	0.8400359824825911	0.0038994160613142	0.002003731466863912	0.0019858210153603016	0.3675949367088608	0.013369404925246187	1.0093100365967473	0.07570211077271016	6.588926477533519	0.08809002610082164	0.006668600913855329	5054	28.4617862701416	28.4617862701416	28	23.923236274719237	23.923236274719237	-0.15946117901193083	0.0	True	False	0.013394450177608874	1.0093275584175625	0.0	0.0	False	False
111	1334	439	895	0.0007378732239806	0.0012813295710384	-0.0698332813381811	0.00121162274649209	0.0014229862359867655	0.32908545727136435	-0.2311446634634482	0.8519586622795035	2.8923391509153977	6.0867747269123065	0.0	0.0	3064	33.162715911865234	33.162715911865234	9	45.8429443359375	45.8429443359375	0.2766015274052086	0.2766015274052086	True	False	-0.2314508435217597	0.8517778721143245	0.0	0.0	False	False
112	1522	450	1072	1.4996892616636615e-11	5.4155445560076656e-11	-0.1374570378457421	0.0012419823141718463	0.0017044036256735336	0.2956636005256242	-0.4556930331942617	0.7291598185543929	10.26635786668808	6.111467339502679	0.0	0.0	3127	34.76927185058594	34.76927185058594	23	33.72502136230469	33.72502136230469	-0.030033717495399667	0.0	True	False	-0.4563619949210107	0.7288217935901038	0.0	0.0	False	False
113	2388	833	1555	0.0356900835306297	0.0492090545649592	-0.0315601582207211	0.0022990472615669953	0.002472339214479799	0.34882747068676717	-0.10443868716885518	0.930166774444419	1.307954978822158	6.726233402358747	0.0	0.0	5694	26.853446769714353	26.853446769714353	137	21.96446533203125	21.96446533203125	-0.1820615982599655	0.0	True	False	-0.10469013822185502	0.930004667397063	0.0	0.0	False	False
114	1822	635	1187	0.0617981690227926	0.0807993301878467	-0.0321517599271921	0.001752575043331383	0.0018872454325321681	0.34851811196487376	-0.1062778797216044	0.9289817244118235	1.0925922394349166	6.455198563340122	0.0	0.0	4437	31.88027000427246	31.88027000427246	8	63.10160446166992	63.10160446166992	0.49477877343613935	0.49477877343613935	True	False	-0.10647336758196957	0.9288558541889775	0.0	0.0	False	False
115	5546	1905	3641	2.500464233157196e-05	5.195028429618831e-05	-0.0418004651870916	0.005257725129994149	0.005788930598019903	0.3434908041831951	-0.13867763361893015	0.9083513637502039	4.284412071438315	7.552762084214147	0.0	0.0	13317	28.408536911010742	28.408536911010742	18	22.439759063720704	22.439759063720704	-0.21010507742750473	0.0	True	False	-0.13944910538380828	0.9078657586307209	0.0	0.0	False	False
116	5385	2014	3371	0.1010347816321441	0.1276967378961822	0.0158259474318195	0.005558560846093552	0.0053596498340909345	0.37400185701021355	0.052716811199628566	1.0372163198156699	0.8938201969557139	7.608374474380783	0.40108924070200497	0.3585016641210838	13962	26.525875091552734	26.525875091552734	136	24.203006744384766	24.203006744384766	-0.08756990444804194	0.0	True	False	0.05300450537146073	1.0374231763143738	0.0	0.0	False	False
117	1433	550	883	0.0666781500652968	0.0859449243051276	0.0339272196520784	0.001517978383987812	0.0014039070909232557	0.3838101884159107	0.11319803239186221	1.081623222948464	1.0657797665786188	6.311734809152915	0.7144759613753359	0.7614740233406397	3842	28.798463821411133	28.798463821411133	8	23.078831100463866	23.078831100463866	-0.19860895207524315	0.0	True	False	0.1133619978470417	1.0817461587855475	0.0	0.0	False	False
118	2128	858	1270	2.903140646548508e-06	6.507039380194931e-06	0.0692088006280182	0.002368046279020987	0.0020192095192214437	0.4031954887218045	0.2301792673278893	1.172980693165792	5.186616564935178	6.755768921984255	1.5550379406988604	8.065385542331395	5839	25.06754493713379	25.06754493713379	167	21.653611755371095	21.653611755371095	-0.13618937116994917	0.0	True	False	0.23068279239585898	1.1733901547967065	0.0	0.0	False	False
119	1590	562	1028	0.2142403883200423	0.2558513823769534	-0.0227315653547401	0.0015510979123657279	0.0016344467604406646	0.3534591194968553	-0.07493118904142548	0.9493874019679269	0.592012232172181	6.333279628139691	0.0	0.0	3918	28.990570068359375	28.990570068359375	16	31.676024436950684	31.676024436950684	0.08477876931609749	0.08477876931609749	True	False	-0.07505247305685181	0.9493075925326891	0.0	0.0	False	False
120	3822	1253	2569	3.404515780403016e-09	9.99390116182821e-09	-0.0722877995369132	0.0034582307547940516	0.004084526972346369	0.32783882783882784	-0.23984005259210672	0.8468391937594432	8.00026494997897	7.134093721192866	0.0	0.0	8737	29.7919864654541	29.7919864654541	34	21.673340606689454	21.673340606689454	-0.2725110615963386	0.0	True	False	-0.2407478738193385	0.8463064846652176	0.0	0.0	False	False
121	1994	833	1161	2.0918911047829167e-10	6.75042874238459e-10	0.0953380154034664	0.0022990472615669953	0.0018459072848945638	0.417753259779338	0.316950553556719	1.2456947203170845	9.170668642792894	6.726233402358747	2.131883400229298	19.550796248573516	5770	30.47211456298828	30.47211456298828	61	24.4349422454834	24.4349422454834	-0.19812121357792772	0.0	True	False	0.3176048075805529	1.2462597639244914	0.0	0.0	False	False
122	830	374	456	6.402878227618203e-12	2.3879586832510508e-11	0.1534319932713594	0.001032225301111712	0.0007250075124133687	0.4506024096385542	0.5100364618536375	1.4240861866863046	10.621973191693133	5.926926025970411	3.0229483799541885	32.10967665174558	2612	22.59433364868164	22.59433364868164	6	24.299543380737305	24.299543380737305	0.07017455864653882	0.07017455864653882	True	False	0.5104792279777826	1.4245233087876037	0.21231822340322065	0.21213406837455473	True	True
123	3563	1270	2293	0.1603816474495509	0.1961657247030798	-0.017075100038724	0.003505150086662766	0.003645706635885646	0.3564412012349144	-0.056468928649497485	0.9616148438708101	0.707376872963676	7.147559271189454	0.0	0.0	8850	30.91628074645996	30.91628074645996	40	28.34954700469971	28.34954700469971	-0.08302207380019842	0.0	True	False	-0.056673283319257806	0.9614786428294959	0.0	0.0	False	False
124	3105	1014	2091	3.8033557192562746e-08	1.0108153933383756e-07	-0.0747908440850286	0.0027986001479338935	0.003324541027316566	0.32657004830917874	-0.24808352950826595	0.8420142010541392	6.995328152989746	6.922643891475888	0.0	0.0	6991	24.794940948486328	24.794940948486328	107	20.874773025512695	20.874773025512695	-0.1581035393920932	0.0	True	False	-0.2488454777537914	0.8415696151684218	0.0	0.0	False	False
125	2137	673	1464	4.272867171195571e-09	1.2304775714518892e-08	-0.0980007787629421	0.00185745354986145	0.002327655697748184	0.31492746841366404	-0.3249727390379551	0.7983134710329016	7.909926297998118	6.513230110912307	0.0	0.0	4706	32.928070068359375	32.928070068359375	5	50.60246276855469	50.60246276855469	0.34927929853996176	0.34927929853996176	True	False	-0.32565336486372054	0.7979369364220659	0.0	0.0	False	False
126	7481	2537	4944	4.8513122408166964e-09	1.3882685972148409e-08	-0.0502327611238399	0.007002020291231053	0.007860607766165997	0.3391257853228178	-0.16673121381273504	0.8908588596243842	7.857526500017336	7.839131648274333	0.0	0.0	17756	29.165443420410156	29.165443420410156	3	47.358438110351564	47.358438110351564	0.38415529345687605	0.38415529345687605	True	False	-0.16798001667018347	0.8900880621228542	0.0	0.0	False	False
127	4910	2466	2444	0.0	0.0	0.2434171044243001	0.0068060630816617175	0.0038857858779348096	0.5022403258655804	0.8086114853654651	1.7515248847777671	300.0	7.810758116529357	6.315868722437166	315.7934361218583	17070	22.318605422973633	22.318605422973633	195	18.333779907226564	18.333779907226564	-0.1785427646677822	0.0	True	False	0.812846348483319	1.7566738352769617	0.0	0.0	False	False
128	2250	742	1508	1.6751164057415835e-05	3.545013788894979e-05	-0.0684722025193254	0.0020478908380344666	0.0023976125629810528	0.3297777777777778	-0.2269661620794654	0.8544297810140514	4.450382071220166	6.610696044717759	0.0	0.0	5061	27.360870361328125	27.360870361328125	133	21.747434997558596	21.747434997558596	-0.20516289466082055	0.0	True	False	-0.22747267318016284	0.8541298546996621	0.0	0.0	False	False
129	1051	433	618	4.458059897483047e-05	8.975297581215867e-05	0.0850246549999552	0.001195062982303132	0.0009825759707707497	0.41198858230256896	0.282944001624573	1.2166751323310783	4.046951143224577	6.073044534100405	1.7183315225226092	6.954003719511702	3019	29.993505477905273	29.993505477905273	12	45.079833984375	45.079833984375	0.33465803160896196	0.33465803160896196	True	False	0.2832500444764747	1.2169332563378081	0.5756754443686324	0.5750534449790471	True	True
130	1988	810	1178	4.453457753683665e-07	1.0285904964091714e-06	0.0768649621628398	0.002235568165509323	0.001872936073734536	0.4074446680080483	0.25561793564648205	1.1938469824955065	5.987757492630252	6.698268054115413	1.7121974523997603	10.252223124469095	5650	28.173032760620117	28.173032760620117	20	24.869330215454102	24.869330215454102	-0.11726471101768943	0.0	True	False	0.2561413337956182	1.1942801791473179	0.0	0.0	False	False
131	4194	1359	2835	1.0511147507941132e-11	3.856912996865496e-11	-0.0798083727611592	0.0037507865887989756	0.0045074480212541675	0.3240343347639485	-0.264841401560477	0.8322902250625258	10.413760157713526	7.215239978730097	0.0	0.0	9446	31.704660415649414	31.704660415649414	67	23.683996200561523	23.683996200561523	-0.2529806063189654	0.0	True	False	-0.26593840577511596	0.8316576042930429	0.0	0.0	False	False
132	1425	620	805	3.8391512191537913e-13	1.5458529245265265e-12	0.1261210428656517	0.001711175632858988	0.0012798926480104428	0.43508771929824563	0.41923222480289724	1.3372157243050695	11.810831828079406	6.431331081933479	2.6962212379229964	31.844615612404585	4226	22.423480987548828	22.423480987548828	114	10.343725299835205	10.343725299835205	-0.5387101001143041	0.0	True	False	0.4198545206242681	1.337792646821088	0.0	0.0	False	False
133	7827	2348	5479	0.0	0.0	-0.1284779741239218	0.0064803877192788776	0.008711219650247473	0.2999872237127891	-0.4266190574462776	0.744003308803778	300.0	7.761744984658913	0.0	0.0	16400	30.5933837890625	30.5933837890625	36	34.81941223144531	34.81941223144531	0.1213698960307635	0.1213698960307635	True	False	-0.4298629494049395	0.7423323007377419	0.0	0.0	False	False
134	1933	639	1294	9.527823346955344e-05	0.0001836932043586	-0.066908184438832	0.0017636148861240215	0.0020573678093484633	0.330574236937403	-0.22169309763936518	0.8575584443584824	3.735906909911674	6.461468176353717	0.0	0.0	4354	24.786314010620117	24.786314010620117	119	21.502116394042968	21.502116394042968	-0.1325004442036028	0.0	True	False	-0.2221185498878384	0.8573055867787766	0.0	0.0	False	False
135	3089	965	2124	1.3167245072054357e-13	5.397384241247507e-13	-0.1031019653302878	0.00266336207372407	0.0033770086762412175	0.3123988345742959	-0.3420895759835272	0.7888978571841817	12.267816663292304	6.873163834212518	0.0	0.0	6734	30.137996673583984	30.137996673583984	21	36.5944709777832	36.5944709777832	0.1764330548218335	0.1764330548218335	True	False	-0.3431231147964997	0.7883328974782015	0.0	0.0	False	False
136	2420	866	1554	0.328304626220179	0.3762685262724973	-0.0144078887122213	0.002390125964606264	0.0024707492857245065	0.3578512396694215	-0.047493358801785845	0.9676160743860841	0.42450210758458196	6.7650389767805414	0.0	0.0	6036	29.446256637573242	29.446256637573242	26	22.307918548583984	22.307918548583984	-0.24241920380062104	0.0	True	False	-0.047610802980081246	0.9675373077402329	0.0	0.0	False	False
137	1926	746	1180	0.0109921137584887	0.0166159859139946	0.0403820539018629	0.002058930680827105	0.001876115931245121	0.387331256490135	0.13450172728500753	1.0977136240090741	1.7794738846408082	6.616065185132817	0.889872195230567	1.583504332080781	5121	19.598434448242188	19.598434448242188	101	3.251802444458008	3.251802444458008	-0.8340784590194822	0.0	True	False	0.13476514721711474	1.097914072503298	0.0	0.0	False	False
138	2550	1035	1515	3.8211043440483656e-08	1.0108153933383756e-07	0.0740529506898511	0.0028565593225952464	0.0024087420642681	0.40588235294117647	0.2462193048152912	1.1860947845863146	6.995328152989746	6.943122422819428	1.70953077619406	11.95872876711272	7170	30.574384689331055	30.574384689331055	75	21.562835693359375	21.562835693359375	-0.29474179407169765	0.0	True	False	0.2468662269808526	1.1866267633111371	0.0	0.0	False	False
139	2354	1001	1353	1.9984014443252818e-15	9.471590178833368e-15	0.1086615146169139	0.002762720658857818	0.0021511736059107193	0.4252336448598131	0.3611531369768528	1.2844521418063768	14.023577101470153	6.90975328164481	2.495479073402126	34.995543190960014	6905	23.21046257019043	23.21046257019043	102	20.848312187194825	20.848312187194825	-0.10177093092618295	0.0	True	False	0.3620367389076584	1.2852390662698636	0.0	0.0	False	False
140	759	355	404	1.1102230246251563e-15	5.431736303273615e-15	0.1833722216797429	0.0009797860478466787	0.00064233121713816	0.46772068511198944	0.6093954605685479	1.5256197872137864	14.265061322087826	5.87493073085203	3.5801561185358888	51.07114657356239	2479	24.995019912719727	24.995019912719727	6	27.603209495544434	27.603209495544434	0.09448863485406317	0.09448863485406317	True	False	0.6098818549497178	1.526134225798696	0.3385540686251848	0.33828406420487767	True	True
141	7324	2100	5224	0.0	0.0	-0.1562586397978691	0.0057959174661352825	0.00830578781764789	0.2867285636264336	-0.5188745844422531	0.6979160502714817	300.0	7.650168700845001	0.0	0.0	14632	30.659706115722656	30.659706115722656	68	26.663479804992676	26.663479804992676	-0.13034131167619603	0.0	True	False	-0.522522122164971	0.6961537514705618	0.0	0.0	False	False
142	2206	697	1509	4.899676220304627e-09	1.3933454251491284e-08	-0.0959312279421396	0.0019236926066172819	0.0023992024917363452	0.31595648232094287	-0.3181200314179655	0.8021144281058473	7.855941204007243	6.548219102762372	0.0	0.0	4813	32.68440628051758	32.68440628051758	66	22.012096405029297	22.012096405029297	-0.3265260437620309	0.0	True	False	-0.31880837826082953	0.8017318100049287	0.0	0.0	False	False
143	3958	1453	2505	0.793049165940092	0.8314225126791287	0.0029831178299879	0.004010222894425984	0.003982771532007651	0.36710459828196057	0.010118137085768808	1.0070380093856115	0.08017822014740318	7.282073658093465	0.07368101954125561	0.005907613005463908	9904	23.347179412841797	23.347179412841797	267	19.474141693115236	19.474141693115236	-0.16588889181175562	0.0	True	False	0.010157052513635634	1.0070651737151863	0.0	0.0	False	False
144	2154	831	1323	0.0125269219529271	0.0188733426774233	0.0375664133319097	0.002293527340170676	0.002103475743251945	0.38579387186629527	0.12511557717097865	1.090595098909546	1.724151174673674	6.723832440821209	0.8412561766342957	1.4504528251455047	5717	23.598861694335938	23.598861694335938	100	19.486755180358887	19.486755180358887	-0.17425020610057707	0.0	True	False	0.12538952163797212	1.0908022049517017	0.0	0.0	False	False
145	3555	1510	2045	0.0	0.0	0.1078088686849894	0.0041675406542210835	0.0032514043045731122	0.4247538677918425	0.35825825021900304	1.2818773666089538	300.0	7.32052696227274	2.6226391801848656	131.13195900924327	10529	25.876604080200195	25.876604080200195	41	22.987131118774414	22.987131118774414	-0.11166353020938699	0.0	True	False	0.3595840281758287	1.2830559011056346	0.0	0.0	False	False
146	2108	725	1383	0.0109857377581736	0.0166159859139946	-0.0409589398029264	0.0020009715061657524	0.0021988714685694933	0.3439278937381404	-0.1355895211641016	0.9102977872113349	1.7794738846408082	6.587550014824796	0.0	0.0	5074	31.908653259277344	31.908653259277344	1	42.00948715209961	42.00948715209961	0.24044173298881683	0.24044173298881683	True	False	-0.13587647673114311	0.9101167447637816	0.0	0.0	False	False
147	2867	724	2143	0.0	0.0	-0.2317583711091791	0.0019982115454675927	0.0034072173225917746	0.25252877572375304	-0.7692252188809334	0.5867324872806761	300.0	6.586171654854675	0.0	0.0	5040	33.95818328857422	33.95818328857422	28	45.663077926635744	45.663077926635744	0.25633170538497446	0.25633170538497446	True	False	-0.7712643378050288	0.585903779779298	0.0	0.0	False	False
148	1039	359	680	0.0980379168692322	0.1242541843328709	-0.0378892303922406	0.0009908258906393174	0.0010811515535988831	0.3455245428296439	-0.12491778768558781	0.9170563003835288	0.9056889772257953	5.886104031450156	0.0	0.0	2398	32.276363372802734	32.276363372802734	115	28.386442184448242	28.386442184448242	-0.12051919057375232	0.0	True	False	-0.12504907994586034	0.9169728476006281	0.0	0.0	False	False
149	3065	1120	1945	0.9891408073446032	0.9935078749266988	-0.000176349256275	0.003091155981938817	0.0030924114290438644	0.36541598694942906	-0.000312728083352809	0.9997832569029217	0.002828686154914537	7.02197642307216	0.0	0.0	7821	28.406095504760742	28.406095504760742	19	22.09759521484375	22.09759521484375	-0.22208262620463676	0.0	True	False	-0.00031539154224802246	0.9997814111357461	0.0	0.0	False	False
150	2343	758	1585	2.771655578381882e-07	6.568246292519564e-07	-0.0808348271863124	0.0020920502092050207	0.0025200370771385735	0.32351685872812636	-0.26803118847769625	0.8304520710134079	6.182550570645509	6.63200177739563	0.0	0.0	5162	26.339374542236328	26.339374542236328	144	21.48143367767334	21.48143367767334	-0.18443645488897503	0.0	True	False	-0.2686509154623149	0.8300954169588272	0.0	0.0	False	False
151	1816	589	1227	9.140781613847793e-06	1.96181869542488e-05	-0.0792040342044137	0.0016256168512160387	0.0019508425827438672	0.32433920704845814	-0.2624737028431845	0.8336572710259592	4.707341131112456	6.380122536899765	0.0	0.0	4070	31.318206787109375	31.318206787109375	53	20.60624885559082	20.60624885559082	-0.34203611989456606	0.0	True	False	-0.26294458993926284	0.8333852146433215	0.0	0.0	False	False
152	3437	1113	2324	6.321012602228391e-10	1.956503900689741e-09	-0.080215725648276	0.0030718362570516995	0.0036949944272997126	0.32382892057026474	-0.2661332643520655	0.8315452834843436	8.708519281907773	7.01571242048723	0.0	0.0	7781	31.761394500732422	31.761394500732422	10	30.443403244018555	30.443403244018555	-0.04149664324982564	0.0	True	False	-0.2670361895721225	0.8310250153190836	0.0	0.0	False	False
153	1831	690	1141	0.2016690122173055	0.243393635434679	0.0210886800543949	0.0019043728817301642	0.0018141087097887144	0.3768432550518842	0.07046806341245748	1.050057305633376	0.6136907824401273	6.53813982376767	0.46073005170077375	0.28274578592192817	4800	24.715431213378906	24.715431213378906	30	19.950686073303224	19.950686073303224	-0.19278422047099222	0.0	True	False	0.07059768394094945	1.0501516534294515	0.0	0.0	False	False
154	2492	927	1565	0.3960426413847706	0.4471449176924829	0.0120906259973262	0.002558483567194003	0.002488238502032724	0.3719903691813804	0.04048128174860466	1.0284568617049825	0.34955170113142126	6.833031732786201	0.2766098827720745	0.09668945507274165	6459	25.29459762573242	25.29459762573242	30	21.302746391296388	21.302746391296388	-0.15781437971462667	0.0	True	False	0.04058203408110472	1.0285286877271376	0.0	0.0	False	False
155	1190	351	839	1.7134142993313615e-09	5.128970435498484e-09	-0.1389296106270511	0.0009687462050540401	0.0013339502256903867	0.2949579831932773	-0.4603200324853862	0.7268250094639198	8.289969804294916	5.863631175598097	0.0	0.0	2272	33.903255462646484	33.903255462646484	185	29.392260360717774	29.392260360717774	-0.13305492467821503	0.0	True	False	-0.4608483622373818	0.7265588874064359	0.0	0.0	False	False
156	1893	652	1241	0.0185282334670306	0.0268482363933088	-0.039998952031388	0.0017994943752000971	0.0019731015853179617	0.3444268357105124	-0.13234885134048469	0.9123448520272696	1.5710842369592006	6.481577129276431	0.0	0.0	4549	30.630006790161133	30.630006790161133	15	26.985618591308594	26.985618591308594	-0.11898097913654976	0.0	True	False	-0.13260063226190333	0.9121856423693551	0.0	0.0	False	False
157	4477	1596	2881	0.1173198610249519	0.1474600463158926	-0.0169851375304755	0.004404897274262814	0.004580584743997622	0.35648872012508376	-0.05622186343748048	0.9617795369715229	0.8313256340248543	7.3758821482150125	0.0	0.0	11062	24.697307586669922	24.697307586669922	110	22.13874797821045	22.13874797821045	-0.10359670176519258	0.0	True	False	-0.05647731829382785	0.9616092518483544	0.0	0.0	False	False
158	1189	557	632	0.0	0.0	0.1846633506265418	0.0015372981088749296	0.0010048349733448444	0.46846089150546677	0.6135919286051035	1.530063924616986	300.0	6.324358962381311	3.8805756129185194	194.02878064592596	3892	32.806575775146484	32.806575775146484	7	40.559390258789065	40.559390258789065	0.1911472148416377	0.1911472148416377	True	False	0.6143602422909833	1.5308789840045054	0.7426900222072844	0.7417612203917562	True	True
159	1794	566	1228	1.0261347638262921e-07	2.579510041662778e-07	-0.0968567018813583	0.0015621377551583665	0.0019524325114991597	0.31549609810479373	-0.32106439316254054	0.8004790813244019	6.588462777141228	6.340359303727752	0.0	0.0	3887	32.430755615234375	32.430755615234375	75	19.962850952148436	19.962850952148436	-0.3844469370682541	0.0	True	False	-0.321629305576705	0.8001657011327825	0.0	0.0	False	False
160	6504	2431	4073	0.0794901333177939	0.1013109542285609	0.0153957824925155	0.006709464457226129	0.006475779820306252	0.373769987699877	0.05126328676516856	1.036171844019361	0.9943435940887438	7.796469243086058	0.39967263856413726	0.39741192788879576	16768	24.93348503112793	24.93348503112793	249	19.657898330688475	19.657898330688475	-0.21158641456872987	0.0	True	False	0.05160180982034035	1.0364150064374815	0.0	0.0	False	False
161	2896	810	2086	0.0	0.0	-0.1713040514764289	0.002235568165509323	0.0033165913835401036	0.2796961325966851	-0.5685152263667455	0.6743104092360195	300.0	6.698268054115413	0.0	0.0	5667	31.09244728088379	31.09244728088379	3	73.30048370361328	73.30048370361328	0.575822072244373	0.575822072244373	True	False	-0.570079999588744	0.6735794364142746	0.0	0.0	False	False
162	2787	1324	1463	0.0	0.0	0.1961688927135068	0.0036541879643633875	0.0023260657689928915	0.4750627915321134	0.6517107013399794	1.571029968526414	300.0	7.1891677384203225	4.685257548856662	234.26287744283312	9219	20.89947509765625	20.89947509765625	49	18.1269889831543	18.1269889831543	-0.13265816971704086	0.0	True	False	0.6536316747935906	1.5731232154486559	0.0	0.0	False	False
163	1457	604	853	3.70361898704985e-07	8.686322881998361e-07	0.0896131411889241	0.0016670162616884336	0.0013562092282644815	0.41455044612216885	0.29803678960049496	1.2294702190927624	6.061164031379043	6.405228458030842	1.9089937262892407	11.570724109912597	4157	22.550376892089844	22.550376892089844	71	20.876052856445312	20.876052856445312	-0.07424816195563658	0.0	True	False	0.29848502243727637	1.2298522641726735	0.0	0.0	False	False
164	1371	395	976	1.680655614677562e-12	6.4804941074431415e-12	-0.1533274883044716	0.001090184475773065	0.001551770465165456	0.28811086797957697	-0.5082567460348919	0.7030714682622915	11.188391879938798	5.981414211254481	0.0	0.0	2744	32.232068252563494	32.232068252563494	21	43.78815460205078	43.78815460205078	0.2639089601859145	0.2639089601859145	True	False	-0.5089243990928658	0.7027461748340154	0.0	0.0	False	False
165	2896	1351	1545	0.0	0.0	0.1812520989963229	0.0037287069032136983	0.0024564399269268746	0.46650552486187846	0.60217346105558	1.5180017574886837	300.0	7.20934025660291	4.3412733742458975	217.06366871229488	9386	21.73779296875	21.73779296875	71	18.63925552368164	18.63925552368164	-0.14254149211572587	0.0	True	False	0.6040137999438997	1.519939395148425	0.0	0.0	False	False
166	1118	380	738	0.0284880812177346	0.0402548973728858	-0.0487475314705716	0.00104878506530067	0.0011733674214058469	0.33989266547406083	-0.16101586388213462	0.8943950669557498	1.3951812762244	5.942799375126701	0.0	0.0	2653	34.17038955688477	34.17038955688477	7	54.22405166625977	54.22405166625977	0.36982965110763083	0.36982965110763083	True	False	-0.16119664289201907	0.8942830004966408	0.0	0.0	False	False
167	3028	1085	1943	0.3044689689136035	0.3534014817747184	-0.013517828679952	0.002994557357503229	0.0030892315715332795	0.3583223249669749	-0.04461177834494379	0.9695506828290458	0.4517316338749975	6.990256500493881	0.0	0.0	7507	21.333749771118164	21.333749771118164	88	18.54707489013672	18.54707489013672	-0.13062283522018578	0.0	True	False	-0.04474962753655731	0.9694580469017895	0.0	0.0	False	False
168	2219	905	1314	7.18142421085588e-08	1.835701132550239e-07	0.0775784477166961	0.002497764431834491	0.0020891663844543125	0.4078413699864804	0.2579580077112311	1.1957849907512867	6.736198024142213	6.80903930604298	1.7564462138143107	11.83176951500803	6242	23.222471237182617	23.222471237182617	93	20.067551803588866	20.067551803588866	-0.13585631784709706	0.0	True	False	0.2585479985785124	1.196274107634057	0.0	0.0	False	False
169	1822	769	1053	4.132005848589415e-11	1.413580948201642e-10	0.1030232023512022	0.002122409776884777	0.0016741949793229766	0.42206366630076836	0.34248852089001147	1.2679417958424757	9.849679316745954	6.646390514847729	2.2763124566876005	22.42094772308703	5373	27.70352554321289	27.70352554321289	10	19.888015747070312	19.888015747070312	-0.28211246196631845	0.0	True	False	0.3431355417044255	1.2685105707401247	0.0	0.0	False	False
170	3234	1392	1842	0.0	0.0	0.1178748431488948	0.0038418652918382444	0.0029286487672487396	0.43042671614100186	0.3916983116240704	1.3119368809496152	300.0	7.239214973779806	2.835588282713239	141.77941413566197	9585	21.927236557006836	21.927236557006836	159	12.910520172119142	12.910520172119142	-0.41121079537067373	0.0	True	False	0.39301943156159425	1.3131388118825813	0.0	0.0	False	False
171	2984	1070	1914	0.3255250409538106	0.3749718826176806	-0.0130329220203307	0.0029531579470308345	0.003043123637629798	0.3585790884718499	-0.04299726108554225	0.9706363124925272	0.42600129675709886	6.976348070447749	0.0	0.0	7483	29.542821884155273	29.542821884155273	7	50.84750137329102	50.84750137329102	0.4189916694771276	0.4189916694771276	True	False	-0.043128290844123285	0.9705481604834499	0.0	0.0	False	False
172	1644	506	1138	5.010369008573434e-09	1.415973850249014e-08	-0.1124665114836711	0.001396540113268787	0.001809338923522837	0.3077858880778589	-0.3728145139563761	0.772274417357751	7.848944766983412	6.2285110035911835	0.0	0.0	3494	31.270431518554688	31.270431518554688	48	25.251592063903807	25.251592063903807	-0.19247701941943235	0.0	True	False	-0.3734118576171408	0.7719547255829885	0.0	0.0	False	False
173	1988	779	1209	0.0017460847451129	0.0029101412418549	0.0486363905470962	0.0021500093838663736	0.0019222238651486027	0.391851106639839	0.16189576209696988	1.1187562655044139	2.5360859322960136	6.659293919683638	1.0781114641549001	2.7341833176903	5430	24.73579216003418	24.73579216003418	23	22.851314544677734	22.851314544677734	-0.0761842435918107	0.0	True	False	0.1622242115411776	1.1190109948092601	0.0	0.0	False	False
174	2344	1016	1328	0.0	0.0	0.1232208666511076	0.002804120069330213	0.0021114253870284073	0.4334470989761092	0.40949759073333425	1.3282231883675104	300.0	6.92461239604856	2.8356120929440665	141.78060464720332	6951	24.131019592285156	24.131019592285156	161	20.640583038330078	20.640583038330078	-0.14464521652748538	0.0	True	False	0.410498553006013	1.329145048208758	0.0	0.0	False	False
175	4207	1396	2811	2.6625510241018453e-08	7.21107569027583e-08	-0.0644501935850363	0.003852905134630883	0.004469289731127148	0.3318279058711671	-0.2138388698817444	0.8622398405238071	7.141999945890108	7.242082359256962	0.0	0.0	9725	27.468873977661133	27.468873977661133	47	25.78635597229004	25.78635597229004	-0.06125180110183583	0.0	True	False	-0.21473268719944727	0.8617058079034741	0.0	0.0	False	False
176	4484	1640	2844	0.9672366403008712	0.977983714081992	0.0004394897251867	0.004526335544981839	0.0045217573800518	0.36574487065120426	0.0016461162027674447	1.001141651993886	0.009668377260674661	7.403061091090091	0.012186298812120638	0.00011782173432689382	11468	28.194860458374023	28.194860458374023	12	31.727923583984374	31.727923583984374	0.11135500614335099	0.11135500614335099	True	False	0.0016519032736521666	1.0011456678733073	0.001361776054637634	0.0013570053790884044	False	False
177	3098	867	2231	0.0	0.0	-0.1709552390722157	0.0023928859253044238	0.0035471310530575126	0.2798579728857327	-0.5673925404071216	0.6748353527913615	300.0	6.7661917146603505	0.0	0.0	6067	31.873743057250977	31.873743057250977	2	49.222511291503906	49.222511291503906	0.35245597550906405	0.35245597550906405	True	False	-0.5690635694681063	0.674054164367146	0.0	0.0	False	False
178	3787	1139	2648	0.0	0.0	-0.1268690229532392	0.0031435952352038506	0.004210131344014475	0.30076577766041723	-0.4210889806529803	0.7468606632429506	300.0	7.038783541388542	0.0	0.0	7936	31.044574737548828	31.044574737548828	37	27.263613510131837	27.263613510131837	-0.1217913680371298	0.0	True	False	-0.4226341910017384	0.7460611602414076	0.0	0.0	False	False
179	814	296	518	0.8892774994612378	0.9133662804850186	-0.0035128149505602	0.0008169483666552588	0.0008235830952415022	0.36363636363636365	-0.010626280888113016	0.9926614827454231	0.03935502564953682	5.6937321388027	0.0	0.0	1971	21.795122146606445	21.795122146606445	101	16.256669998168945	16.256669998168945	-0.2541142972809561	0.0	True	False	-0.01063670531724803	0.9926543101333302	0.0	0.0	False	False
180	3626	1331	2295	0.8058416868372376	0.8390342505971238	0.0029205993366375	0.003673507689250505	0.003648886493396231	0.3670711527854385	0.00992959987735631	1.0069064141945911	0.07622031027770948	7.194436851100335	0.0714378792743336	0.005445017323871258	9290	26.78156089782715	26.78156089782715	27	25.24491310119629	25.24491310119629	-0.05737708128713033	0.0	True	False	0.00996440414230193	1.006930705579355	0.0	0.0	False	False
181	807	364	443	9.54858414559112e-12	3.532199826214602e-11	0.1542228911613047	0.0010046256941301157	0.0007043384385945666	0.4510532837670384	0.5126703134049819	1.4266884397176103	10.451954735171618	5.8998973535824915	3.0247022253183595	31.61405074640036	2535	34.51252365112305	34.51252365112305	13	40.18360900878906	40.18360900878906	0.14112931858424219	0.14112931858424219	True	False	0.5131030616479979	1.4271164508384768	0.42723449115191536	0.426874163979421	True	True
182	2162	852	1310	0.0003890323458553	0.0006941557543692	0.0526935328462195	0.002351486514832029	0.0020828066694331426	0.3940795559666975	0.1753399889622269	1.1292304906086346	3.1585430718021694	6.748759547491679	1.1833274245659144	3.7375906385361732	5945	25.891035079956055	25.891035079956055	19	18.882862091064453	18.882862091064453	-0.2706795215891962	0.0	True	False	0.1757276270744299	1.129533944613638	0.0	0.0	False	False
183	2251	705	1546	4.754989735289428e-10	1.4920829859011651e-09	-0.1014951388554669	0.001945772292202559	0.002458029855682167	0.3131941359395824	-0.3366032421128917	0.791903618617398	8.826207021825349	6.559615237493242	0.0	0.0	4934	32.691219329833984	32.691219329833984	1	49.628658294677734	49.628658294677734	0.3412834347500414	0.3412834347500414	True	False	-0.33734474949484117	0.7914967055242602	0.0	0.0	False	False
184	3372	928	2444	0.0	0.0	-0.1810279916162588	0.0025612435278921626	0.0038857858779348096	0.2752075919335706	-0.6008799866936076	0.6593516543750884	300.0	6.834108738813838	0.0	0.0	6495	29.725305557250977	29.725305557250977	1	49.6077995300293	49.6077995300293	0.4007937090767908	0.4007937090767908	True	False	-0.6027979220618196	0.6584756870973457	0.0	0.0	False	False
185	1911	586	1325	1.3279155552936572e-10	4.3467739399900286e-10	-0.1147930285192172	0.0016173369691215597	0.00210665560076253	0.30664573521716376	-0.38064805345964103	0.7680924887379135	9.361832945308995	6.375024819828097	0.0	0.0	4080	34.22686767578125	34.22686767578125	22	33.89359664916992	33.89359664916992	-0.009737117336248357	0.0	True	False	-0.3813561527449547	0.7677155883711949	0.0	0.0	False	False
186	1071	303	768	3.300804074513053e-11	1.1552814260795684e-10	-0.1643933577932337	0.0008362680915423765	0.0012210652840646211	0.28291316526610644	-0.5446631400559809	0.6855514556262566	9.937312208927143	5.717027701406222	0.0	0.0	2115	31.367000579833984	31.367000579833984	6	43.503034591674805	43.503034591674805	0.27896982649029495	0.27896982649029495	True	False	-0.5452197009743482	0.6852870355310577	0.0	0.0	False	False
187	1328	517	811	0.0211195119630054	0.0302181696326021	0.0439949226181964	0.0014268996809485433	0.0012894322205421974	0.38930722891566266	0.14665337121782507	1.1069985797783015	1.5197318451768438	6.249975242259483	0.9165799393052961	1.392955722412517	3596	25.10987663269043	25.10987663269043	23	25.667190551757812	25.667190551757812	0.021713086126179684	0.021713086126179684	True	False	0.1468511192014379	1.107150324765356	0.01992861480110831	0.01990177916366444	True	True
188	3447	1004	2443	0.0	0.0	-0.1466645204290759	0.002771000540952297	0.003884195949179517	0.2912677690745576	-0.48678593713427354	0.7136131288304448	300.0	6.912742820493176	0.0	0.0	6978	23.788496017456055	23.788496017456055	50	21.13921947479248	21.13921947479248	-0.11136797133873153	0.0	True	False	-0.4883981458257036	0.7128161130658535	0.0	0.0	False	False
189	786	318	468	0.0031902930380143	0.005111208916537	0.0717065006458517	0.0008776675020147713	0.0007440866574768784	0.40458015267175573	0.2389299279762227	1.1801170233939926	2.2914763672457243	5.765191102784844	1.3774766949575428	3.1564552929269567	2211	31.22330093383789	31.22330093383789	15	26.191670608520507	26.191670608520507	-0.1611498520281183	0.0	True	False	0.23912195590105512	1.1802741116898374	0.0	0.0	False	False
190	3890	1431	2459	0.7005622719042608	0.7447566208328006	0.0044063387562915	0.003949503759066471	0.003909634809264197	0.367866323907455	0.01484821865513375	1.0103451457040316	0.1279856272490452	7.266827347520591	0.10789944138509135	0.013809577685492501	9904	24.220745086669922	24.220745086669922	113	19.824986267089844	19.824986267089844	-0.1814873491236782	0.0	True	False	0.014905116915445937	1.010384993359357	0.0	0.0	False	False
191	1914	713	1201	0.4211085076401555	0.4730972122870883	0.0130717561843124	0.0019678519777878364	0.0019095044351062629	0.3725182863113898	0.04383428972500525	1.0308499069145534	0.325049611012736	6.570882962339584	0.2880299875202941	0.09362403540347479	4989	30.666216278076163	30.666216278076163	2	77.77158966064454	77.77158966064454	0.6056887044242267	0.6056887044242267	True	False	0.04391778521595313	1.030909568733132	0.17478881448150332	0.17445650997649312	False	False
192	1041	431	610	2.154577213930864e-05	4.538577001567329e-05	0.0886726688853656	0.0011895430609068127	0.0009698565407284099	0.4140249759846302	0.295054867570661	1.2269316381740623	4.3430802919092	6.068425588244111	1.7905185083017767	7.776365645704106	3008	25.604068756103516	25.604068756103516	9	23.62150764465332	23.62150764465332	-0.07743148678186514	0.0	True	False	0.29537130553939406	1.2272007805265528	0.0	0.0	False	False
193	4476	1462	3014	4.165356948249155e-11	1.4143562772040038e-10	-0.0746706416215128	0.004035062540709421	0.0047920452684515205	0.3266309204647006	-0.24779650130052921	0.8421817387966272	9.849441177714581	7.288244401020124	0.0	0.0	9978	23.02304458618164	23.02304458618164	256	18.605064392089844	18.605064392089844	-0.19189382957384596	0.0	True	False	-0.2488942845118265	0.8415411451254508	0.0	0.0	False	False
194	4366	1382	2984	4.440892098500626e-16	2.245117672019761e-15	-0.0947655420271774	0.003814265684856648	0.004744347405792746	0.31653687585890977	-0.31452416994862453	0.8041161608115697	14.648760891645253	7.232010331664759	0.0	0.0	9631	30.78209114074707	30.78209114074707	43	34.75310516357422	34.75310516357422	0.11426357455359956	0.11426357455359956	True	False	-0.3158726072425777	0.8033649322996383	0.0	0.0	False	False
195	1857	834	1023	0.0	0.0	0.1508156506607802	0.002301807222265155	0.0016264971166642024	0.4491114701130856	0.5011584557182971	1.4153496040733233	300.0	6.727431724850855	3.3715092941765343	168.57546470882673	5813	29.44625930786134	29.44625930786134	25	19.614208602905272	19.614208602905272	-0.3338981227517473	0.0	True	False	0.5021337929462248	1.416306777870468	0.0	0.0	False	False
196	4603	1655	2948	0.292784140619349	0.3415814973892405	-0.0112042473400558	0.004567734955454234	0.004687109970602218	0.35954812079078863	-0.037028580045807225	0.9746603225056527	0.46650566198591126	7.412160334945205	0.0	0.0	11585	29.834962844848633	29.834962844848633	0					False	True	-0.03720245016945434	0.9745428658743615			False	False
197	1071	360	711	0.0142274413917768	0.0210862730725032	-0.056041866226778	0.000993585851337477	0.00113043934501295	0.33613445378151263	-0.18517889390655107	0.8795400063692832	1.6760001735595897	5.8888779583328805	0.0	0.0	2457	32.653228759765625	32.653228759765625	63	28.917030334472656	28.917030334472656	-0.11442048970963035	0.0	True	False	-0.18537738634877776	0.8794190036420166	0.0	0.0	False	False
198	4851	1851	3000	0.0030683381275606	0.004933193809329	0.0298103977684369	0.005108687252293527	0.004769786265877426	0.3815708101422387	0.09917722302921916	1.0711623984588108	2.3068718221683646	7.524021415206125	0.746211549972519	1.7214143980081846	12721	25.713661193847656	25.713661193847656	236	21.726614952087402	21.726614952087402	-0.15505556411057517	0.0	True	False	0.0996677320133248	1.0715266501504626	0.0	0.0	False	False
199	1913	666	1247	0.0505296532396575	0.0678200360591273	-0.0328669905728322	0.0018381338249743324	0.0019826411578497166	0.34814427600627285	-0.10867743175654176	0.9274378865590439	1.1686419836485276	6.502790045915623	0.0	0.0	4646	32.885066986083984	32.885066986083984	16	46.711212158203125	46.711212158203125	0.2959920013484617	0.2959920013484617	True	False	-0.10888715619593725	0.9273030748016607	0.0	0.0	False	False
200	1796	655	1141	0.9286030748100468	0.945222369213806	-0.0015191106910437	0.0018077742572945761	0.0018141087097887144	0.36469933184855235	-0.004577570623837346	0.9968320982515259	0.02446600909725836	6.486160788944089	0.0	0.0	4547	29.149198532104492	29.149198532104492	38	29.63519115447998	29.63519115447998	0.016399172856424095	0.016399172856424095	True	False	-0.00458757140663657	0.9968251882210161	0.0	0.0	False	False
201	798	268	530	0.0326351971395673	0.0455491248420341	-0.0566158418360937	0.0007396694671067885	0.0008426622403050119	0.3358395989974937	-0.186745059550244	0.8785857105040437	1.341519962926475	5.594711379601839	0.0	0.0	1821	22.839582443237305	22.839582443237305	55	21.128664016723633	21.128664016723633	-0.07491023230244154	0.0	True	False	-0.18689460886884213	0.8784946413031204	0.0	0.0	False	False
202	4366	1821	2545	0.0	0.0	0.0941473928573157	0.005025888431348737	0.004046368682219349	0.4170865781035273	0.31286353285807156	1.2421707770391073	300.0	7.507690077819904	2.3488824413502254	117.44412206751127	12613	26.88308334350586	26.88308334350586	134	12.452644348144531	12.452644348144531	-0.5367851154189606	0.0	True	False	0.31428227129386244	1.2433929218341153	0.0	0.0	False	False
203	1031	344	687	0.009234952770273	0.0140531889982416	-0.0608730607522845	0.0009494264801669225	0.0010922810548859305	0.33365664403491757	-0.20117012721598293	0.8698447717813595	1.852225112969806	5.84354441703136	0.0	0.0	2395	33.67555618286133	33.67555618286133	13	38.45405960083008	38.45405960083008	0.12426525229251999	0.12426525229251999	True	False	-0.20137727804793215	0.869719883203151	0.0	0.0	False	False
204	2663	1142	1521	0.0	0.0	0.1150621235920309	0.0031518751172983296	0.002418281636799855	0.42883965452497186	0.3823854348099456	1.303495348643587	300.0	7.04141166379481	2.692533260736001	134.62666303680004	7746	22.665029525756836	22.665029525756836	248	18.48757724761963	18.48757724761963	-0.18431267752772593	0.0	True	False	0.3834458948453552	1.3044538414946794	0.0	0.0	False	False
205	2390	982	1408	1.8869694695666794e-09	5.611575873547968e-09	0.0830340667160955	0.0027102814055927843	0.0022386196874518054	0.4108786610878661	0.27605535215014676	1.2108795411008937	8.250915160654795	6.890609120147166	1.902189527191239	15.694804408340971	6818	25.208194732666016	25.208194732666016	56	22.53910541534424	22.53910541534424	-0.1058818112771495	0.0	True	False	0.2767366572998746	1.21145150764282	0.0	0.0	False	False
206	985	297	688	5.962618749855153e-07	1.3633123272281882e-06	-0.1253067551823624	0.0008197083273534185	0.001093870983641223	0.3015228426395939	-0.41488138256054796	0.7500811632886799	5.865404638330292	5.697093486505405	0.0	0.0	2079	33.96146011352539	33.96146011352539	0					False	True	-0.4152781388481621	0.7498749114533366			False	False
207	2977	962	2015	5.102887890018337e-09	1.4332185123199652e-08	-0.0815747447039739	0.002655082191629591	0.0032037064419143378	0.3231441048034934	-0.270593734002345	0.8289783136817328	7.843687590858645	6.870053411798126	0.0	0.0	6672	31.217811584472656	31.217811584472656	62	21.73322296142578	21.73322296142578	-0.30381977921105746	0.0	True	False	-0.271388402540536	0.8285218197112745	0.0	0.0	False	False
208	2156	717	1439	9.89287852775078e-05	0.0001899265708914	-0.0630164045333957	0.001978891820580475	0.002287907478865872	0.3325602968460111	-0.20883144862127523	0.8652377711989246	3.721414272839195	6.576469569048224	0.0	0.0	4994	27.122262954711914	27.122262954711914	25	25.26473045349121	25.26473045349121	-0.06848737158556294	0.0	True	False	-0.2092790624346499	0.8649693622196342	0.0	0.0	False	False
209	1911	841	1070	0.0	0.0	0.1349374518479185	0.0023211269471522726	0.0017012237681629486	0.4400837257980115	0.4484359843235488	1.3645601444318762	300.0	6.7357800142423265	3.0205661408736453	151.02830704368228	5886	28.201942443847656	28.201942443847656	1	36.00236129760742	36.00236129760742	0.21666409014894675	0.21666409014894675	True	False	0.44933127120004457	1.3654072062830125	0.6557547977902997	0.6544482146471037	True	True
210	1595	650	945	5.898825773176242e-06	1.2870864646143114e-05	0.0770067818689066	0.0017939744538037778	0.0015024826737513892	0.40752351097178685	0.25615720214714344	1.1942933152304047	4.890392276838012	6.478509642208569	1.6595169040314384	8.115688650757475	4526	21.72812271118164	21.72812271118164	24	18.50530128479004	18.50530128479004	-0.14832489070641547	0.0	True	False	0.25657758432477173	1.1946413671500489	0.0	0.0	False	False
211	3987	1526	2461	0.0039544360255665	0.0062911482224922	0.0319681536512726	0.004211700025391638	0.003912814666774782	0.38274391773263106	0.10637545335102061	1.076520246731943	2.201270082506596	7.3310603052186325	0.7798448635113036	1.7166491670438722	10643	25.906797409057617	25.906797409057617	39	24.226308822631836	24.226308822631836	-0.06486670505395019	0.0	True	False	0.10680756465668395	1.0768427308517612	0.0	0.0	False	False
212	4344	1506	2838	0.0013994026629917	0.0023670193742054	-0.0356621855215327	0.004156500811428445	0.004512217807520045	0.34668508287292815	-0.11824246530130456	0.9213093341256302	2.6257981873281793	7.317876198626496	0.0	0.0	10456	31.379419326782227	31.379419326782227	86	24.660547256469727	24.660547256469727	-0.21411715750195434	0.0	True	False	-0.11875873760086897	0.9209797000868872	0.0	0.0	False	False
213	442	133	309	0.0007406366531497	0.0012813295710384	-0.1265816047207835	0.00036707477285523457	0.0004912879853853748	0.3009049773755656	-0.4174140641476001	0.7487655351232072	2.8923391509153977	4.897839799950911	0.0	0.0	917	37.10152816772461	37.10152816772461	14	39.45692749023438	39.45692749023438	0.059695457105542034	0.059695457105542034	True	False	-0.417594187042722	0.7486720563261499	0.0	0.0	False	False
214	3480	1375	2105	3.001889008258374e-06	6.695389699791961e-06	0.0545758317298093	0.00379494595996953	0.0033468000298906607	0.39511494252873564	0.18147886752622533	1.1340457692219674	5.174224140154021	7.226936018493289	1.31153616432065	6.786182082112918	9615	26.903491973876953	26.903491973876953	10	29.421987533569336	29.421987533569336	0.08559909682576264	0.08559909682576264	True	False	0.18212687469496913	1.134555256556901	0.11266718079390357	0.11226631112017266	True	True
215	1102	542	560	0.0	0.0	0.2253364932673176	0.0014958986984025347	0.0008903601029637862	0.49183303085299457	0.7485943679055236	1.6801550410507342	300.0	6.297109319933935	4.713980570987926	235.69902854939627	3742	21.065166473388672	21.065166473388672	52	10.109846115112305	10.109846115112305	-0.5200680645992554	0.0	True	False	0.7494681730736676	1.6811729781829763	0.0	0.0	False	False
216	1670	658	1012	0.0018742281448829	0.0031123131602982	0.0525706148455115	0.001816054139389055	0.001609007900355985	0.39401197604790417	0.17501904097627374	1.1289793052013606	2.5069167108639383	6.490723534502507	1.1360002082507585	2.8478579056087407	4499	24.50743293762207	24.50743293762207	107	20.869342422485353	20.869342422485353	-0.14844845334868914	0.0	True	False	0.1753174122054979	1.1292128194017093	0.0	0.0	False	False
217	2570	1063	1507	3.555356009599109e-11	1.2255204427027232e-10	0.0879452459438908	0.002933838222143717	0.0023960226342257603	0.41361867704280153	0.2923476345523337	1.2246314463825316	9.911679439957444	6.96979066990159	2.037601815670655	20.19605602320279	7425	27.4554500579834	27.4554500579834	16	43.40532112121582	43.40532112121582	0.3674634964383752	0.3674634964383752	True	False	0.2931247646054551	1.2252912908011	0.750734629235524	0.7487442875355207	True	True
218	2106	801	1305	0.0722793022428027	0.0923794452822338	0.0275472381452527	0.002210728519225886	0.00207485702565668	0.3803418803418803	0.09185757122081384	1.0657415164949597	1.0344246499222085	6.687108607866515	0.6142615552084156	0.6354072942071367	5591	28.85713768005371	28.85713768005371	16	23.16231060028076	23.16231060028076	-0.19734552826801183	0.0	True	False	0.09205316726051826	1.0658860161608825	0.0	0.0	False	False
219	3301	1318	1983	1.936778111222281e-07	4.6874151096071173e-07	0.0621179297879042	0.0036376282001744295	0.0031528287217449788	0.3992729475916389	0.20653477709838874	1.1539132574811626	6.3290665843870055	7.1846291527173145	1.483875780591056	9.391548618320037	9200	24.432165145874023	24.432165145874023	26	22.472150802612305	22.472150802612305	-0.08022270361874645	0.0	True	False	0.20723573004898732	1.1544740381064078	0.0	0.0	False	False
220	3149	1138	2011	0.5468150437145034	0.6024233532447919	-0.0077445748024184	0.003140835274505691	0.003197346726893168	0.3613845665290568	-0.025451843109898675	0.982512833446782	0.22009820083663595	7.037905963447182	0.0	0.0	7906	25.793424606323242	25.793424606323242	60	23.932255744934082	23.932255744934082	-0.0721567178378049	0.0	True	False	-0.02553447768831063	0.982456558762018	0.0	0.0	False	False
221	1425	596	829	5.850432027720845e-08	1.512469643530104e-07	0.0962169629252731	0.0016449365761031563	0.0013180509381374621	0.4182456140350877	0.3199657601184729	1.2483009222780486	6.820313333224035	6.391917113392602	2.0451946178009393	13.948868120825779	4111	21.993473052978516	21.993473052978516	61	19.326982498168945	19.326982498168945	-0.12124008556476963	0.0	True	False	0.3204372103497395	1.2487089142032453	0.0	0.0	False	False
222	2521	985	1536	0.000748481511726	0.0012899965448308	0.0465702485373821	0.0027185612876872633	0.0024421305681292423	0.39071796905989686	0.15496561282963306	1.1133950797285201	2.8894114529278263	6.893656354602635	1.0682796816278917	3.0866995470257224	6881	28.752105712890625	28.752105712890625	14	21.520752334594725	21.520752334594725	-0.25150691398069736	0.0	True	False	0.15536460315996692	1.1137030417663496	0.0	0.0	False	False
223	3303	1363	1940	1.9406698470447741e-13	7.883971253619393e-13	0.0862193596396477	0.0037618264315916142	0.003084461785267402	0.41265516197396307	0.28657187050892396	1.2197384909290423	12.103254967905688	7.218176838403408	2.0685264382454553	25.035902889938566	9398	23.810880661010742	23.810880661010742	143	19.61679801940918	19.61679801940918	-0.17614143304112162	0.0	True	False	0.287551609886572	1.2205671010380044	0.0	0.0	False	False
224	1909	645	1264	0.0020383605386549	0.0033725601639563	-0.0526621255756632	0.0017801746503129795	0.002009669946689689	0.3378732320586695	-0.17439243297693885	0.886140623919793	2.4720402940975204	6.470799503782602	0.0	0.0	4501	26.315914154052734	26.315914154052734	14	24.815383529663087	24.815383529663087	-0.05701989357487551	0.0	True	False	-0.17472499852826395	0.8859363770950932	0.0	0.0	False	False
225	2421	782	1639	1.258236725920625e-07	3.111400599423285e-07	-0.0818469667752552	0.0021582892659608526	0.002605893229924367	0.32300702189178027	-0.27140764119397254	0.8285107712655368	6.507044068956073	6.663132695990803	0.0	0.0	5451	30.81969451904297	30.81969451904297	23	47.2493392944336	47.2493392944336	0.3477222120082892	0.3477222120082892	True	False	-0.2720557844551319	0.8281386392130193	0.0	0.0	False	False
226	3247	1071	2176	2.413228132880363e-07	5.809623282860132e-07	-0.0683441864589753	0.002955917907728994	0.0034596849715164265	0.3298429319371728	-0.22669256673224325	0.8545918320182395	6.235852027933142	6.977281341630747	0.0	0.0	7470	27.65098762512207	27.65098762512207	27	22.826855087280272	22.826855087280272	-0.17446510783791583	0.0	True	False	-0.22742253378764943	0.8541595396261478	0.0	0.0	False	False
227	1489	509	980	0.0193003151367077	0.0278782329752444	-0.0449830596202205	0.001404819995363266	0.0015581301801866258	0.34184016118200133	-0.14874988064722672	0.9020317496420817	1.5547347568803709	6.234410725718371	0.0	0.0	3551	22.94060707092285	22.94060707092285	12	23.788585662841797	23.788585662841797	0.035646448424359385	0.035646448424359385	True	False	-0.14897223365931467	0.9018927361878029	0.0	0.0	False	False
228	1558	703	855	0.0	0.0	0.1545144440268666	0.0019402523708062396	0.0013593890857750664	0.45121951219512196	0.5134681721262275	1.4274776644655733	300.0	6.556778356158042	3.366696997573281	168.33484987866404	4835	20.793746948242188	20.793746948242188	86	18.355024337768555	18.355024337768555	-0.11728153740371414	0.0	True	False	0.5143067192714703	1.4283076078882195	0.0	0.0	False	False
229	6538	2140	4398	4.218847493575595e-15	1.900569910472174e-14	-0.0733162179403711	0.005906315894061669	0.006992506665776306	0.32731722239216887	-0.24337817312779286	0.8447649174658431	13.721116150699723	7.669028288589683	0.0	0.0	14868	25.68951416015625	25.68951416015625	112	22.828386116027833	22.828386116027833	-0.1113733808390176	0.0	True	False	-0.24495623517866516	0.8438413940607323	0.0	0.0	False	False
230	2017	669	1348	0.0001118608584096	0.0002138516410772	-0.0647385406960455	0.0018464137070688114	0.002143223962134257	0.33168071393158155	-0.2145139575321835	0.8618364626211864	3.669887412659741	6.507277712385012	0.0	0.0	4616	23.056020736694336	23.056020736694336	67	19.57936668395996	19.57936668395996	-0.15079159116131335	0.0	True	False	-0.21494386533874454	0.8615796827653008	0.0	0.0	False	False
231	1850	787	1063	1.6269208202857044e-12	6.326914301111073e-12	0.1089667015710164	0.002172089069451651	0.0016900942668759012	0.4254054054054054	0.3622173986930779	1.285400018893858	11.198808048077066	6.669498089857879	2.415808248696773	27.054172858116385	5459	24.720409393310547	24.720409393310547	50	22.14972915649414	22.14972915649414	-0.10399019676073994	0.0	True	False	0.3629132692514112	1.2860201692085806	0.0	0.0	False	False
232	4797	1818	2979	0.0136860390954562	0.0204840387777388	0.0250486094061035	0.005017608549254259	0.004736397762016284	0.3789868667917448	0.08336428172108956	1.0594858219804617	1.6885844106865948	7.506042178518122	0.6257358147803656	1.0566077420463997	12678	26.174911499023438	26.174911499023438	48	22.99968719482422	22.99968719482422	-0.12130792894247927	0.0	True	False	0.08377112285539212	1.0597846399456148	0.0	0.0	False	False
233	1010	317	693	3.836598867046348e-05	7.828038047112504e-05	-0.1001487386582065	0.0008749075413166116	0.0011018206274176854	0.31386138613861386	-0.3314536872849665	0.7947352896024965	4.106347072179742	5.762051382780177	0.0	0.0	2072	32.26114273071289	32.26114273071289	147	28.9121955871582	28.9121955871582	-0.10380745565985366	0.0	True	False	-0.3317822220247191	0.7945543307599267	0.0	0.0	False	False
234	2311	872	1439	0.1345351580803462	0.1663410242569498	0.0219809247312637	0.002406685728795222	0.002287907478865872	0.3773258329727391	0.07334485091268839	1.0521532479039182	0.779000628644553	6.771935555839602	0.4966866037333892	0.38691917654763813	6052	30.204252243041992	30.204252243041992	52	28.300460243225096	28.300460243225096	-0.06303059531147517	0.0	True	False	0.07351576871429266	1.0522779051376685	0.0	0.0	False	False
235	1132	565	567	0.0	0.0	0.2379906226616401	0.0015593777944602069	0.0009014896042508335	0.4991166077738516	0.7905922351906511	1.7297844040286758	300.0	6.338594078203183	5.011243260252879	250.56216301264396	3926	35.181976318359375	35.181976318359375	29	33.71455764770508	33.71455764770508	-0.04170938714118054	0.0	True	False	0.7915416904639692	1.7309231710046507	0.0	0.0	False	False
236	1017	341	676	0.0140836110485349	0.0210099771379783	-0.0576670832134016	0.0009411465980724435	0.0010747918385777134	0.3352999016715831	-0.19051875230733906	0.8762905753694343	1.6775744201716425	5.834810737062605	0.0	0.0	2357	35.11954879760742	35.11954879760742	30	32.9646411895752	32.9646411895752	-0.061359205394433534	0.0	True	False	-0.1907126008155089	0.8761728400170017	0.0	0.0	False	False
237	2395	838	1557	0.0487862813339492	0.0656738402572393	-0.0295193602024989	0.0023128470650577936	0.002475519071990384	0.3498956158663883	-0.0976638709679083	0.9345450582677768	1.1826075877360842	6.732210706467206	0.0	0.0	5825	31.389190673828125	31.389190673828125	41	25.6632137298584	25.6632137298584	-0.1824187505651099	0.0	True	False	-0.09789996606390261	0.9343921337437906	0.0	0.0	False	False
238	1964	807	1157	5.1309971382806914e-08	1.3417262631711e-07	0.083065409505589	0.002227288283414844	0.0018395475698733939	0.4108961303462322	0.2762075748127977	1.2110073110226298	6.872336079189797	6.694562058521095	1.8490887506178821	12.707559334495256	5597	22.208858489990234	22.208858489990234	52	18.860623168945313	18.860623168945313	-0.1507612524324024	0.0	True	False	0.27676725988976614	1.2114772053445644	0.0	0.0	False	False
239	2328	842	1486	0.6309417842019398	0.6786726047562237	-0.007181484189578	0.0023238869078504323	0.002362634130364618	0.36168384879725085	-0.023485268459314312	0.9838530351396416	0.1683396811508466	6.736966958001855	0.0	0.0	5870	27.221567153930664	27.221567153930664	24	26.597759628295897	26.597759628295897	-0.022915929935528795	0.0	True	False	-0.023542146102014883	0.9838142479138271	0.0	0.0	False	False
240	337	128	209	0.4883815635565529	0.5446412044564499	0.0265889172732347	0.00035327496936443626	0.00033229510985612737	0.3798219584569733	0.09050371887363617	1.0647418735888472	0.26388950550222945	4.859812404361672	0.43983109562295863	0.11606681032844635	883	28.65992279052735	28.65992279052735	13	27.194255065917968	27.194255065917968	-0.05113997463711986	0.0	True	False	0.09053315247065541	1.064763596476941	0.0	0.0	False	False
241	2392	886	1506	0.5307975638325806	0.5861963386986023	0.0091339837576762	0.0024453251785694573	0.002394432705470468	0.3704013377926421	0.030677466683334487	1.0214916893781907	0.23195689843248488	6.787844982309579	0.2082338882964413	0.048301286877779036	6027	24.503826141357422	24.503826141357422	175	20.95404052734375	20.95404052734375	-0.14486658506045974	0.0	True	False	0.030750220979738785	1.0215432039262924	0.0	0.0	False	False
242	10	6	4	0.0149069440589117	0.02180919468426	0.4156164927545954	1.6559764188957948e-05	6.359715021169902e-06	0.6	1.3262003200778896	2.507414174422158	1.6613603706725255	1.9459101490553132	2.5806666625199703	4.287417323026407	28	12.480688095092773	12.480688095092773	14	8.21013069152832	8.21013069152832	-0.3421732336411463	0.0	True	False	1.32621419178248	2.5074382836586526	0.0	0.0	False	False
243	2672	876	1796	7.874971061916369e-07	1.791555916585974e-06	-0.0722769924278454	0.0024177255715878607	0.002855512044505286	0.3278443113772455	-0.23967733586351692	0.8469347112945763	5.746769632440231	6.776506992372183	0.0	0.0	6049	26.930103302001953	26.930103302001953	83	19.642309188842773	19.642309188842773	-0.2706188695762416	0.0	True	False	-0.24031144345721955	0.8465625399696539	0.0	0.0	False	False
244	4036	1215	2821	0.0	0.0	-0.1263015744857263	0.003353352248263985	0.004485189018680073	0.3010406342913776	-0.4192268528365144	0.7478252800908181	300.0	7.103322062526113	0.0	0.0	8442	24.169687271118164	24.169687271118164	63	19.882080078125	19.882080078125	-0.1773960558487113	0.0	True	False	-0.42086701877846977	0.7469755782743077	0.0	0.0	False	False
245	4665	1622	3043	0.0017130940550531	0.002865653658269	-0.0337258687477993	0.0044766562524149655	0.004838153202355002	0.34769560557341905	-0.11182728421220567	0.9254152097660722	2.542776299420798	7.392031567514591	0.0	0.0	11320	27.895767211914062	27.895767211914062	34	25.30842056274414	25.30842056274414	-0.0927505104812062	0.0	True	False	-0.11235210179173283	0.9250786273081485	0.0	0.0	False	False
246	972	390	582	0.0027874055077026	0.0045134146121163	0.0656668561120834	0.0010763846722822666	0.0009253385355802206	0.4012345679012346	0.21875010197944533	1.163724941037526	2.3454947694084027	5.968707559985366	1.3056553874322852	3.0624078818723266	2673	22.455293655395508	22.455293655395508	57	18.754570388793944	18.754570388793944	-0.1648040468048995	0.0	True	False	0.21896738873025257	1.1639002248272727	0.0	0.0	False	False
247	825	274	551	0.0147744324042018	0.0217552321809444	-0.0638758022954948	0.0007562292312957463	0.0008760507441661539	0.3321212121212121	-0.21086913320707446	0.8640165587432791	1.6624362773740278	5.616771097666572	0.0	0.0	1864	23.260414123535156	23.260414123535156	54	19.408522987365725	19.408522987365725	-0.1655985622488141	0.0	True	False	-0.2110429848075217	0.8639124469198458	0.0	0.0	False	False
248	1675	482	1193	4.6629367034256575e-15	2.040034807748725e-14	-0.1540681716958498	0.0013303010565129552	0.001896785005063923	0.28776119402985073	-0.5109121155472245	0.7017786118673723	13.69036242243477	6.180016653652572	0.0	0.0	3310	32.836448669433594	32.836448669433594	64	21.53798484802246	21.53798484802246	-0.3440830016410549	0.0	True	False	-0.5117315444448582	0.701380125439604	0.0	0.0	False	False
249	2254	824	1430	0.9938540073689046	0.9957153447100386	0.0001164079673828	0.0022742076152835584	0.0022735981200682396	0.36557231588287487	0.0007575044933947339	1.0005251999730935	0.0018648000209287594	6.715383386334681	0.005086933090016865	9.486112932726647e-06	5546	23.875532150268555	23.875532150268555	222	19.701630783081054	19.701630783081054	-0.1748191973656408	0.0	True	False	0.0007575398899266617	1.000525224520986	0.0	0.0	False	False
250	1890	564	1326	4.511946372076636e-13	1.8008207011358504e-12	-0.1317391863498641	0.0015566178337620472	0.0021082455295178223	0.2984126984126984	-0.4368935860765859	0.738723518405971	11.744529525594501	6.336825731146441	0.0	0.0	3887	33.273136138916016	33.273136138916016	61	29.872875213623047	29.872875213623047	-0.10219237859325345	0.0	True	False	-0.43769172229978004	0.7383149504683331	0.0	0.0	False	False
251	2392	1030	1362	0.0	0.0	0.118185350863614	0.002842759519104448	0.0021654829647083512	0.4306020066889632	0.3927738783667145	1.312915328760948	300.0	6.93828448401696	2.72517690599894	136.258845299947	7131	24.173686981201172	24.173686981201172	79	21.656858444213867	21.656858444213867	-0.10411438432807263	0.0	True	False	0.3937525876732959	1.3138062990393065	0.0	0.0	False	False
252	2668	1051	1617	8.84382272858808e-05	0.0001712314613407	0.0524179298570911	0.002900718693765801	0.0025709147973079324	0.393928035982009	0.1743687412310191	1.1284705285765824	3.7664164369056707	6.9584483932976555	1.2133358872603195	4.569928229264793	7347	30.539661407470703	30.539661407470703	10	40.72274398803711	40.72274398803711	0.25005885122961835	0.25005885122961835	True	False	0.1748450061371578	1.1288431226571043	0.30423408935349827	0.3034053781239852	True	True
253	2524	1012	1512	1.729236482672647e-06	3.895062374336903e-06	0.0651539550738399	0.002793080226537574	0.0024039722780022227	0.4009508716323296	0.21667236898913877	1.1620501800087422	5.4094855832768	6.920671504248683	1.4995182898211887	8.111622570647603	7084	33.19353103637695	33.19353103637695	0					False	True	0.21723434881249482	1.1625029270865943			False	True
254	1807	527	1280	8.881784197001252e-15	3.8124639713543126e-14	-0.1458741206997315	0.00145449928793014	0.0020351088067743685	0.2916436081903708	-0.48377865062381176	0.715102201247661	13.418794251806718	6.269096283706261	0.0	0.0	3579	30.90498123168948	30.90498123168948	110	28.408976364135743	28.408976364135743	-0.08076383702813489	0.0	True	False	-0.48461860175738103	0.7146859829416045	0.0	0.0	False	False
255	2653	863	1790	1.5686840182382866e-07	3.837372195152798e-07	-0.0773170015293175	0.002381846082511785	0.002845972471973531	0.3252921221258952	-0.25640883241249135	0.8371692160127934	6.4159660755836025	6.761572768804055	0.0	0.0	6026	31.826709747314453	31.826709747314453	15	41.8891845703125	41.8891845703125	0.2402165362304397	0.2402165362304397	True	False	-0.2570810255856628	0.8367792456185305	0.0	0.0	False	False
256	1710	578	1132	0.0036753429329434	0.0058676527525939	-0.0523933546962504	0.0015952572835362824	0.001799799350991082	0.33801169590643276	-0.17343658244699967	0.8867279265837288	2.231535595594711	6.361302477572996	0.0	0.0	4025	30.917417526245117	30.917417526245117	21	30.911462783813477	30.911462783813477	-0.00019260154657437913	0.0	True	False	-0.17373302116480005	0.8865457442941401	0.0	0.0	False	False
257	2482	1044	1438	6.394884621840903e-14	2.645156820852373e-13	0.100466846354599	0.0028813989688786833	0.0022863175501105794	0.42062852538275586	0.3339328747069299	1.2604447446140732	12.577548575268905	6.951772164398911	2.3214252631653447	29.197839011318525	7274	22.98721694946289	22.98721694946289	34	21.46290397644043	21.46290397644043	-0.06631133191867654	0.0	True	False	0.3347927726637856	1.2611962387981905	0.0	0.0	False	False
258	1201	424	777	0.264227925927708	0.3098549131368741	-0.0235299284726109	0.001170223336019695	0.0012353746428622533	0.3530391340549542	-0.07739251808581749	0.9477690678585058	0.5088416131779573	6.052089168924417	0.0	0.0	2919	31.893760681152344	31.893760681152344	49	25.27352294921875	25.27352294921875	-0.2075715622913616	0.0	True	False	-0.07748746965717856	0.9477066920976143	0.0	0.0	False	False
259	902	232	670	4.440892098500626e-15	1.9809861811939068e-14	-0.2210615840735976	0.0006403108819730407	0.0010652522660459585	0.2572062084257206	-0.7323210125299724	0.6019347398586999	13.703118553967846	5.4510384535657	0.0	0.0	1615	32.250606536865234	32.250606536865234	9	57.68380966186523	57.68380966186523	0.4409071327654333	0.4409071327654333	True	False	-0.7329354406711843	0.6016784369759552	0.0	0.0	False	False
260	4740	1971	2769	0.0	0.0	0.0918889022690375	0.005439882536072686	0.004402512723404865	0.4158227848101266	0.30535377532360464	1.2357216216162188	300.0	7.586803535162581	2.316659102100364	115.83295510501821	13759	29.24073371887208	29.24073371887208	38	30.175264358520508	30.175264358520508	0.030970089558951888	0.030970089558951888	True	False	0.30685693545702275	1.2370098047939642	0.07210032836457547	0.07174713986960934	True	True
261	3223	1220	2003	0.0511766309603864	0.0684863737852231	0.0242041151164166	0.003367152051754783	0.003184627296850828	0.3785293205088427	0.08063538872946374	1.0574836727626713	1.1643958281945335	7.107425474110705	0.5731100159706098	0.6673269116926805	8511	28.44083023071289	28.44083023071289	29	22.501020431518555	22.501020431518555	-0.2088479749364001	0.0	True	False	0.080898734695241	1.0576767208217859	0.0	0.0	False	False
262	1837	533	1304	1.5543122344752197e-15	7.444337544065523e-15	-0.1490251486337419	0.001471059052119098	0.0020732670969013877	0.2901469787697333	-0.4942511646139174	0.7099300739150273	14.128173943144501	6.280395838960195	0.0	0.0	3632	33.81967544555664	33.81967544555664	99	24.77770233154297	24.77770233154297	-0.26735836446951006	0.0	True	False	-0.49512235414229444	0.7095015031313391	0.0	0.0	False	False
263	1474	535	939	0.7986305502025899	0.8334332576655468	-0.0047865765094278	0.0014765789735154172	0.0014929431012196343	0.36295793758480327	-0.015320983290688872	0.9894364935217257	0.07912917326625939	6.284134161070802	0.0	0.0	3724	30.73012924194336	30.73012924194336	21	22.03605842590332	22.03605842590332	-0.28291683212882673	0.0	True	False	-0.015345472069574484	0.9894196986446513	0.0	0.0	False	False
264	1728	662	1066	0.05299124737502	0.0703879470186904	0.0326260184845005	0.0018270939821816937	0.0016948640531417787	0.38310185185185186	0.1087939973764609	1.0783264463191677	1.1525017015314665	6.4967749901858625	0.7068101212377375	0.8145998673861545	4621	29.313932418823242	29.313932418823242	13	23.098169326782227	23.098169326782227	-0.21204125748921054	0.0	True	False	0.10898425567394732	1.0784686621558972	0.0	0.0	False	False
265	3360	981	2379	0.0	0.0	-0.1452002009219521	0.0027075214448946247	0.0037824405088407987	0.29196428571428573	-0.48191267831521145	0.716027708140305	300.0	6.889591308354466	0.0	0.0	6860	32.31461715698242	32.31461715698242	7	58.60873794555664	58.60873794555664	0.4486382357012975	0.4486382357012975	True	False	-0.48346935255375634	0.7152555277896006	0.0	0.0	False	False
266	3070	926	2144	0.0	0.0	-0.1250885606034262	0.0025557236064958433	0.003408807251347067	0.301628664495114	-0.41509283122918106	0.7499712356625772	300.0	6.831953565565855	0.0	0.0	6464	32.20078659057617	32.20078659057617	18	51.442267990112306	51.442267990112306	0.37404030092986046	0.37404030092986046	True	False	-0.4163280973962209	0.7493293691746011	0.0	0.0	False	False
267	4006	1162	2844	0.0	0.0	-0.1491982302680903	0.003207074331261523	0.0045217573800518	0.29006490264603096	-0.49525876143289604	0.7094344227021596	300.0	7.0587581525186645	0.0	0.0	8119	32.81208419799805	32.81208419799805	15	31.595434188842773	31.595434188842773	-0.037079327293372745	0.0	True	False	-0.4971636516394451	0.708498325420168	0.0	0.0	False	False
268	901	335	566	0.62018727642138	0.671869549456495	0.0117536095842082	0.0009245868338834855	0.000899899675495541	0.37180910099889014	0.03992241375877725	1.0280585375338045	0.17271504160514795	5.817111159963204	0.23223311860885174	0.040110152742621086	2337	24.24190330505371	24.24190330505371	8	26.85700798034668	26.85700798034668	0.09737140776093302	0.09737140776093302	True	False	0.03995721751175907	1.0280833388438282	0.022632579239956332	0.022612865687655623	False	False
269	3606	1371	2235	0.0197638070443155	0.0284573803960873	0.0272851610567852	0.0037839061171768915	0.0035534907680786825	0.38019966722129783	0.09084267968474435	1.0649920637950512	1.5458050807761965	7.22402480828583	0.6562497716937564	1.0144342313424277	9574	26.134990501403816	26.134990501403816	23	24.78956756591797	24.78956756591797	-0.051479756053998876	0.0	True	False	0.09117547533303316	1.0652377606305528	0.0	0.0	False	False
270	2723	1037	1686	0.0346450580424686	0.0479133781438396	0.0284464198355841	0.0028620792439915657	0.0026806198814231133	0.38082996694821886	0.0947646214826321	1.0678911653021455	1.3195432080291858	6.945051063725834	0.6581451352315301	0.8684509430922155	7085	26.524402618408203	26.524402618408203	174	21.366347122192384	21.366347122192384	-0.19446453028261895	0.0	True	False	0.0950262929046275	1.0680848735599768	0.0	0.0	False	False
271	2181	699	1482	1.1454872561600385e-07	2.863718140400096e-07	-0.0868457941621943	0.0019292125280136012	0.0023562744153434487	0.3204951856946355	-0.2879505388895023	0.8190647780555039	6.543069729413336	6.551080335043404	0.0	0.0	4795	25.334224700927752	25.334224700927752	98	18.868071174621583	18.868071174621583	-0.2552339218049714	0.0	True	False	-0.28856882712630316	0.818713830972355	0.0	0.0	False	False
272	685	334	351	0.0	0.0	0.2179645840809088	0.0009218268731853258	0.0005580649931076589	0.48759124087591244	0.7241671249480337	1.6519466839036867	300.0	5.814130531825066	4.210402191304341	210.52010956521704	2333	20.832666397094727	20.832666397094727	5	22.75311279296875	22.75311279296875	0.08440367756922854	0.08440367756922854	True	False	0.7246914658283092	1.6525471854498006	0.35563074088851243	0.35537342899162483	True	True
273	761	273	488	0.6279661889271841	0.6786726047562237	-0.0127319412261482	0.0007534692705975866	0.000775885232582728	0.3587385019710907	-0.041132125796719876	0.9718919754885658	0.1683396811508466	5.6131281063880705	0.0	0.0	1904	30.570871353149414	30.570871353149414	7	33.29679870605469	33.29679870605469	0.08186755060058044	0.08186755060058044	True	False	-0.041165334551420685	0.9718696041974528	0.0	0.0	False	False
274	973	362	611	0.5930435827040696	0.6439972079483334	0.0121925940262058	0.0009991057727337964	0.0009714464694837024	0.3720452209660843	0.04131409975401823	1.0290507257125958	0.19111601552102728	5.8944028342648505	0.24352194668518581	0.04654094414239675	2527	30.52192497253418	30.52192497253418	7	29.30231285095215	29.30231285095215	-0.0399585584028375	0.0	True	False	0.04135319817423522	1.0290786143527841	0.0	0.0	False	False
275	1844	618	1226	0.0008861695638171	0.0015215364208936	-0.0579767613581264	0.0017056557114626689	0.0019492526539885747	0.3351409978308026	-0.19201613020212172	0.8753815423450687	2.8177176475096886	6.428105272684596	0.0	0.0	4316	29.416824340820312	29.416824340820312	10	22.337087440490723	22.337087440490723	-0.24066965279135785	0.0	True	False	-0.19236905487435152	0.8751674250507171	0.0	0.0	False	False
276	1870	693	1177	0.5650852872654346	0.6210478398690162	0.0094820055037351	0.0019126527638246432	0.0018713461449792435	0.37058823529411766	0.03192633120256616	1.0223763233484167	0.20687494444356713	6.542471960506805	0.2088771266946426	0.04321144398048612	4834	26.05508041381836	26.05508041381836	17	29.36271438598633	29.36271438598633	0.11264741837854657	0.11264741837854657	True	False	0.031985191356469045	1.0224180358750616	0.023572848576938445	0.02352946908048008	False	False
277	1838	847	991	0.0	0.0	0.1713349895806115	0.0023376867113412306	0.0015756193964948431	0.46082698585418935	0.5692861991739662	1.483789256014972	300.0	6.742880635791903	3.8386288886337088	191.93144443168543	5907	21.545894622802734	21.545894622802734	22	19.325049209594727	19.325049209594727	-0.10307510790745318	0.0	True	False	0.5703869385315734	1.4849217811948894	0.0	0.0	False	False
278	2368	893	1475	0.1369872787137345	0.1689138531565019	0.0215846723096619	0.002464644903456575	0.0023451449140564013	0.3771114864864865	0.07202131698859304	1.0511884411342063	0.7723347311115899	6.795705775173514	0.48943567979498404	0.37800817415087723	6102	31.09111213684082	31.09111213684082	149	28.83625183105469	28.83625183105469	-0.07252427304182142	0.0	True	False	0.07219328841744854	1.051313751853251	0.0	0.0	False	False
279	2685	1228	1457	0.0	0.0	0.1652640487703197	0.0033892317373400605	0.0023165261964611366	0.45735567970204843	0.549087577653415	1.4631600379732719	300.0	7.113956109566034	3.906184927734326	195.3092463867163	8500	22.07979965209961	22.07979965209961	96	17.575894355773926	17.575894355773926	-0.20398306901744911	0.0	True	False	0.5506387443709926	1.4647340544155774	0.0	0.0	False	False
280	1814	794	1020	0.0	0.0	0.1307455644004053	0.0021914087943387685	0.001621727330398325	0.43770672546857775	0.43452854569490995	1.3514691180194958	300.0	6.678342114654332	2.9019302867338164	145.09651433669083	5458	23.498960494995117	23.498960494995117	100	19.937721252441406	19.937721252441406	-0.15154879907612062	0.0	True	False	0.4353511457889372	1.352239922377854	0.0	0.0	False	False
281	1017	279	738	1.3238299345630369e-12	5.19260879505329e-12	-0.1829269248133705	0.0007700290347865446	0.0011733674214058469	0.2743362831858407	-0.6060640345424897	0.6569866523367467	11.284614395400217	5.634789603169249	0.0	0.0	1952	33.910864257812506	33.910864257812506	1	45.79531478881836	45.79531478881836	0.25951236683949225	0.25951236683949225	True	False	-0.6066473390018281	0.6567210759176141	0.0	0.0	False	False
282	844	329	515	0.060457955294084	0.0792748405152975	0.0449139026443654	0.0009080270696945275	0.0008188133089756248	0.38981042654028436	0.14999164101905293	1.1095630432364258	1.1008646230113235	5.799092654460526	0.8698154236640699	0.957549028461381	2298	34.36272430419922	34.36272430419922	5	31.842526626586913	31.842526626586913	-0.07334103243101509	0.0	True	False	0.15011961562635534	1.1096614716560065	0.0	0.0	False	False
283	2597	953	1644	0.8466959848902851	0.8735752225058497	0.0027163211695918	0.002630242545346154	0.0026138428737008295	0.36696187909125916	0.009341438856461437	1.0064960000843703	0.05869969249829908	6.860663671448287	0.06408847020158041	0.003761973493519174	6427	23.305294036865234	23.305294036865234	244	15.879902267456055	15.879902267456055	-0.31861394915950864	0.0	True	False	0.009364314537915419	1.0065119594269687	0.0	0.0	False	False
284	715	194	521	8.858256350663392e-10	2.7233152969944903e-09	-0.189510759632788	0.0005354323754429737	0.0008283528815073797	0.27132867132867133	-0.6272114941544658	0.6474265819494036	8.564902074481632	5.272999558563747	0.0	0.0	1348	33.25989532470703	33.25989532470703	10	45.257014465332034	45.257014465332034	0.26508861183972016	0.26508861183972016	True	False	-0.6276352215944492	0.6472364571358771	0.0	0.0	False	False
285	3117	1026	2091	2.557815130810326e-07	6.125294129045781e-07	-0.0696814383065533	0.0028317196763118094	0.003324541027316566	0.329162656400385	-0.23111876715632285	0.8519739550340798	6.21287305217901	6.934397209928558	0.0	0.0	7098	26.050657272338867	26.050657272338867	84	19.053071975708008	19.053071975708008	-0.26861453910650623	0.0	True	False	-0.23183279919684097	0.8515523924949782	0.0	0.0	False	False
286	1265	580	685	0.0	0.0	0.1672626558057318	0.0016007772049326018	0.0010891011973753455	0.45849802371541504	0.5558250044654489	1.4700090169184257	300.0	6.364750756851911	3.5376876178486825	176.88438089243414	3981	32.104854583740234	32.104854583740234	79	20.15818099975586	20.15818099975586	-0.3721142406306012	0.0	True	False	0.5565633451409404	1.470761528850018	0.0	0.0	False	False
287	28	10	18	0.9087064463562008	0.9291268159372388	-0.0157472713488986	2.759960698159658e-05	2.8618717595264558e-05	0.35714285714285715	-0.021450339471080326	0.9852417442116166	0.0319250053788216	2.3978952727983707	0.0	0.0	63	29.331750869750977	29.331750869750977	7	28.68783950805664	28.68783950805664	-0.0219527079905204	0.0	True	False	-0.021452653799087784	0.9852401637177013	0.0	0.0	False	False
288	3713	1491	2222	3.4779399360473917e-09	1.0143991480138226e-08	0.0662588225833469	0.00411510140095605	0.0035328216942598803	0.401562079181255	0.22026616199718863	1.1649484873360145	7.9937911242228425	7.307872780763706	1.6096770897825436	12.867422433168553	10204	24.23100471496582	24.23100471496582	233	21.228181838989258	21.228181838989258	-0.12392481910260725	0.0	True	False	0.22110859056498722	1.165628930841089	0.0	0.0	False	False
289	1148	419	729	0.9628264700811072	0.9756927480777364	-0.0009882716161331	0.0011564235325288968	0.0011590580626082145	0.36498257839721254	-0.002551564098958181	0.9982329536068808	0.01068692293003072	6.040254711277414	0.0	0.0	2877	22.64876937866211	22.64876937866211	56	20.31208896636963	20.31208896636963	-0.10317030357039694	0.0	True	False	-0.0025562143007515914	0.9982297360334794	0.0	0.0	False	False
290	1393	720	673	0.0	0.0	0.2688426659423549	0.001987171702674954	0.001070022052311836	0.5168700646087581	0.8930060880915534	1.8570415412072951	300.0	6.580639137284949	5.876550813129007	293.8275406564503	4962	20.616687774658203	20.616687774658203	78	17.927398681640625	17.927398681640625	-0.1304423446875507	0.0	True	False	0.8943304343885252	1.858747026547233	0.0	0.0	False	False
291	737	241	496	0.008114805949521	0.0124317734243504	-0.0739394001792972	0.0006651505282564776	0.0007886046626250678	0.32700135685210313	-0.24408492531349069	0.8443511826023024	1.905466913717795	5.488937726156687	0.0	0.0	1673	41.19041442871094	41.19041442871094	14	45.162423324584964	45.162423324584964	0.08794941908513118	0.08794941908513118	True	False	-0.24426400595575615	0.8442463804344298	0.0	0.0	False	False
292	2694	807	1887	0.0	0.0	-0.1293731317074475	0.002227288283414844	0.003000195561236901	0.29955456570155903	-0.4292568761394069	0.7426442185476526	300.0	6.694562058521095	0.0	0.0	5636	32.59226608276367	32.59226608276367	13	31.388361358642577	31.388361358642577	-0.036938355899032646	0.0	True	False	-0.43037571282540377	0.7420685074875468	0.0	0.0	False	False
293	610	270	340	1.166077479020089e-07	2.89926367734503e-07	0.1394100808521687	0.0007451893885031077	0.0005405757767994416	0.4426229508196721	0.4636593991938547	1.379035311788263	6.537712285366459	5.602118820879701	2.5974750467016676	16.98154452375431	1840	21.58327865600586	21.58327865600586	50	15.31281852722168	15.31281852722168	-0.2905239851981123	0.0	True	False	0.4639539392725194	1.3793168838623477	0.0	0.0	False	False
294	941	326	615	0.132751081846457	0.1645824039240815	-0.0361322819717463	0.0008997471876000486	0.0009778061845048724	0.34643995749202977	-0.11899026155891868	0.9208319129587578	0.7836165985719257	5.7899601708972535	0.0	0.0	2279	25.672498703002965	25.672498703002965	3	31.98754425048828	31.98754425048828	0.19742201833418074	0.19742201833418074	True	False	-0.11910382737579006	0.9207594299255587	0.0	0.0	False	False
295	1561	627	934	0.0001242241639467	0.000236131921248	0.0664458983359561	0.0017304953577461056	0.0014849934574431719	0.401665598975016	0.22110639847208446	1.1656271597356973	3.626845299305106	6.4425401664681985	1.424486853219527	5.1663934475211635	4278	22.512300491333008	22.512300491333008	111	17.940439224243164	17.940439224243164	-0.2030828110547814	0.0	True	False	0.22146030745864032	1.1659131359938986	0.0	0.0	False	False
296	2555	917	1638	0.3858759311504833	0.4367501210782834	-0.0124193280190647	0.0025308839602124064	0.0026043033011690746	0.3589041095890411	-0.04091000643307652	0.9720416208676296	0.3597669659474972	6.822197390620491	0.0	0.0	6401	26.12935447692871	26.12935447692871	18	23.62114887237549	23.62114887237549	-0.09599187024569926	0.0	True	False	-0.041017046871814955	0.9719695031304668	0.0	0.0	False	False
297	2374	677	1697	0.0	0.0	-0.1595679398970404	0.0018684933926540886	0.0026981090977313306	0.2851727042965459	-0.5294331195117508	0.6928269141741975	300.0	6.519147287940395	0.0	0.0	4655	32.08789596557618	32.08789596557618	84	21.153154182434083	21.153154182434083	-0.3407746582970994	0.0	True	False	-0.5306335857646758	0.6922506528251937	0.0	0.0	False	False
298	1325	431	894	0.0002119263493718	0.0003888164877588	-0.0773350148995587	0.0011895430609068127	0.001421396307231473	0.32528301886792454	-0.2560353194938436	0.8373859867023647	3.41025532710265	6.068425588244111	0.0	0.0	2945	20.882015228271484	20.882015228271484	73	17.23274459838867	17.23274459838867	-0.17475663100475977	0.0	True	False	-0.2563710950032867	0.8371911146189294	0.0	0.0	False	False
299	1551	496	1055	5.70828143597879e-06	1.2547188663624876e-05	-0.0882455494079446	0.0013689405062871905	0.0016773748368335616	0.31979368149580917	-0.2923753524396737	0.816556516299632	4.901453571764434	6.208590026096629	0.0	0.0	3463	26.427026748657227	26.427026748657227	9	23.411437606811525	23.411437606811525	-0.11411004236407055	0.0	True	False	-0.29282185272677275	0.816303838987052	0.0	0.0	False	False
300	505	221	284	7.178131312013392e-06	1.5478908753393808e-05	0.1305991673736143	0.0006099513142932845	0.000451539766503063	0.4376237623762376	0.43456364962754535	1.3515020026255424	4.8102596598730605	5.402677381872279	2.347807200826609	11.293562267295727	1508	37.49867210388182	37.49867210388182	39	31.460841369628906	31.460841369628906	-0.16101452119494886	0.0	True	False	0.43479146584749273	1.3517154353884238	0.0	0.0	False	False
301	1495	412	1083	0.0	0.0	-0.1802060068564272	0.0011371038076417792	0.0017218928419817509	0.2755852842809365	-0.5975475255813869	0.6608764419113451	300.0	6.023447592961033	0.0	0.0	2836	31.416772842407227	31.416772842407227	48	19.22306098937988	19.22306098937988	-0.3881274475323556	0.0	True	False	-0.5983932498867954	0.6604891421261944	0.0	0.0	False	False
302	1468	497	971	0.0083183118131053	0.0127007781039025	-0.0513376074391407	0.0013717004669853501	0.0015438208213889935	0.3385558583106267	-0.16983186677522433	0.8889462738806133	1.8961696714944691	6.210600077024653	0.0	0.0	3478	32.98847198486328	32.98847198486328	1	48.81645965576172	48.81645965576172	0.3242346491841567	0.3242346491841567	True	False	-0.17008139143309542	0.8887925374169133	0.0	0.0	False	False
303	2998	1173	1825	0.0001712697842872	0.0003220155035153	0.0475603770582734	0.003237433898941279	0.0029016199784087674	0.3912608405603736	0.15821177646739493	1.1159031162446371	3.492123218586594	7.068172000388042	1.1182680485584926	3.905129816974633	8171	24.730777740478516	24.730777740478516	40	24.801673889160156	24.801673889160156	0.002858522735137912	0.002858522735137912	True	False	0.15869689811653842	1.1162784137067145	0.003206396295870673	0.0031965946407827577	True	True
304	2377	801	1576	0.0003826205283001	0.0006854029148684	-0.0543984633339268	0.002210728519225886	0.002505727718340941	0.33697938578039544	-0.18026514114967895	0.882540786415585	3.164054052942963	6.687108607866515	0.0	0.0	5593	26.217409133911133	26.217409133911133	14	24.89977264404297	24.89977264404297	-0.05025807405827359	0.0	True	False	-0.1806925865830724	0.8822793436718075	0.0	0.0	False	False
305	1101	510	591	0.0	0.0	0.1755079289519031	0.0014075799560614257	0.000939647894377853	0.46321525885558584	0.5832183959171218	1.4981877136852324	300.0	6.236369590203704	3.6371654687449224	181.8582734372461	3558	21.286136627197266	21.286136627197266	12	26.773244857788086	26.773244857788086	0.20494744883322097	0.20494744883322097	True	False	0.58389342668608	1.4988888732577208	0.7462905595555344	0.7454277838035581	True	True
306	1358	359	999	0.0	0.0	-0.2049458059117827	0.0009908258906393174	0.0015883388265371828	0.26435935198821797	-0.6795291929262213	0.6243689969094458	300.0	5.886104031450156	0.0	0.0	2485	37.6404914855957	37.6404914855957	28	37.484867095947266	37.484867095947266	-0.004134494091502285	0.0	True	False	-0.6803931791429587	0.6239951932326648	0.0	0.0	False	False
307	1010	444	566	6.371880800770667e-11	2.1317689443754808e-10	0.1340917726616646	0.0012254225499828883	0.000899899675495541	0.4396039603960396	0.44579306638836336	1.36206265255969	9.671259868885919	6.09807428216624	2.718479233310906	26.291119113519525	3018	20.883277893066406	20.883277893066406	90	12.057844161987305	12.057844161987305	-0.4226076852623453	0.0	True	False	0.4462623508095458	1.3625057806888707	0.0	0.0	False	False
308	1881	708	1173	0.2140201011541878	0.2558513823769534	0.0202604793095884	0.001954052174297038	0.0018649864299580736	0.3763955342902711	0.06770751977395584	1.04804998087266	0.592012232172181	6.5638555265321274	0.4444223778560633	0.2631034839418365	4930	33.21232604980469	33.21232604980469	26	32.64988708496094	32.64988708496094	-0.016934645408464476	0.0	True	False	0.06783541456055175	1.0481428945282454	0.0	0.0	False	False
309	703	315	388	9.291829528024207e-10	2.818521623500676e-09	0.149004061930758	0.0008693876199202923	0.0006168923570534804	0.4480796586059744	0.4954110099539477	1.4097223142801132	8.549978628954136	5.755742213586912	2.8514580630676627	24.379905500587473	2163	21.162433624267578	21.162433624267578	42	20.195441627502444	20.195441627502444	-0.045693799396315966	0.0	True	False	0.4957747095039835	1.4100777462940606	0.0	0.0	False	False
310	712	241	471	0.0654885123310773	0.0853608301843679	-0.0514786308180424	0.0006651505282564776	0.0007488564437427559	0.33848314606741575	-0.1695489784602131	0.8891205984348742	1.0687413697933255	5.488937726156687	0.0	0.0	1650	19.465435791015633	19.465435791015633	37	17.70182228088379	17.70182228088379	-0.0906023132010149	0.0	True	False	-0.16967067047343498	0.889045603852257	0.0	0.0	False	False
311	2601	891	1710	0.0026860329879816	0.0043804480628374	-0.0435931726199401	0.0024591249820602556	0.002718778171550133	0.34256055363321797	-0.14442579776379638	0.9047393982180723	2.3584814645494587	6.79346613258001	0.0	0.0	6216	25.592681884765625	25.592681884765625	21	21.6234188079834	21.6234188079834	-0.15509367461582765	0.0	True	False	-0.1448022162542948	0.9045033703643923	0.0	0.0	False	False
312	2239	1000	1239	0.0	0.0	0.1464539273591257	0.0027599606981596582	0.0019699217278073768	0.4466279589102278	0.486648499198127	1.401186020019505	300.0	6.90875477931522	3.3621351446816394	168.10675723408198	6961	29.816364288330078	29.816364288330078	39	20.93325424194336	20.93325424194336	-0.29792733817192824	0.0	True	False	0.48779013923262227	1.4022952517691492	0.0	0.0	False	False
313	402	152	250	0.5058495832557963	0.5613696594667983	0.0234288130089603	0.00041951402612026807	0.0003974821888231188	0.3781094527363184	0.07968424263414953	1.0567867202193797	0.250751063525991	5.030437921392435	0.4008466358842616	0.10051272025879428	1057	36.99638366699219	36.99638366699219	7	43.88536376953125	43.88536376953125	0.15697671184218254	0.15697671184218254	True	False	0.07971519646783953	1.0568093944162003	0.06294802990807442	0.062923586854112	False	False
314	2876	965	1911	4.109972436072695e-05	8.348381510772662e-05	-0.0572081399758921	0.00266336207372407	0.0030383538513639205	0.3355354659248957	-0.18967143250488938	0.8768053871764554	4.078397712429124	6.873163834212518	0.0	0.0	6700	26.10388946533203	26.10388946533203	55	22.514458465576173	22.514458465576173	-0.1375056006317717	0.0	True	False	-0.1902148238294732	0.8764752004694165	0.0	0.0	False	False
315	1838	693	1145	0.1930201007158474	0.233574855919443	0.0214529816712527	0.0019126527638246432	0.0018204684248098843	0.37704026115342765	0.07167593239803693	1.0509368142669235	0.631573910374608	6.542471960506805	0.4689377779573379	0.2961688661468955	4836	27.256664276123047	27.256664276123047	15	30.43868637084961	30.43868637084961	0.10453874572504245	0.10453874572504245	True	False	0.07180832927003955	1.0510332637088653	0.04911271888738086	0.04902216713074856	False	False
316	1291	419	872	0.0001987034172634	0.0003690206320607	-0.078777228230628	0.0011564235325288968	0.0013864178746150384	0.3245546088303641	-0.2607987172780817	0.8346257188036902	3.4329493516197513	6.040254711277414	0.0	0.0	2882	32.5040397644043	32.5040397644043	51	24.618892669677734	24.618892669677734	-0.24258975659270868	0.0	True	False	-0.26113179609705384	0.8344330487989827	0.0	0.0	False	False
317	1785	667	1118	0.3653033731824748	0.4155325869950651	0.0152092641015125	0.001840893785672492	0.0017775403484169875	0.37366946778711485	0.05096008889490733	1.0359541042495866	0.3813949121994983	6.504288173536645	0.33145910352152186	0.12641681568531524	4624	26.767627716064453	26.767627716064453	45	23.67904396057129	23.67904396057129	-0.11538503853442221	0.0	True	False	0.051050808618063215	1.0360192492884306	0.0	0.0	False	False
318	477	203	274	0.0003243077107852	0.0005855555889178	0.1092707088284847	0.0005602720217264106	0.0004356404789501382	0.42557651991614254	0.3639082486401577	1.286907400995987	3.2324318694826903	5.318119993844216	1.9353077330180548	6.255750393463858	1396	20.244043350219727	20.244043350219727	25	19.89222640991211	19.89222640991211	-0.017378788131462843	0.0	True	False	0.36408729891393854	1.2870671266588016	0.0	0.0	False	False
319	1401	507	894	0.7240620103783431	0.7664187628209659	-0.0068043257271054	0.0013993000739669467	0.001421396307231473	0.3618843683083512	-0.02198805660026082	0.9848745961794898	0.11553387176632549	6.230481447578482	0.0	0.0	3478	23.323911666870117	23.323911666870117	71	20.41981315612793	20.41981315612793	-0.12451164076681201	0.0	True	False	-0.022020824905141012	0.9848522267225944	0.0	0.0	False	False
320	1511	498	1013	0.0003931781302535	0.0006988126924427	-0.068854868865014	0.0013744604276835098	0.0016105978291112775	0.32958305757776307	-0.2279950756895932	0.8538206287082092	3.1556392155841166	6.212606095751519	0.0	0.0	3467	31.45389747619629	31.45389747619629	19	27.631644821166994	27.631644821166994	-0.12151920625804492	0.0	True	False	-0.2283371040642077	0.8536182323184305	0.0	0.0	False	False
321	1301	577	724	4.6629367034256575e-15	2.040034807748725e-14	0.1409624806938428	0.0015924973228381228	0.0011511084188317521	0.44350499615680244	0.468520860125599	1.383690096253029	13.69036242243477	6.359573868672378	2.9795930189826656	40.79170830122926	4035	29.604488372802734	29.604488372802734	4	28.923911476135252	28.923911476135252	-0.02298897680977048	0.0	True	False	0.46915767861610824	1.384301004253607	0.0	0.0	False	False
322	3347	1399	1948	2.220446049250313e-16	1.148071536828287e-15	0.0957539956844238	0.003861185016725362	0.003097181215309742	0.41798625634896924	0.31823315878298786	1.2468026779548094	14.940031050020078	7.24422751560335	2.3053534052330904	34.44205145545189	9768	33.058231353759766	33.058231353759766	25	30.172048568725586	30.172048568725586	-0.08730602536320896	0.0	True	False	0.3193383834096917	1.2477581986645476	0.0	0.0	False	False
323	2338	674	1664	0.0	0.0	-0.1529681916838965	0.0018602135105596097	0.002645641448806679	0.28828058169375537	-0.5075129188128855	0.7034340525373621	300.0	6.51471269087253	0.0	0.0	4694	32.11822624206536	32.11822624206536	24	29.45378303527832	29.45378303527832	-0.08295735843897288	0.0	True	False	-0.5086494551606773	0.7028801145811817	0.0	0.0	False	False
324	1305	583	722	2.220446049250313e-16	1.148071536828287e-15	0.1466565909246238	0.0016090570870270807	0.0011479285613211672	0.4467432950191571	0.4874206716984162	1.4019361764150073	14.940031050020078	6.369900982828227	3.104821415702536	46.386128355363184	4037	21.874441146850586	21.874441146850586	44	18.65934638977051	18.65934638977051	-0.1469795152934902	0.0	True	False	0.48808601199108104	1.4025828686944912	0.0	0.0	False	False
325	1093	434	659	0.0052389737468427	0.0081634693657995	0.0581295486539479	0.0011978229430012917	0.0010477630497377412	0.3970722781335773	0.19366912094196564	1.143668645136508	2.088125232642251	6.075346031088684	1.1766069252592053	2.4569026095353617	3036	34.31594467163086	34.31594467163086	2	44.8745777130127	44.8745777130127	0.23529208695639833	0.23529208695639833	True	False	0.19388500977026624	1.143839799643508	0.27715490791664804	0.2768462989715894	True	True
326	776	297	479	0.2046344814103637	0.2463192831791416	0.0319461696383102	0.0008197083273534185	0.0007615758737850957	0.38273195876288657	0.10704445655628447	1.0770195639713365	0.6085015879559313	5.697093486505405	0.609842276213319	0.37108999347846433	2069	25.988861083984375	25.988861083984375	10	23.883464813232422	23.883464813232422	-0.08101148657296886	0.0	True	False	0.1071275455624523	1.0770815944487817	0.0	0.0	False	False
327	1020	436	584	5.5919025854223043e-08	1.453894672209799e-07	0.1125988758915444	0.001203342864397611	0.0009285183930908056	0.42745098039215684	0.3744642324768943	1.2963580422737977	6.837467054917818	6.07993319509559	2.2767175174122616	15.566981018660622	3002	21.48514175415039	21.48514175415039	50	19.71332550048828	19.71332550048828	-0.08246704973774906	0.0	True	False	0.3748602981294056	1.2967139826243193	0.0	0.0	False	False
328	4484	1767	2717	3.181636660798404e-07	7.500749640742351e-07	0.0526721448240647	0.004876850553648116	0.0043198364281296555	0.3940677966101695	0.17511578316119802	1.1290550132225725	6.124895330132507	7.477604243197589	1.3094465232170431	8.020222895110315	12296	29.82636833190918	29.82636833190918	73	32.07723770141602	32.07723770141602	0.07017029927759257	0.07017029927759257	True	False	0.17592224822542235	1.129686330265877	0.0923074112604706	0.09188425442214299	True	True
329	1250	418	832	0.0050880660801104	0.0080106230673019	-0.0594218107800663	0.0011536635718307371	0.0013228207244033396	0.3344	-0.19653704602917266	0.8726426877302884	2.096333703120837	6.037870919922137	0.0	0.0	2834	20.85993003845215	20.85993003845215	92	15.976681232452393	15.976681232452393	-0.2340970845538897	0.0	True	False	-0.19678223555191465	0.8724943925900522	0.0	0.0	False	False
330	3437	1141	2296	5.61480711036566e-07	1.2902713309173614e-06	-0.0641610055724244	0.00314911515660017	0.0036504764221515235	0.3319755600814664	-0.21282032061713352	0.8628488007143319	5.8893189523912195	7.040536390215956	0.0	0.0	7931	31.36329460144043	31.36329460144043	56	23.420541763305664	23.420541763305664	-0.25324995154590607	0.0	True	False	-0.21354694563006227	0.8624143293665523	0.0	0.0	False	False
331	3340	921	2419	0.0	0.0	-0.1798510044296333	0.002541923803005045	0.003846037659052498	0.275748502994012	-0.5969672648669775	0.6611423038952785	300.0	6.826545223556594	0.0	0.0	6327	31.51968002319336	31.51968002319336	120	20.351837158203125	20.351837158203125	-0.3543133323933656	0.0	True	False	-0.5988555769069954	0.6602775152436762	0.0	0.0	False	False
332	1952	557	1395	0.0	0.0	-0.1591937787003136	0.0015372981088749296	0.002217950613633003	0.2853483606557377	-0.5280528108792915	0.693490098402181	300.0	6.324358962381311	0.0	0.0	3899	31.585034942627008	31.585034942627008	0					False	True	-0.5290374766719506	0.6930169401946266			False	False
333	1356	455	901	0.0049098655258177	0.0077569056050245	-0.0571881605863727	0.0012557821176626444	0.0014325258085185202	0.3355457227138643	-0.18919083425118188	0.877097521911654	2.1103114935199008	6.1224928095143865	0.0	0.0	3181	30.947898864746094	30.947898864746094	4	74.10417938232422	74.10417938232422	0.5823730979452966	0.5823730979452966	True	False	-0.18944700955827187	0.8769417919943909	0.0	0.0	False	False
334	1400	545	855	0.0180094118197031	0.0261798159040413	0.0439556212838641	0.0015041785804970136	0.0013593890857750664	0.3892857142857143	0.14649694521330225	1.1068785585870227	1.582033411724916	6.302618975744905	0.9233144267900205	1.4607142727094513	3805	37.615604400634766	37.615604400634766	10	56.72817611694336	56.72817611694336	0.3369149693250956	0.3369149693250956	True	False	0.14670528637297053	1.107038415665598	0.3115208531229498	0.311078451779378	True	True
335	839	401	438	0.0	0.0	0.2011954958512797	0.001106744239962023	0.0006963887948181042	0.47794994040524436	0.668508748451691	1.5894291938030813	300.0	5.996452088619021	4.00868068091323	200.4340340456615	2800	19.168405532836914	19.168405532836914	7	22.6237735748291	22.6237735748291	0.15273172844324176	0.15273172844324176	True	False	0.6691004550454362	1.590081215607564	0.61279464276451	0.612252729172909	True	True
336	1013	377	636	0.5788238382405577	0.6315703750586421	0.0124094682929534	0.001040505183206191	0.0010111946883660143	0.3721618953603159	0.04200173369019211	1.0295413206356003	0.19957824954769512	5.934894195619588	0.24927584548388085	0.049750036896194665	2632	25.114736557006836	25.114736557006836	7	25.04822998046875	25.04822998046875	-0.002648109662115104	0.0	True	False	0.04204321830798463	1.029570925466176	0.0	0.0	False	False
337	1822	770	1052	2.6202595648783245e-11	9.314203922028419e-11	0.1040002190900181	0.0021251697375829367	0.0016726050505676841	0.4226125137211855	0.3457322319401346	1.2707958043143013	10.030854258002794	6.647688373563329	2.298320138634533	23.05411434887578	5385	32.86954879760742	32.86954879760742	5	41.08665161132812	41.08665161132812	0.1999944627138985	0.1999944627138985	True	False	0.34638554063045746	1.2713714006294585	0.4605198757393551	0.45965130127074616	True	True
338	1976	658	1318	0.0002344149416313	0.0004283485881215	-0.0621642829085995	0.001816054139389055	0.0020955260994754824	0.33299595141700405	-0.2059566222289373	0.8669636302740822	3.368202660237518	6.490723534502507	0.0	0.0	4578	36.46372985839844	36.46372985839844	28	35.20402374267578	35.20402374267578	-0.034546825588455767	0.0	True	False	-0.20636145036073295	0.8667203896589776	0.0	0.0	False	False
339	657	250	407	0.3100114811737517	0.3589191448703742	0.027870833182593	0.0006899901745399146	0.0006471010034040374	0.380517503805175	0.0936961474558764	1.0671005674817833	0.445003375632191	5.5254529391317835	0.5177136533453972	0.2303843233495757	1710	22.91025733947754	22.91025733947754	40	21.27026424407959	21.27026424407959	-0.07158335548558038	0.0	True	False	0.09375722021425936	1.0671457413769714	0.0	0.0	False	False
340	2977	1491	1486	0.0	0.0	0.2409840677635424	0.00411510140095605	0.002362634130364618	0.5008397715821297	0.8005301178066775	1.74174101117006	300.0	7.307872780763706	5.850172258100981	292.50861290504906	10435	31.07497787475586	31.07497787475586	2	43.15307273864746	43.15307273864746	0.2798895674716248	0.2798895674716248	True	False	0.8030657601510685	1.744804940491352	1.6425885790905737	1.6374021829543823	True	True
341	1710	570	1140	0.0007065441675078	0.0012317149280308	-0.0615047619284948	0.0015731775979510052	0.001812518781033422	0.3333333333333333	-0.20368205164434805	0.8683315737746973	2.9094897950198026	6.3473892096560105	0.0	0.0	3983	28.30021858215332	28.30021858215332	7	38.48046722412109	38.48046722412109	0.26455626390072484	0.26455626390072484	True	False	-0.20402877856254698	0.8681229103039376	0.0	0.0	False	False
342	516	157	359	0.0005311280887596	0.0009366793813397	-0.1196695624324235	0.0004333138296110663	0.0005707844231499986	0.30426356589147285	-0.39495433867290863	0.7605134465054905	3.0284090395745187	5.062595033026967	0.0	0.0	1067	34.47074890136719	34.47074890136719	32	42.0337028503418	42.0337028503418	0.17992595075199547	0.17992595075199547	True	False	-0.3951536106440514	0.7604084079884001	0.0	0.0	False	False
343	1412	494	918	0.1295781293716509	0.1615953743965039	-0.029590498542084	0.0013634205848908711	0.0014595545973584924	0.34985835694050993	-0.09762359697313094	0.9345711472104014	0.7915710748907963	6.20455776256869	0.0	0.0	3455	22.08616828918457	22.08616828918457	3	19.548917770385742	19.548917770385742	-0.11487961540351481	0.0	True	False	-0.09776333011556737	0.9344806331131615	0.0	0.0	False	False
344	2862	864	1998	0.0	0.0	-0.1245565076756794	0.002384606043209945	0.0031766776530743656	0.3018867924528302	-0.4132941003990567	0.7509068718497173	300.0	6.762729506931879	0.0	0.0	6028	30.606388092041016	30.606388092041016	20	33.774295806884766	33.774295806884766	0.09379641052939389	0.09379641052939389	True	False	-0.41444084969450756	0.750310238630523	0.0	0.0	False	False
345	1466	541	925	0.7243078417868469	0.7664187628209659	0.0065807661029754	0.001493138737704375	0.0014706840986455398	0.369031377899045	0.022413951116861952	1.0156574807003598	0.11553387176632549	6.295266001439646	0.14110178442391125	0.016302035467631863	3749	26.18526268005371	26.18526268005371	38	23.019968032836914	23.019968032836914	-0.12088076739546781	0.0	True	False	0.02244554910469354	1.0156797259311656	0.0	0.0	False	False
346	4467	1534	2933	0.000147897526407	0.0002792256203951	-0.0419614696323495	0.004233779710976915	0.00466326103927283	0.3434072084172823	-0.1391687428257713	0.9080422036123084	3.554044735455288	7.336285660021297	0.0	0.0	10696	27.384416580200195	27.384416580200195	42	23.92467269897461	23.92467269897461	-0.1263398791459771	0.0	True	False	-0.13979196917491876	0.9076500253662575	0.0	0.0	False	False
347	492	160	332	0.0237826419788929	0.033710598443602	-0.0774928673115998	0.0004415937117055453	0.0005278563467571018	0.3252032520325203	-0.2550954398871408	0.8379317003939393	1.472233537646719	5.081404364984463	0.0	0.0	1110	37.12590789794922	37.12590789794922	10	42.650587463378905	42.650587463378905	0.12953349283109744	0.12953349283109744	True	False	-0.2552207951891958	0.8378588959445238	0.0	0.0	False	False
348	1433	538	895	0.3231537866320297	0.3731852104506943	0.0184844740859045	0.001484858855609896	0.0014229862359867655	0.3754361479413817	0.061938515937354666	1.0438674394482648	0.42807557593016154	6.289715570908998	0.38957564813017476	0.16676781994169051	3737	30.63687515258789	30.63687515258789	29	19.73377799987793	19.73377799987793	-0.355881502222624	0.0	True	False	0.06202706390483215	1.0439315106304043	0.0	0.0	False	False
349	1490	675	815	0.0	0.0	0.1576713978262643	0.0018629734712577693	0.0012957919355633674	0.45302013422818793	0.5239564959929108	1.4378931729849094	300.0	6.516193076042964	3.414201691336739	170.71008456683694	4683	23.466398239135742	23.466398239135742	42	19.841942405700685	19.841942405700685	-0.15445300963956302	0.0	True	False	0.5247752141830517	1.4387093977311298	0.0	0.0	False	False
350	1466	696	770	0.0	0.0	0.1956437481732456	0.0019209326459191222	0.001224245141575206	0.4747612551159618	0.6500139994655765	1.5691834225892562	300.0	6.546785410760524	4.2555021684913354	212.77510842456678	4856	32.78143501281738	32.78143501281738	16	43.633506774902344	43.633506774902344	0.24870959416736563	0.24870959416736563	True	False	0.6510198437999826	1.570277835858341	1.0600219816742458	1.0583842173038245	True	True
351	1150	445	705	0.0536171694907896	0.0709180584834572	0.0396961277249982	0.001228182510681048	0.0011208997724811952	0.3869565217391304	0.1324649523037671	1.0961649819926553	1.1492431625446522	6.100318952020064	0.8080784590171043	0.9286786438250261	3112	26.120588302612305	26.120588302612305	3	29.165482330322266	29.165482330322266	0.10440060593629541	0.10440060593629541	True	False	0.13261906542325264	1.0962820839604113	0.08446203186588089	0.08436388076545354	False	False
352	1992	781	1211	0.0015783232791426	0.0026499523690402	0.0490321244695508	0.002155529305262693	0.0019254037226591877	0.39206827309236947	0.16320897692742697	1.1197750783071359	2.5767619321193864	6.661854740545311	1.0872744966435297	2.801647532715315	5347	23.7106990814209	23.7106990814209	120	18.686071968078615	18.686071968078615	-0.21191391683931637	0.0	True	False	0.16354081070089244	1.1200326669976144	0.0	0.0	False	False
353	1177	392	785	0.0046063502488473	0.0073027503945141	-0.0620583559891352	0.001081904593678586	0.0012480940729045931	0.33305012744265083	-0.20523301813609685	0.8673985772067055	2.136513543140247	5.973809611869261	0.0	0.0	2730	30.771142959594727	30.771142959594727	14	24.3105224609375	24.3105224609375	-0.209957118172068	0.0	True	False	-0.20547390324285786	0.8672537607691311	0.0	0.0	False	False
354	509	168	341	0.0423891631024797	0.0577457162024799	-0.0679198635302179	0.0004636733972908226	0.000542165705554734	0.3300589390962672	-0.2234513837291221	0.8565139307379666	1.2384802278623073	5.1298987149230735	0.0	0.0	1167	34.486267852783214	34.486267852783214	9	49.35678558349609	49.35678558349609	0.3012861869936132	0.3012861869936132	True	False	-0.22356552547269182	0.8564461685821546	0.0	0.0	False	False
355	1243	395	848	2.3006905247369147e-05	4.80189994841879e-05	-0.0922735228945608	0.001090184475773065	0.001348259584488019	0.3177795655671762	-0.30555136169076214	0.8091329272340935	4.3185868930716405	5.981414211254481	0.0	0.0	2711	26.83263397216797	26.83263397216797	54	20.937469482421875	20.937469482421875	-0.21970129715408585	0.0	True	False	-0.30592498449485817	0.8089234086855095	0.0	0.0	False	False
356	1028	324	704	5.080390314593508e-05	0.0001000682940753	-0.0975024151996711	0.0008942272662037292	0.0011193098437259027	0.3151750972762646	-0.3226956249313879	0.7995745041655198	3.999703503832643	5.783825182329737	0.0	0.0	2253	34.35067367553711	34.35067367553711	15	35.756283569335935	35.756283569335935	0.039310849827923836	0.039310849827923836	True	False	-0.3230215221995145	0.7993939048637484	0.0	0.0	False	False
357	1087	468	619	3.5711262835746993e-09	1.0349442414181452e-08	0.1180804377893377	0.00129166160673872	0.0009841658995260421	0.43054277828886844	0.3926303688976933	1.3127847353884665	7.9850830475952055	6.150602768446279	2.4149134339182363	19.283284322590433	3220	21.056055068969727	21.056055068969727	56	18.66303062438965	18.66303062438965	-0.11365017980536507	0.0	True	False	0.3930736513685904	1.3131881635950593	0.0	0.0	False	False
358	597	178	419	4.495422539307903e-05	9.010648702136984e-05	-0.1322687869208925	0.0004912730042724192	0.0006661801484675471	0.2981574539363484	-0.43706113303161587	0.7386377319536427	4.045243941804838	5.187385805840755	0.0	0.0	1239	33.253218078613315	33.253218078613315	7	36.621917724609375	36.621917724609375	0.09198588865083776	0.09198588865083776	True	False	-0.43731446103361193	0.7385080432889104	0.0	0.0	False	False
359	1086	314	772	5.550100379281271e-10	1.729654570255465e-09	-0.1511624185265953	0.0008666276592221326	0.001227424999085791	0.289134438305709	-0.5007893125333389	0.7067200219767898	8.762040621270643	5.752572638825633	0.0	0.0	2193	35.202842712402344	35.202842712402344	5	37.4180549621582	37.4180549621582	0.05920169426219927	0.05920169426219927	True	False	-0.5013112229580461	0.7064644046580403	0.0	0.0	False	False
360	1640	455	1185	0.0	0.0	-0.1761817199533169	0.0012557821176626444	0.0018840655750215834	0.2774390243902439	-0.5842871003008483	0.6669788409981915	300.0	6.1224928095143865	0.0	0.0	3115	24.62504005432129	24.62504005432129	70	18.652507781982422	18.652507781982422	-0.24253898711083663	0.0	True	False	-0.5851957913462513	0.6665588722229806	0.0	0.0	False	False
361	1564	575	989	0.8252066783094343	0.8533387241608923	0.0039967868278726	0.0015869774014418035	0.0015724395389842582	0.36764705882352944	0.013801824463827828	1.0096126028234589	0.06887854581492228	6.3561076606958915	0.08772588220611602	0.006042431196688437	3939	23.575923919677734	23.575923919677734	86	14.74697732925415	14.74697732925415	-0.37448995087121356	0.0	True	False	0.01382198599367257	1.0096267121648506	0.0	0.0	False	False
362	1117	368	749	0.0022307039683078	0.003677428643406	-0.0691087652902431	0.0010156655369227543	0.001190856637714064	0.3294538943598926	-0.22857825547368016	0.853475559036392	2.434455745541474	5.910796644040527	0.0	0.0	2552	28.319832992553714	28.319832992553714	24	25.916177558898926	25.916177558898926	-0.08487533928207816	0.0	True	False	-0.2288321266163713	0.8533253860986302	0.0	0.0	False	False
363	455	197	258	7.224761656710044e-05	0.0001410844014507	0.1223717539339894	0.0005437122575374526	0.0004102016188654586	0.432967032967033	0.4073739761286408	1.3262695119879144	3.850520999983185	5.288267030694535	2.154302367124034	8.295186504924578	1330	21.429800033569336	21.429800033569336	49	17.870174407958984	17.870174407958984	-0.16610633883817263	0.0	True	False	0.4075658385670753	1.3264459028511215	0.0	0.0	False	False
364	1018	374	644	0.8756991951199575	0.9014550537999562	0.0035109685762602	0.001032225301111712	0.0010239141184083542	0.36738703339882123	0.012470963476207686	1.008681682268887	0.04505592215653261	5.926926025970411	0.07391447799606175	0.003330284966831301	2616	30.37425994873047	30.37425994873047	2	49.73563003540039	49.73563003540039	0.3892857107246667	0.3892857107246667	True	False	0.012482121437665583	1.0086894835536617	0.028799594502609903	0.02877385009953964	False	False
365	1234	586	648	0.0	0.0	0.1958478438826736	0.0016173369691215597	0.001030273833429524	0.47487844408427876	0.6507101371559187	1.569940776903785	300.0	6.375024819828097	4.148293274882727	207.41466374413636	4082	26.66514053344727	26.66514053344727	20	25.086067771911623	25.086067771911623	-0.059218617638821275	0.0	True	False	0.6515573669011197	1.5708630030965576	0.0	0.0	False	False
366	1564	499	1065	3.7072693228612495e-06	8.228329472692045e-06	-0.0897238284157986	0.0013772203883816695	0.0016932741243864862	0.3190537084398977	-0.2972884066111767	0.8137804873923257	5.084688326930237	6.214608098422191	0.0	0.0	3467	27.535152435302734	27.535152435302734	26	25.901185989379883	25.901185989379883	-0.05934110768996318	0.0	True	False	-0.29774592167344416	0.8135224579470777	0.0	0.0	False	False
367	891	429	462	0.0	0.0	0.2073405503637765	0.0011840231395104934	0.0007345470849451236	0.48148148148148145	0.6888903691138974	1.6120431586243396	300.0	6.063785208687608	4.177283230640198	208.8641615320099	2951	22.323505401611328	22.323505401611328	52	17.915593147277832	17.915593147277832	-0.1974560972854796	0.0	True	False	0.6895386031363824	1.6127676471634873	0.0	0.0	False	False
368	3255	937	2318	0.0	0.0	-0.1538486070044173	0.0025860831741755996	0.0036854548547679577	0.28786482334869434	-0.510615527724811	0.7019228976522269	300.0	6.843749949006225	0.0	0.0	6402	34.66775894165039	34.66775894165039	157	24.94650802612305	24.94650802612305	-0.2804118642883512	0.0	True	False	-0.5122074200325795	0.7011488120790289	0.0	0.0	False	False
369	1305	448	857	0.0396093947251816	0.0544479595164883	-0.042177574189486	0.001236462392775527	0.0013625689432856514	0.3432950191570881	-0.13934308276180474	0.9079324794846407	1.264018391157689	6.1070228877422545	0.0	0.0	3016	34.7760124206543	34.7760124206543	120	29.922926139831542	29.922926139831542	-0.1395526957524432	0.0	True	False	-0.13952609768847601	0.9078173098525685	0.0	0.0	False	False
370	1573	537	1036	0.0142782893861515	0.0210929275022692	-0.0458602359741636	0.0014820988949117366	0.0016471661904830044	0.3413858868404323	-0.1516978532534825	0.9001904388858352	1.6758631400401214	6.2878585601617845	0.0	0.0	3742	23.534465789794922	23.534465789794922	17	25.32967872619629	25.32967872619629	0.07087389286721325	0.07087389286721325	True	False	-0.1519372132725838	0.9000410991286014	0.0	0.0	False	False
371	973	350	623	0.6386669280207817	0.6853619156826786	-0.0108947685732448	0.0009659862443558804	0.000990525614547212	0.3597122302158273	-0.035289512439938164	0.9758359155159695	0.16408003219152512	5.860786223465865	0.0	0.0	2415	21.2334041595459	21.2334041595459	35	20.901506423950195	20.901506423950195	-0.015630924419930654	0.0	True	False	-0.03532579472116204	0.9758113745652426	0.0	0.0	False	False
372	775	362	413	8.881784197001252e-16	4.392621532212576e-15	0.1822837526120183	0.0009991057727337964	0.0006566405759357923	0.4670967741935484	0.6057792691101298	1.5218005290767886	14.357276213887502	5.8944028342648505	3.5707070407816386	51.26562726337485	2532	27.25700569152832	27.25700569152832	2	28.198937606811523	28.198937606811523	0.033403099379732536	0.033403099379732536	True	False	0.6062729060883942	1.5223213221255087	0.11936987497719634	0.11927268213913975	True	True
373	891	326	565	0.9769590532037712	0.9835043260929738	0.0006943859841694	0.0008997471876000486	0.0008983097467402485	0.3658810325476992	0.0032415709357191957	1.002249411894104	0.007223725430282889	5.7899601708972535	0.018768566608952285	0.0001355789719030469	2267	28.4670352935791	28.4670352935791	15	29.831558227539062	29.831558227539062	0.045740920522894406	0.045740920522894406	True	False	0.0032428018301491335	1.0022502670046505	0.0008588175013407182	0.0008584915135887362	False	False
374	2460	858	1602	0.032526690353809	0.0455373664953326	-0.0316499901641729	0.002368046279020987	0.0025470658659785456	0.348780487804878	-0.10474871412485953	0.9299669083726293	1.341632088995712	6.755768921984255	0.0	0.0	5820	25.900312423706055	25.900312423706055	186	21.479607582092285	21.479607582092285	-0.17068152573972753	0.0	True	False	-0.10500846686998777	0.9297994858019586	0.0	0.0	False	False
375	1384	501	883	0.7336440068099388	0.772703757172505	-0.0065977439748424	0.0013827403097779888	0.0014039070909232557	0.3619942196531792	-0.021294830560327327	0.9853479496978278	0.1119869760488506	6.218600119691729	0.0	0.0	3475	25.222524642944336	25.222524642944336	32	24.976622772216796	24.976622772216796	-0.009749296480371466	0.0	True	False	-0.02132625552112799	0.985326486961364	0.0	0.0	False	False
376	1883	813	1070	2.220446049250313e-15	1.030921380009074e-14	0.1202320016440922	0.002243848047603802	0.0017012237681629486	0.4317578332448221	0.3996150586661269	1.3191558853182777	13.986774453562404	6.70196036600254	2.6782042848381624	37.45943927259578	5664	23.45693016052246	23.45693016052246	27	21.28827323913574	21.28827323913574	-0.0924527168110227	0.0	True	False	0.4003986007555511	1.319872526648056	0.0	0.0	False	False
377	1735	768	967	0.0	0.0	0.139459979683732	0.0021196498161866173	0.0015374611063678236	0.4426512968299712	0.4634692020381088	1.3788535191723998	300.0	6.645090969505644	3.079795009107424	153.9897504553712	5370	31.5432186126709	31.5432186126709	6	40.50168037414551	40.50168037414551	0.22118740947828172	0.22118740947828172	True	False	0.4643098150200391	1.379657167817107	0.682447421539989	0.6812118797886122	True	True
378	978	410	568	4.670729274014462e-06	1.031641660037175e-05	0.0979607547441167	0.0011315838862454599	0.000903079533006126	0.41922290388548056	0.3259074762646659	1.2534526307289975	4.986471128380801	6.018593214496234	1.9615045252001104	9.780985683098642	2864	34.64994544982915	34.64994544982915	6	27.229907989501953	27.229907989501953	-0.21414283237677595	0.0	True	False	0.3262366288631231	1.2537386400707655	0.0	0.0	False	False
379	996	295	701	6.012709863334464e-08	1.545640106111402e-07	-0.1363707682525376	0.0008141884059570992	0.0011145400574600253	0.2961847389558233	-0.4515993700632581	0.7312317557843876	6.810891621753574	5.69035945432406	0.0	0.0	2024	31.587151145935074	31.587151145935074	41	27.986743927001953	27.986743927001953	-0.11398328397198475	0.0	True	False	-0.45203394852365797	0.7310115223290428	0.0	0.0	False	False
380	264	100	164	0.569722315823719	0.6246353101199812	0.0246813856891024	0.0002759960698159658	0.00026074831586796594	0.3787878787878788	0.0847935208227959	1.0605359461140238	0.20437346910226944	4.61512051684126	0.39133231764449194	0.07997794332883607	694	32.41183853149414	32.41183853149414	6	29.892696380615234	29.892696380615234	-0.07772290203257338	0.0	True	False	0.08481468033777517	1.0605515007462682	0.0	0.0	False	False
381	948	295	653	2.821652392337448e-05	5.783116389700626e-05	-0.1055659315609984	0.0008141884059570992	0.0010382234772059863	0.3111814345991561	-0.34934350223879207	0.7849412037991552	4.23783806709532	5.69035945432406	0.0	0.0	2053	32.13154983520508	32.13154983520508	12	31.339372634887695	31.339372634887695	-0.024654185819864508	0.0	True	False	-0.34966786059598043	0.7847647468117691	0.0	0.0	False	False
382	2215	984	1231	0.0	0.0	0.1422622792352191	0.0027158013269891037	0.0019572022977650374	0.44424379232505645	0.47273208678170064	1.3877349881300165	300.0	6.892641641172089	3.2583728664697276	162.91864332348638	6817	21.075801849365234	21.075801849365234	71	19.36494255065918	19.36494255065918	-0.08117647484703329	0.0	True	False	0.47382822984037176	1.3887897738305224	0.0	0.0	False	False
383	1154	438	716	0.2083942950234723	0.2501831246324008	0.0260863219317343	0.0012088627857939304	0.0011383889887894123	0.37954939341421146	0.08729574156169484	1.0623769434061978	0.6017419877129301	6.0844994130751715	0.5311508882960941	0.31961579129878015	3059	27.80382537841797	27.80382537841797	7	26.383033752441406	26.383033752441406	-0.051100580824371626	0.0	True	False	0.08739668812326862	1.0624512813976175	0.0	0.0	False	False
384	1162	338	824	3.4388270009344524e-10	1.0865738093230384e-09	-0.1474852776835978	0.0009328667159779645	0.0013101012943609997	0.2908777969018933	-0.48867805648336216	0.7126778264101409	8.963940767371104	5.82600010738045	0.0	0.0	2352	35.259054565429686	35.259054565429686	14	53.55358657836914	53.55358657836914	0.341611704869993	0.341611704869993	True	False	-0.4892237463340017	0.712408311713497	0.0	0.0	False	False
385	2578	811	1767	8.330514056353877e-11	2.7466549968413147e-10	-0.0986904615602128	0.0022383281262074828	0.002809404110601804	0.3145849495733126	-0.32736161176968004	0.7969926851438245	9.561195888223343	6.699500340161678	0.0	0.0	5591	20.64251136779785	20.64251136779785	86	19.171314239501953	19.171314239501953	-0.07127025884025691	0.0	True	False	-0.3281884301623368	0.7965360540480677	0.0	0.0	False	False
386	256	84	172	0.1296314541862064	0.1615953743965039	-0.0717239271079165	0.0002318366986454113	0.00027346774591030575	0.328125	-0.23388751200423918	0.8503404591518611	0.7915710748907963	4.442651256490317	0.0	0.0	570	39.931705474853516	39.931705474853516	18	45.98141860961914	45.98141860961914	0.13156864919996286	0.13156864919996286	True	False	-0.23394843223470652	0.8503045528504174	0.0	0.0	False	False
387	2077	727	1350	0.0687946114343249	0.0881733752186418	-0.0292741239005871	0.0020064914275620717	0.002146403819644842	0.35002407318247475	-0.0967888833342112	0.9351120272849984	1.0546625343832345	6.590301048196686	0.0	0.0	5064	29.232131958007812	29.232131958007812	25	34.512542724609375	34.512542724609375	0.15299976036933188	0.15299976036933188	True	False	-0.09699199978819806	0.9349803825064723	0.0	0.0	False	False
388	722	224	498	0.0002039530295263	0.0003772301968881	-0.1074560906893826	0.0006182311963877635	0.0007917845201356527	0.31024930747922436	-0.3551924562779405	0.781765348263246	3.4233935497179444	5.41610040220442	0.0	0.0	1541	33.317718505859375	33.317718505859375	27	21.457926559448243	21.457926559448243	-0.35596050624911263	0.0	True	False	-0.35544386176716714	0.7816291289163794	0.0	0.0	False	False
389	606	310	296	0.0	0.0	0.2595952165103732	0.000855587816429494	0.0004706189115665727	0.5115511551155115	0.8622467670535858	1.8178671450052435	300.0	5.739792912179234	4.949117882083631	247.45589410418157	2163	26.72030258178711	26.72030258178711	7	26.87071876525879	26.87071876525879	0.005597772980533509	0.005597772980533509	True	False	0.862801683154002	1.8185665012435086	0.027721867844115608	0.02770403835780298	True	True
390	2234	709	1525	1.0292260377298136e-08	2.855474677847958e-08	-0.0930983747643048	0.001956812134995198	0.002424641351821025	0.3173679498657117	-0.3087219871389948	0.8073566402325941	7.544321686775575	6.565264970035361	0.0	0.0	4897	33.54085922241211	33.54085922241211	66	22.695914268493652	22.695914268493652	-0.3233353350313647	0.0	True	False	-0.30939924900131643	0.8069777219423558	0.0	0.0	False	False
391	479	174	305	0.8978568139233258	0.9201010142682732	-0.0042253573280086	0.00048023316147978055	0.00048492827036420496	0.36325678496868474	-0.01225974022996823	0.9915381999068353	0.03616449055546382	5.1647859739235145	0.0	0.0	1168	22.6004695892334	22.6004695892334	50	19.35034008026123	19.35034008026123	-0.14380805213536327	0.0	True	False	-0.012267361509508135	0.9915329619531295	0.0	0.0	False	False
392	1401	516	885	0.7842114890436591	0.8240559526902193	0.0052316646648422	0.0014241397202503837	0.0014070869484338407	0.3683083511777302	0.017961645492254874	1.0125278886158535	0.0840432990800462	6.248042874508429	0.11222513113232951	0.009431770260051773	3556	26.37718391418457	26.37718391418457	56	21.99582862854004	21.99582862854004	-0.16610398213466668	0.0	True	False	0.017985437095786594	1.0125445864348945	0.0	0.0	False	False
393	46	25	21	0.0002075276722415	0.000382287817287	0.3152459476699148	6.899901745399145e-05	3.3388503861141984e-05	0.5434782608695652	1.0418461906485064	2.0588606548475306	3.4176095418170545	3.258096538021482	3.3944354669027677	11.600855040769128	175	7.967279434204102	7.967279434204102	0					False	True	1.0418967242922896	2.0589327723430175			False	True
394	1350	504	846	0.4505459629484849	0.5049221998560607	0.0145854071419555	0.0013910201918724678	0.001345079726977434	0.37333333333333335	0.04902980458982498	1.034568954424445	0.2967755343093965	6.22455842927536	0.3051888834453188	0.09057259394977263	3518	32.21342849731445	32.21342849731445	10	25.94438934326172	25.94438934326172	-0.1946094981655047	0.0	True	False	0.04909532823944751	1.0346159430611148	0.0	0.0	False	False
395	2901	1158	1743	1.1508260544523807e-06	2.605103755103648e-06	0.0619364060166554	0.003196034488468884	0.0027712458204747843	0.39917269906928643	0.2059572834672263	1.1534514521900074	5.584174975100868	7.055312843339752	1.4530930672256877	8.114325942494247	8081	33.01298904418945	33.01298904418945	25	43.59925079345703	43.59925079345703	0.24280834089140507	0.24280834089140507	True	False	0.206571110753778	1.1539423186572293	0.3538746574672574	0.3528231168138722	True	True
396	2121	845	1276	4.928878793264424e-05	9.75060804754484e-05	0.0605312682998278	0.0023321667899449112	0.0020287490917531986	0.3983969825553984	0.2013687253819736	1.1497886745768418	4.010968300869716	6.740519359606223	1.357329791856422	5.444206768962198	5878	30.114364624023438	30.114364624023438	37	23.471278381347656	23.471278381347656	-0.22059526493799325	0.0	True	False	0.2018065748303428	1.1501376816261775	0.0	0.0	False	False
397	920	420	500	7.327471962526033e-15	3.1752378504279483e-14	0.1638045197971525	0.0011591834932270565	0.0007949643776462376	0.45652173913043476	0.54442133479826	1.4584352483056409	13.498223737061961	6.042632833682381	3.2897382330091545	44.40562270552444	2926	39.859127044677734	39.859127044677734	14	41.497601699829104	41.497601699829104	0.03948359876320558	0.03948359876320558	True	False	0.5449464604317669	1.4589661998315395	0.130015991469763	0.12989070442811035	True	True
398	732	255	477	0.2324762287010129	0.2754601147368773	-0.0324529648702606	0.0007037899780307129	0.0007583960162745108	0.3483606557377049	-0.1064918386063809	0.9288439619949654	0.559941275954444	5.545177444479562	0.0	0.0	1770	39.639610290527344	39.639610290527344	15	42.53784942626953	42.53784942626953	0.06813318432483709	0.06813318432483709	True	False	-0.10657152063493847	0.928792662083932	0.0	0.0	False	False
399	933	377	556	0.0015250499565866	0.0025699915935071	0.0707917923592116	0.001040505183206191	0.0008840003879426163	0.4040728831725616	0.23578056024958904	1.1775436668186143	2.5900682972521487	5.934894195619588	1.3993326784652205	3.624367207801702	2627	27.120210647583008	27.120210647583008	12	26.854420471191407	26.854420471191407	-0.00980044660587061	0.0	True	False	0.23600572135945797	1.177727460151538	0.0	0.0	False	False
400	662	275	387	0.0004869672022407	0.0008621403775079	0.0911469625469136	0.000758989191993906	0.000615302428298188	0.41540785498489424	0.3035416117886669	1.2341704110133473	3.0644220146700842	5.62040086571715	1.7060255376782023	5.22798221525045	1870	21.991920471191406	21.991920471191406	55	19.368093490600586	19.368093490600586	-0.1193086790227318	0.0	True	False	0.3037482057062828	1.234347156860434	0.0	0.0	False	False
401	126	48	78	0.6473064031156253	0.69299861980614	0.0286718684236922	0.00013247811351166358	0.00012401444291281307	0.38095238095238093	0.10097769667460987	1.072500036389291	0.15926763033938268	3.8918202981106265	0.3929870495747046	0.0625901161398287	332	22.355022430419922	22.355022430419922	4	23.306467056274414	23.306467056274414	0.040823202571079964	0.040823202571079964	True	False	0.10098906461610291	1.0725084873545707	0.016044796032133397	0.01604298993259921	False	False
402	1370	348	1022	0.0	0.0	-0.2283464181161846	0.0009604663229595611	0.0016249071879089099	0.25401459854014596	-0.757184678581579	0.5916497692740338	300.0	5.855071922202427	0.0	0.0	2336	35.349979400634766	35.349979400634766	100	27.830787658691406	27.830787658691406	-0.21270710392007583	0.0	True	False	-0.7581453489586671	0.5912559291383307	0.0	0.0	False	False
403	428	145	283	0.1578820502184474	0.1936289295131903	-0.0508931995527493	0.00040019430123315044	0.0004499498377477705	0.338785046728972	-0.16664397865483593	0.8909127286408395	0.7130297555538302	4.983606621708336	0.0	0.0	1009	35.446990966796875	35.446990966796875	6	51.86936950683594	51.86936950683594	0.3166103366240982	0.3166103366240982	True	False	-0.16671663552567217	0.8908678617082879	0.0	0.0	False	False
404	1041	506	535	0.0	0.0	0.2153219685537226	0.001396540113268787	0.0008506118840814743	0.4860710854947166	0.7153612974299897	1.6418943495084948	300.0	6.2285110035911835	4.455635712585956	222.7817856292978	3528	36.97919464111328	36.97919464111328	14	32.05048999786377	32.05048999786377	-0.1332831796658384	0.0	True	False	0.71614894552477	1.6427909964148335	0.0	0.0	False	False
405	1805	651	1154	0.5925810359540804	0.6439972079483334	-0.0090995865161245	0.0017967344145019375	0.0018347777836075164	0.3606648199445983	-0.029745485826872198	0.9795930980260725	0.19111601552102728	6.480044561926653	0.0	0.0	4557	29.8585205078125	29.8585205078125	0					False	True	-0.029801316119947074	0.9795551898680847			False	False
406	1006	355	651	0.3009521172422891	0.3502128218548377	-0.0238274017774362	0.0009797860478466787	0.0010350436196954014	0.352882703777336	-0.07823001556960918	0.9472190390298949	0.45566795774181484	5.87493073085203	0.0	0.0	2474	23.86751365661621	23.86751365661621	11	26.702133178710938	26.702133178710938	0.10615704382579855	0.10615704382579855	True	False	-0.07831066054939839	0.9471660920638902	0.0	0.0	False	False
407	527	171	356	0.0172889760397323	0.0252130900579429	-0.0789286538442961	0.00047195327938530157	0.0005660146368841212	0.32447817836812143	-0.2600078968919668	0.8350833484131186	1.5983739249354503	5.147494476813453	0.0	0.0	1165	19.83264923095703	19.83264923095703	32	16.410921096801758	16.410921096801758	-0.17253005860731177	0.0	True	False	-0.2601445134989717	0.8350042735921474	0.0	0.0	False	False
408	1573	630	943	0.0001949242888317	0.0003634858664689	0.0643540904515875	0.0017387752398405846	0.0014993028162408042	0.4005085823267641	0.21415945610688247	1.1600278612986439	3.439512471280597	6.447305862541213	1.380751516876541	4.749112062036464	4343	23.08835792541504	23.08835792541504	67	20.91327819824219	20.91327819824219	-0.09420677443581127	0.0	True	False	0.21450465630404025	1.1603054596452587	0.0	0.0	False	False
409	1635	525	1110	5.91211145284376e-06	1.2870864646143114e-05	-0.0856384416451591	0.0014489793665338206	0.0017648209183746477	0.3211009174311927	-0.28376112020569444	0.8214467036975429	4.890392276838012	6.26530121273771	0.0	0.0	3670	33.08732986450195	33.08732986450195	5	44.29538803100586	44.29538803100586	0.2530299127001324	0.2530299127001324	True	False	-0.28421836149355606	0.8211863993199948	0.0	0.0	False	False
410	734	254	480	0.1756090677437503	0.2136420476561668	-0.0368822870197387	0.0007010300173325532	0.0007631658025403882	0.3460490463215259	-0.12118517131894535	0.9194320285782361	0.6703132681794386	5.541263545158426	0.0	0.0	1778	36.22566604614258	36.22566604614258	0					False	True	-0.1212757245031213	0.9193743206894464			False	False
411	1336	411	925	1.2702903906536278e-07	3.124227717553517e-07	-0.1127746771272708	0.0011343438469436195	0.0014706840986455398	0.30763473053892215	-0.37365495606983856	0.771824659848935	6.505257318945611	6.021023349349527	0.0	0.0	2869	29.744583129882812	29.744583129882812	8	22.041558074951173	22.041558074951173	-0.2589723655327621	0.0	True	False	-0.3741416699095623	0.7715643176605251	0.0	0.0	False	False
412	8	5	3	0.0128177865810521	0.0192478313345832	0.4613739832935559	1.379980349079829e-05	4.769786265877426e-06	0.625	1.4477622999588	2.7278461897559683	1.7156181956349839	1.791759469228055	2.5940418101425675	4.450385329718499	20	17.199371337890625	17.199371337890625	15	15.682767868041992	15.682767868041992	-0.08817784325102158	0.0	True	False	1.4477744836201047	2.72786922670658	0.0	0.0	False	False
413	1263	547	716	3.401212644860152e-11	1.1813372163445563e-10	0.122599537760868	0.001509698501893333	0.0011383889887894123	0.4330958036421219	0.4075778636054981	1.326456958984934	9.927626113992593	6.306275286948016	2.5702982087624218	25.516959618058205	3821	28.4553165435791	28.4553165435791	8	42.31571464538574	42.31571464538574	0.3275473005232118	0.3275473005232118	True	False	0.40811341451562555	1.326949451910223	0.8430004756255648	0.8418942398197778	True	True
414	810	275	535	0.0585202800972728	0.0769558596654888	-0.0494958544550928	0.000758989191993906	0.0008506118840814743	0.3395061728395062	-0.1631486527999897	0.8930738268303864	1.1137583060014467	5.62040086571715	0.0	0.0	1913	38.06914520263672	38.06914520263672	12	40.58764572143555	40.58764572143555	0.06205091411519677	0.06205091411519677	True	False	-0.16328178740525523	0.8929914161045612	0.0	0.0	False	False
415	1947	855	1092	0.0	0.0	0.1332687100946698	0.002359766396926508	0.001736202200779383	0.4391371340523883	0.44289208348056164	1.359326557716134	300.0	6.752270376141742	2.990527095113492	149.5263547556746	5961	23.7688045501709	23.7688045501709	24	23.481344985961915	23.481344985961915	-0.012093984937366858	0.0	True	False	0.4437926959443601	1.3601753917392816	0.0	0.0	False	False
416	999	274	725	2.0190515925833097e-12	7.719903148112654e-12	-0.1830622100145143	0.0007562292312957463	0.0011526983475870446	0.27427427427427425	-0.6064838616824364	0.6567954957228372	11.112388148175155	5.616771097666572	0.0	0.0	1906	34.03769302368164	34.03769302368164	12	33.971594619750974	33.971594619750974	-0.0019419178580839514	0.0	True	False	-0.6070572363593953	0.6565345153563742	0.0	0.0	False	False
417	405	137	268	0.161634954032882	0.1971686436594138	-0.0518889931357271	0.00037811461564787315	0.0004261009064183834	0.33827160493827163	-0.1698048661942817	0.8889629110005496	0.7051621511010914	4.927253685157205	0.0	0.0	932	20.70328731536865	20.70328731536865	27	19.316767120361327	19.316767120361327	-0.06697101643264501	0.0	True	False	-0.16987496788986434	0.8889197166375042	0.0	0.0	False	False
418	817	252	565	4.60695949444645e-05	9.19371302619796e-05	-0.1111226733018342	0.0006955100959362339	0.0008983097467402485	0.3084455324357405	-0.3675580329715533	0.7750933430421485	4.036509056500847	5.53338948872752	0.0	0.0	1757	34.563941955566406	34.563941955566406	7	35.09021682739258	35.09021682739258	0.014997766312328603	0.014997766312328603	True	False	-0.3678516887205543	0.7749355914407162	0.0	0.0	False	False
419	1205	445	760	0.7310692834636334	0.7717784779024436	0.0070716524356502	0.001228182510681048	0.0012083458540222813	0.36929460580912865	0.024162787176534195	1.01688940801554	0.11250733649088862	6.100318952020064	0.14740070854663892	0.016583661115452106	3047	23.378708648681666	23.378708648681666	68	19.637851905822753	19.637851905822753	-0.16001126491089837	0.0	True	False	0.02419059527044709	1.0169090088513961	0.0	0.0	False	False
420	611	214	397	0.3308928084932561	0.3782819795588731	-0.0288514996778832	0.0005906315894061669	0.0006312017158511127	0.3502454991816694	-0.09429160929306413	0.9367320878029936	0.4221843469561326	5.3706380281276624	0.0	0.0	1486	37.668460845947266	37.668460845947266	12	43.284263610839844	43.284263610839844	0.12974236584877907	0.12974236584877907	True	False	-0.09435101984322891	0.9366935137306811	0.0	0.0	False	False
421	273	121	152	0.0003518782842755	0.0006328245823927	0.140467016107515	0.00033395524447731864	0.00024166917080445627	0.4432234432234432	0.46783267453464106	1.383030214239913	3.19871665879271	4.804021044733257	2.24747801387826	7.189045363262744	839	34.24777603149414	34.24777603149414	8	42.180694580078125	42.180694580078125	0.18806988902289648	0.18806988902289648	True	False	0.46796500913952777	1.3831570817663923	0.4228025038692502	0.42268294065148415	True	True
422	617	153	464	2.680744515259903e-12	1.0164489620360463e-11	-0.2423013160002741	0.00042227398681842773	0.0007377269424557086	0.2479740680713128	-0.8017543376333656	0.573651185222192	10.992914423285255	5.0369526024136295	0.0	0.0	1070	36.11918640136719	36.11918640136719	1	47.33164978027344	47.33164978027344	0.2368914548923943	0.2368914548923943	True	False	-0.8022105481577348	0.5734698133268608	0.0	0.0	False	False
423	343	139	204	0.0474863553876763	0.0641136252266846	0.0729098665642972	0.0003836345370441925	0.00032434546607966496	0.40524781341107874	0.2438498822665469	1.1841483904408558	1.1930496657705778	4.941642422609304	1.2050189229566524	1.4376474232806558	934	23.111652374267578	23.111652374267578	39	11.322768211364746	11.322768211364746	-0.5100840031683986	0.0	True	False	0.24393460421418034	1.1842179313354129	0.0	0.0	False	False
424	612	303	309	0.0	0.0	0.2310093828126036	0.0008362680915423765	0.0004912879853853748	0.4950980392156863	0.7674427104205268	1.702249737152758	300.0	5.717027701406222	4.387491234716425	219.37456173582123	2053	23.731468200683594	23.731468200683594	68	19.746810913085938	19.746810913085938	-0.16790605848326218	0.0	True	False	0.7679398969950135	1.702836473463673	0.0	0.0	False	False
425	832	358	474	2.7125836798980174e-07	6.461914001851298e-07	0.1176299187051916	0.0009880659299411577	0.0007536262300086333	0.43028846153846156	0.39125063505990276	1.3115298425505517	6.189638826072315	5.883322388488279	2.301853620758183	14.247642542979987	2446	22.04336929321289	22.04336929321289	60	18.49334831237793	18.49334831237793	-0.16104711278996744	0.0	True	False	0.3915883097497517	1.311836852870157	0.0	0.0	False	False
426	310	141	169	9.69364813174778e-06	2.0707088732137272e-05	0.1608576417773221	0.0003891544584405118	0.00026869795964442835	0.45483870967741935	0.5352023830746475	1.4491454282398986	4.68388095549781	4.955827057601261	2.652370451334013	12.423387443928515	954	17.340456008911133	17.340456008911133	33	8.156071662902832	8.156071662902832	-0.5296506816942134	0.0	True	False	0.5353753777830352	1.449319206838114	0.0	0.0	False	False
427	796	381	415	0.0	0.0	0.2024021126987253	0.0010515450259988297	0.0006598204334463773	0.478643216080402	0.6725201834432948	1.5938547751325507	300.0	5.945420608606575	3.998415358347639	199.92076791738197	2660	31.74947738647461	31.74947738647461	7	45.08507537841797	45.08507537841797	0.29578741701132993	0.29578741701132993	True	False	0.6730849612343519	1.5944788501962455	1.1836741582534913	1.1826809509840794	True	True
428	758	277	481	0.9957153447100386	0.9957153447100386	-0.0001400735736128	0.0007645091133902253	0.0007647557312956807	0.3654353562005277	0.0006375767731192639	1.000442032210135	0.0018648000209287594	5.627621113690637	0.003588040510004714	6.690978018150027e-06	1907	20.57151641845704	20.57151641845704	32	20.633600425720214	20.633600425720214	0.0030088790120111385	0.0030088790120111385	True	False	0.0006363760622516423	1.0004411995732392	1.0775648350529745e-05	1.0795979784798927e-05	False	False
429	412	169	243	0.014173564925811	0.0210750720302091	0.0818056647512493	0.00046643335798898225	0.0003863526875360715	0.41019417475728154	0.27304910443311137	1.2083589711202025	1.6762309323725495	5.135798437050262	1.4023251637855472	2.3506208167817357	1179	26.668447494506836	26.668447494506836	4	20.488783264160155	20.488783264160155	-0.2317219340053285	0.0	True	False	0.27316384121785475	1.2084550751009402	0.0	0.0	False	False
430	591	272	319	7.491252063118736e-11	2.4879705757073173e-10	0.1703034547123582	0.000750709309899427	0.0005071872729382997	0.4602368866328257	0.5661259020964025	1.480542497356527	9.604154760188418	5.60947179518496	3.1756672803334114	30.49960002718874	1866	36.33905220031738	36.33905220031738	38	32.824058532714844	32.824058532714844	-0.0967277200359078	0.0	True	False	0.5664766063270044	1.4809024456601048	0.0	0.0	False	False
431	329	110	219	0.1501740964964295	0.1846735510969606	-0.0595261959448228	0.0003035956767975624	0.0003481943974090521	0.3343465045592705	-0.1944889667648173	0.8738823888077221	0.7335952996607772	4.709530201312334	0.0	0.0	762	39.874534606933594	39.874534606933594	8	43.35765953063965	43.35765953063965	0.08033470813258797	0.08033470813258797	True	False	-0.1945541742974246	0.8738428915993859	0.0	0.0	False	False
432	359	120	239	0.1317845994929409	0.1638305813368528	-0.0596914211636053	0.000331195283779159	0.0003799929725149016	0.3342618384401114	-0.19530690612710977	0.8733870795441877	0.7856050276904124	4.795790545596741	0.0	0.0	828	32.49332809448242	32.49332809448242	12	46.78729248046875	46.78729248046875	0.3055095438991968	0.3055095438991968	True	False	-0.19537817557580617	0.8733439350982442	0.0	0.0	False	False
433	541	202	339	0.6308953404950071	0.6786726047562237	0.0146769049795158	0.0005575120610282509	0.0005389858480441492	0.3733826247689464	0.05019593690636448	1.0354055359429888	0.1683396811508466	5.313205979041787	0.2667013520945001	0.04489642057408782	1366	33.17312240600586	33.17312240600586	48	31.430788230895995	31.430788230895995	-0.05252246544010646	0.0	True	False	0.05022183475262665	1.0354241226943857	0.0	0.0	False	False
434	552	233	319	0.0002803623432869	0.0005082265585481	0.1030904717044457	0.0006430708426712003	0.0005071872729382997	0.4221014492753623	0.3432922221417751	1.2686483417715557	3.293942643635299	5.455321115357702	1.8727693081880925	6.168794685932136	1571	29.119197845458984	29.119197845458984	60	27.138252639770506	27.138252639770506	-0.06802883843853542	0.0	True	False	0.3434875288087742	1.268820098272007	0.0	0.0	False	False
435	631	305	326	0.0	0.0	0.2106074730140439	0.0008417880129386958	0.0005183167742253469	0.48335974643423135	0.6997749916514078	1.624251448362285	300.0	5.723585101952381	4.005221716934849	200.26108584674245	2088	19.931352615356445	19.931352615356445	47	18.262651443481445	18.262651443481445	-0.08372242486891338	0.0	True	False	0.7002411345024253	1.624776337898612	0.0	0.0	False	False
436	914	298	616	0.0025291891845871	0.0041395002841263	-0.0758392143523125	0.0008224682880515782	0.000979396113260165	0.32603938730853393	-0.25068435975892456	0.8404976205109645	2.3830520832620428	5.700443573390687	0.0	0.0	2079	30.4608154296875	30.4608154296875	7	32.4983772277832	32.4983772277832	0.06269733974143696	0.06269733974143696	True	False	-0.2509118074218222	0.8403651225502266	0.0	0.0	False	False
437	550	218	332	0.0530616831371666	0.0703879470186904	0.056843643636358	0.0006016714321988055	0.0005278563467571018	0.39636363636363636	0.1899645424911558	1.1407356793524979	1.1525017015314665	5.389071729816501	1.023732545606613	1.1798535007247613	1517	18.901031494140625	18.901031494140625	9	22.95642204284668	22.95642204284668	0.17665603730132376	0.17665603730132376	True	False	0.19007025073451445	1.140819265681702	0.1809491702854122	0.180848534763261	False	False
438	512	205	307	0.0342572677585719	0.047666840459175	0.0641407193143771	0.0005657919431227299	0.0004881081278747899	0.400390625	0.2142375868341908	1.160090685576931	1.3217836338212487	5.327876168789581	1.1414313333528738	1.5087252555565946	1377	23.325984954833984	23.325984954833984	58	21.45975513458252	21.45975513458252	-0.08000647449036083	0.0	True	False	0.21434887541211722	1.1601801776862577	0.0	0.0	False	False
439	1157	505	652	2.3816060235049008e-11	8.532525517281337e-11	0.1285690161220405	0.0013937801525706274	0.0010366335484506938	0.4364736387208297	0.42741879382487724	1.3448253211357033	10.068922404250857	6.226536669287466	2.661338792893217	26.796813797064445	3514	36.194557189941406	36.194557189941406	21	34.788143157958984	34.788143157958984	-0.038857058662214256	0.0	True	False	0.4279338287792527	1.3453055027930125	0.0	0.0	False	False
440	32	14	18	0.2595173468819691	0.3051172941377156	0.1303807643169309	3.863944977423522e-05	2.8618717595264558e-05	0.4375	0.4442132328777326	1.3605719324827097	0.5155331757213445	2.70805020110221	1.2029517346268066	0.6201615279916577	96	5.645881175994873	5.645881175994873	2	10.37537670135498	10.37537670135498	0.4558384395568457	0.4558384395568457	True	False	0.44422684618171004	1.3605847709316972	0.5483684462912978	0.5483516415744843	False	False
441	744	243	501	0.0072342640482037	0.0111579326845175	-0.0747062185329077	0.0006706704496527969	0.0007965543064015301	0.32661290322580644	-0.24664232515072904	0.8428557655105694	1.9524162630036908	5.497168225293202	0.0	0.0	1696	34.96986770629883	34.96986770629883	5	49.4803466796875	49.4803466796875	0.2932574233426999	0.2932574233426999	True	False	-0.24682491491802594	0.8427490991012279	0.0	0.0	False	False
442	20	8	12	0.6792422729046266	0.7237827498164053	0.0634339746975197	2.2079685585277266e-05	1.9079145063509705e-05	0.4	0.23929225485472294	1.1804134421125838	0.14039177180646278	2.1972245773362196	0.5257788235329995	0.07381502061411534	48	9.694755554199219	9.694755554199219	8	8.213817596435547	8.213817596435547	-0.15275660634085958	0.0	True	False	0.23929573978794316	1.1804162934892573	0.0	0.0	False	False
443	252	115	137	4.873567179197735e-05	9.683288500152706e-05	0.1635025069329168	0.00031739548028836067	0.0002178202394750691	0.45634920634920634	0.5441468363831454	1.4581577814331932	4.0139771287521455	4.7535901911063645	2.58665106395248	10.382758210767658	795	35.180908203125	35.180908203125	10	41.0101936340332	41.0101936340332	0.1421423532628883	0.1421423532628883	True	False	0.544289687162383	1.458302170428993	0.36776919164266336	0.36767266930015924	True	True
444	13	7	6	0.0566451647590271	0.074705941928572	0.3064720233553782	1.931972488711761e-05	9.539572531754853e-06	0.5384615384615384	1.002136480846536	2.0029639854851555	1.1266448540860368	2.0794415416798357	2.0838842287051262	2.34779744278168	42	11.127326011657715	11.127326011657715	7	10.53055477142334	10.53055477142334	-0.053631145488966386	0.0	True	False	1.0021497468011944	2.002982403342586	0.0	0.0	False	False
445	17	9	8	0.0407924422144478	0.0557374210437651	0.2906777561764548	2.4839646283436924e-05	1.2719430042339803e-05	0.5294117647058824	0.9561502755723552	1.9401258996660125	1.2538531298525883	2.302585092994046	2.201617371195054	2.760504831610746	63	5.130808353424072	5.130808353424072	0					False	True	0.9561669176430119	1.940148279931846			False	False
446	577	180	397	0.0012761686317679	0.0021666295800537	-0.1039927679233846	0.0004967929256687385	0.0006312017158511127	0.3119584055459272	-0.34327041990543883	0.7882524095498383	2.664215331914905	5.198497031265826	0.0	0.0	1243	35.839813232421875	35.839813232421875	17	73.17914581298828	73.17914581298828	0.5102455373828536	0.5102455373828536	True	False	-0.34346528449161795	0.7881459476142425	0.0	0.0	False	False
447	11	6	5	0.0660373895052692	0.0853608301843679	0.3187064797682538	1.6559764188957948e-05	7.949643776462377e-06	0.5454545454545454	1.0366937028829053	2.0515206881635843	1.0687413697933255	1.9459101490553132	2.017312797901579	2.1559856429309394	30	14.657615661621094	14.657615661621094	12	12.751589584350587	12.751589584350587	-0.13003657083608547	0.0	True	False	1.0367052807905779	2.051537152081288	0.0	0.0	False	False
448	11	6	5	0.0660373895052692	0.0853608301843679	0.3187064797682538	1.6559764188957948e-05	7.949643776462377e-06	0.5454545454545454	1.0366937028829053	2.0515206881635843	1.0687413697933255	1.9459101490553132	2.017312797901579	2.1559856429309394	30	8.044918060302734	8.044918060302734	12	6.776423931121826	6.776423931121826	-0.1576764511052303	0.0	True	False	1.0367052807905779	2.051537152081288	0.0	0.0	False	False
450	12	10	2	2.220446049250313e-16	1.148071536828287e-15	0.9384952378974064	2.759960698159658e-05	3.179857510584951e-06	0.8333333333333334	2.866074931270507	7.290788907165964	14.940031050020078	2.3978952727983707	6.872547529179465	102.67607347867997	68	9.26782512664795	9.26782512664795	2	13.729103088378906	13.729103088378906	0.3249504307027337	0.3249504307027337	True	False	2.8661093180141375	7.290962685732976	2.233264073682848	2.2332372796318753	True	True
453	23	11	12	0.1200584866501792	0.1504865328535304	0.2017366728489957	3.035956767975624e-05	1.9079145063509705e-05	0.4782608695652174	0.675391369661396	1.597029951093495	0.8225023636521539	2.4849066497880004	1.6782845056810285	1.3803929728034325	61	11.943879127502441	11.943879127502441	16	8.106510639190674	8.106510639190674	-0.32128326545734154	0.0	True	False	0.6754068002361784	1.5970470324732595	0.0	0.0	False	False
455	13	6	7	0.3271887441251067	0.3759365620629382	0.1725784441148325	1.6559764188957948e-05	1.1129501287047328e-05	0.46153846153846156	0.5892347259116821	1.5044485046532934	0.42488543451495325	1.9459101490553132	1.146597833327368	0.48717271862720274	26	19.888015747070312	19.888015747070312	16	17.1219425201416	17.1219425201416	-0.1390824133541919	0.0	True	False	0.5892417162145769	1.504455794188446	0.0	0.0	False	False
456	16	6	10	0.9205778617138884	0.9391545450220162	0.017676484147702	1.6559764188957948e-05	1.5899287552924754e-05	0.375	0.10380789874144192	1.0746060747523536	0.027262935393557296	1.9459101490553132	0.2020008437130781	0.005507135951593713	28	4.807627201080322	4.807627201080322	14	3.2439054012298585	3.2439054012298585	-0.32525853907704816	0.0	True	False	0.10380800760981579	1.074606155844072	0.0	0.0	False	False
459	10	6	4	0.0149069440589117	0.02180919468426	0.4156164927545954	1.6559764188957948e-05	6.359715021169902e-06	0.6	1.3262003200778896	2.507414174422158	1.6613603706725255	1.9459101490553132	2.5806666625199703	4.287417323026407	30	14.102858543395996	14.102858543395996	12	12.60770034790039	12.60770034790039	-0.10601809490571323	0.0	True	False	1.32621419178248	2.5074382836586526	0.0	0.0	False	False
461	11	6	5	0.0660373895052692	0.0853608301843679	0.3187064797682538	1.6559764188957948e-05	7.949643776462377e-06	0.5454545454545454	1.0366937028829053	2.0515206881635843	1.0687413697933255	1.9459101490553132	2.017312797901579	2.1559856429309394	30	8.97054672241211	8.97054672241211	12	7.121984004974365	7.121984004974365	-0.20607024015819184	0.0	True	False	1.0367052807905779	2.051537152081288	0.0	0.0	False	False
