cluster_id	cluster_size	sample	background	enrichment_pvalue_zbinom	enrichment_fdr_zbinom	log_fold_change	sample_usage	background_usage	sample_fraction_in_cluster	log2fc_smooth	fc_smooth	minus_log10_fdr	support_log	enrichment_support_score	enrichment_stat_score	internal_edges_n	internal_mreach_q90	cohesion	external_edges_n	external_mreach_q10	separation	density_validity	geometry_score	has_density_validity	is_sample_knn_closed	log2_odds	odds_ratio	dbcv_with_odds	redcea_auxiliary_validity	is_good_candidate	is_good_candidate_relaxed
0	3986	1173	2813	3.6415315207705135e-14	2.740406771562895e-13	-0.0956151552801691	0.0037704312048986678	0.004699007912975643	0.29427997992975413	-0.31726825287112437	0.8025881426281017	12.562184968006848	7.068172000388042	0.0	0.0	8089	32.576698303222656	32.576698303222656	122	25.654518127441406	25.654518127441406	-0.21248869702355538	0.0	True	False	-0.31861471992572454	0.8018394366788227	0.0	0.0	False	False
1	3772	1246	2526	0.0649254027915202	0.0889718482698611	-0.0226587391266978	0.0040050786711881845	0.004219585491708665	0.3303287380699894	-0.07497742846318989	0.9493569739011759	1.0507473874573139	7.1284959456800365	0.0	0.0	8696	28.707134246826172	28.707134246826172	26	23.936031341552734	23.936031341552734	-0.16619920554420806	0.0	True	False	-0.07528929217629177	0.9491517760010603	0.0	0.0	False	False
2	2755	872	1883	0.0006443194283263	0.0013244343804485	-0.0500772703145434	0.0028029122000610726	0.0031454788127028566	0.31651542649727765	-0.16590912818711523	0.8913666391214236	2.8779695541014325	6.771935555839602	0.0	0.0	6082	31.409748077392578	31.409748077392578	22	43.523752975463864	43.523752975463864	0.2783308899143061	0.2783308899143061	True	False	-0.1664059380275198	0.8910597388651214	0.0	0.0	False	False
3	882	368	514	6.61577015392822e-10	2.879805831709933e-09	0.1391412644478638	0.0011828803780074251	0.0008586171586453895	0.41723356009070295	0.4627734108643633	1.3781886781855617	8.54063679316427	5.910796644040527	2.7353595238882664	23.361712192252426	2546	21.54639434814453	21.54639434814453	30	23.020989418029785	23.020989418029785	0.06405437416735735	0.06405437416735735	True	False	0.4632405864259326	1.3786350374713958	0.17538862087656376	0.17521174242538345	True	True
4	2305	605	1700	0.0	0.0	-0.164436981956056	0.001944681056235033	0.0028397843768427277	0.26247288503253796	-0.5454802723502503	0.6851632740597545	300.0	6.406879986069314	0.0	0.0	4230	32.68699264526367	32.68699264526367	5	48.77439727783203	48.77439727783203	0.32983297652926785	0.32983297652926785	True	False	-0.5467758449672644	0.6845482582092579	0.0	0.0	False	False
5	4997	1574	3423	1.1050996464589955e-06	3.315298939376987e-06	-0.0531456063453955	0.005059385095064367	0.0057179893658427395	0.31498899339603764	-0.17629838629346306	0.8849707110358666	5.479477305307952	7.362010551259734	0.0	0.0	10918	30.684825897216797	30.684825897216797	100	20.849092483520508	20.849092483520508	-0.3205406296467994	0.0	True	False	-0.17725481786565478	0.8843842160370193	0.0	0.0	False	False
6	1991	561	1430	2.2329249560471e-11	1.18026033391061e-10	-0.1221166114391432	0.0018032497066906672	0.002388759799344177	0.281767955801105	-0.40488170125931866	0.7552982235172472	9.928022188362746	6.331501849893691	0.0	0.0	3918	30.517259407043458	30.517259407043458	9	51.77671432495117	51.77671432495117	0.410598764233728	0.410598764233728	True	False	-0.4057293030123059	0.754854606497398	0.0	0.0	False	False
7	5310	2139	3171	0.0	0.0	0.1132711073137921	0.006875492197168159	0.005297033093510759	0.40282485875706214	0.37638820545388185	1.2980880140354392	300.0	7.668561108015897	2.8863559538595354	144.31779769297677	14969	27.45063018798828	27.45063018798828	4	48.932030868530276	48.932030868530276	0.4390048869677583	0.4390048869677583	True	False	0.3786782624653302	1.3001501658219212	1.274833928191468	1.2671243692728216	True	True
8	3067	996	2071	0.0142389516286642	0.0229061395765468	-0.0336641957002408	0.0032014914578679223	0.0034595255555536996	0.32474731007499186	-0.11145424147688665	0.9256545285739415	1.6400480972738445	6.904750769961838	0.0	0.0	6950	26.25454025268555	26.25454025268555	22	23.015153884887695	23.015153884887695	-0.12338385424465782	0.0	True	False	-0.11182886690717275	0.9254141945486145	0.0	0.0	False	False
9	3525	1050	2475	4.098343886482781e-11	2.1158891693004123e-10	-0.0881293394301246	0.003375066295945099	0.004134391960403383	0.2978723404255319	-0.29236391862585176	0.8165629877935477	9.674507084473264	6.957497370876951	0.0	0.0	7233	31.395038604736328	31.395038604736328	117	19.682092666625977	19.682092666625977	-0.37308270537827304	0.0	True	False	-0.2934646392927158	0.8159402193356572	0.0	0.0	False	False
10	7792	2640	5152	0.4674454267141161	0.5111964765050926	-0.0061153627125577	0.008485880972661963	0.008606217123231608	0.33880903490759756	-0.020181589691917523	0.9861085767896517	0.29141214827623874	7.878912912297133	0.0	0.0	18402	28.413726806640625	28.413726806640625	78	23.67525005340576	23.67525005340576	-0.1667671680480656	0.0	True	False	-0.02035781757612032	0.9859881291483801	0.0	0.0	False	False
11	4896	1738	3158	0.0165600916817914	0.0258897207982935	0.0248942112097712	0.005586538307002459	0.005275317095334902	0.35498366013071897	0.08288336351048464	1.0591327043109937	1.5868726330882759	7.461065514354283	0.6183982052017671	0.9813191881855922	12142	28.741676330566406	28.741676330566406	24	20.54893398284912	20.54893398284912	-0.2850474778676847	0.0	True	False	0.08333369228650689	1.0594633579615649	0.0	0.0	False	False
12	2574	895	1679	0.4467654246079489	0.4911897369349552	0.0110289039473764	0.002876842223686537	0.0028047046874817294	0.3477078477078477	0.03701341041472617	1.0259876822496452	0.30875071605068555	6.79794041297493	0.2516149584802942	0.07768629859985435	6252	24.808170318603516	24.808170318603516	13	22.658787155151366	22.658787155151366	-0.08664013249862038	0.0	True	False	0.037116662390507926	1.0260611136008582	0.0	0.0	False	False
13	4258	1294	2964	3.1209479445237776e-10	1.4586325130195339e-09	-0.0756873582051331	0.004159367416145674	0.0049512475840952025	0.30389854391733206	-0.2511139628264294	0.8402473759407785	8.83605411021111	7.166265974133638	0.0	0.0	9045	30.009145736694336	30.009145736694336	13	32.4918815612793	32.4918815612793	0.07641095883913505	0.07641095883913505	True	False	-0.25226274983268304	0.8395785713547911	0.0	0.0	False	False
14	1196	483	713	5.039986872290569e-09	1.945873192432185e-08	0.1151141656692233	0.0015525304961347456	0.0011910389768758029	0.40384615384615385	0.3828823286643406	1.3039443765828402	7.710885465003623	6.182084906716632	2.367011065084337	18.251751217261557	3344	21.055891036987305	21.055891036987305	37	23.945045471191406	23.945045471191406	0.1206577134163341	0.1206577134163341	True	False	0.3834034512443747	1.3044154654676159	0.2859868565339783	0.28559814274423767	True	True
15	3755	1291	2464	0.7690218061051801	0.7940597253737209	0.0035421035434793	0.004149724369585831	0.004116016885023812	0.34380825565912115	0.012032531110031996	1.008375192336374	0.1001468307911267	7.163946684342547	0.08620041134996227	0.00863269800959019	8978	26.96782684326172	26.96782684326172	59	23.12894058227539	23.12894058227539	-0.14235059737286643	0.0	True	False	0.012080244185167288	1.0084085420572486	0.0	0.0	False	False
16	2374	703	1671	1.9029209319398888e-08	6.925384375256645e-08	-0.0917645601039228	0.002259687243856576	0.002791340996296587	0.2961246840775063	-0.30424115771760896	0.8098680865556738	7.159556117220872	6.556778356158042	0.0	0.0	4759	34.800296783447266	34.800296783447266	162	21.322715759277344	21.322715759277344	-0.38728350818492224	0.0	True	False	-0.3050112295341805	0.8094359161003946	0.0	0.0	False	False
17	2208	732	1476	0.2049816774605595	0.2414107819429401	-0.0203187116590451	0.002352903360601726	0.0024656010236587447	0.33152173913043476	-0.0670008231610808	0.9546204694600587	0.6172433372471401	6.597145701886651	0.0	0.0	5029	31.29072380065918	31.29072380065918	95	25.380873107910155	25.380873107910155	-0.18886909521167825	0.0	True	False	-0.06716492035137733	0.9545118937571239	0.0	0.0	False	False
18	2074	760	1314	0.0031289794835926	0.0056704771049598	0.046474791826557	0.0024429051284935955	0.002194986277159614	0.36644165863066536	0.15478587976971347	1.1132563799796587	2.2463803987201136	6.634633357861686	1.0269475612461094	2.3069148720966837	5264	25.70095443725586	25.70095443725586	56	23.483744621276855	23.483744621276855	-0.08626955163832195	0.0	True	False	0.15514326571166492	1.1135321911886835	0.0	0.0	False	False
19	2919	1075	1844	0.0001597393545047	0.0003621057010259	0.0499041123034687	0.0034554250172771253	0.003080330818175288	0.36827680712572797	0.1660576043915043	1.121988278744899	3.441164637556369	6.98100574072173	1.1592490895475895	3.989166973070582	7362	22.07530975341797	22.07530975341797	163	16.865478515625	16.865478515625	-0.23600263352981124	0.0	True	False	0.1665994071429715	1.1224097195075287	0.0	0.0	False	False
20	2275	702	1573	5.255602218023903e-05	0.000131835445469	-0.0661350457238523	0.002256472895003295	0.0026276357792785945	0.30857142857142855	-0.21912717952687188	0.8590850197161289	3.8799678089983534	6.555356891810665	0.0	0.0	4758	26.85677146911621	26.85677146911621	156	23.3850040435791	23.3850040435791	-0.12926972363485492	0.0	True	False	-0.219665080992705	0.8587647739659152	0.0	0.0	False	False
21	3760	1183	2577	1.881256117930441e-05	5.039035107632051e-05	-0.053873109153489	0.003802574693431478	0.0043047790230139465	0.3146276595744681	-0.17863285285759378	0.8835398722905838	4.297652615845907	7.076653815443951	0.0	0.0	8277	31.554391860961914	31.554391860961914	4	37.78963851928711	37.78963851928711	0.164998843668294	0.164998843668294	True	False	-0.17936144684302135	0.8830937771049883	0.0	0.0	False	False
22	1263	463	800	0.0204053190895991	0.0312412471578691	0.0467475687956913	0.0014882435190691245	0.001336369118514225	0.3665874901029295	0.155947804772536	1.1141533411645521	1.505271637311722	6.139884552226255	0.9575015174764897	1.441299876940294	3160	23.569440841674805	23.569440841674805	81	20.5089054107666	20.5089054107666	-0.1298518472061778	0.0	True	False	0.15616610758192806	1.1143219431214815	0.0	0.0	False	False
23	4551	1371	3180	3.764100142689131e-12	2.2893978950054438e-11	-0.0811331004254531	0.004406872277848315	0.005312067246094044	0.3012524719841793	-0.2692190956717111	0.8297685627641953	10.64027872083012	7.22402480828583	0.0	0.0	9565	28.574464797973633	28.574464797973633	32	28.430436515808104	28.430436515808104	-0.005040454237160116	0.0	True	False	-0.2705325106294243	0.8290134936219925	0.0	0.0	False	False
24	5321	1602	3719	4.4853010194856324e-14	3.212054278470356e-13	-0.0815071018413127	0.005149386862956237	0.006212445939693003	0.3010712272129299	-0.2705044721694563	0.8290296054729867	12.493217124464033	7.3796321526095525	0.0	0.0	11075	27.578811645507812	27.578811645507812	139	23.57766342163086	23.57766342163086	-0.1450805159883922	0.0	True	False	-0.2720480229513962	0.8281430944986131	0.0	0.0	False	False
25	2709	939	1770	0.527147885593551	0.5694736282324492	0.0089488906738081	0.0030182735732309026	0.0029567166747127226	0.34662236987818384	0.03008809169240223	1.0210744711298894	0.2445263828725235	6.84587987526405	0.20597946140211587	0.050367412642689964	6456	23.4963436126709	23.4963436126709	117	21.084402084350586	21.084402084350586	-0.10265178140396373	0.0	True	False	0.03017604850841238	1.021136724894294	0.0	0.0	False	False
26	3140	912	2228	4.518607710224387e-13	2.907625830926997e-12	-0.1036637834037071	0.0029314861541923144	0.0037217879950621163	0.29044585987261146	-0.34389662829465095	0.7879103392256961	11.536461481588418	6.816735880594968	0.0	0.0	6384	29.168455123901367	29.168455123901367	0					False	True	-0.34504171446831755	0.7872852124659692			False	False
27	2974	1129	1845	3.708654605638628e-08	1.2764671665919e-07	0.0709541361993247	0.0036289998553543017	0.003082001279573431	0.3796234028244788	0.23595240181073862	1.177683934157125	6.893990351679432	7.029972911706386	1.6587389931815533	11.435330614948084	7735	22.443679809570312	22.443679809570312	168	20.556754112243652	20.556754112243652	-0.08407381112797944	0.0	True	False	0.23674309248112912	1.1783295584188247	0.0	0.0	False	False
28	5445	1740	3705	2.241323792451233e-05	5.9234985943354014e-05	-0.0439823992633281	0.005592967004709021	0.006189059480119004	0.31955922865013775	-0.1458865423571014	0.9038238032317462	4.2274217102671905	7.462214939768189	0.0	0.0	11994	25.76169776916504	25.76169776916504	186	21.911867141723633	21.911867141723633	-0.14944009754083	0.0	True	False	-0.14675273742938355	0.9032813096858063	0.0	0.0	False	False
29	2908	996	1912	0.9403549164104026	0.9467518886308816	0.001028015253113	0.0032014914578679223	0.003193922193248997	0.3425034387895461	0.0037618310349447626	1.0026109050671481	0.023763819852605256	6.904750769961838	0.025974505735001187	0.0006172534750470303	6960	28.442649841308594	28.442649841308594	12	21.65545234680176	21.65545234680176	-0.23862746728504422	0.0	True	False	0.0037716689428162198	1.002617742012633	0.0	0.0	False	False
30	3569	1030	2539	1.3322676295501878e-15	1.1598565245495751e-14	-0.1075689113990127	0.003310779318879478	0.004241301489884521	0.2885962454469039	-0.35692010041427924	0.7808297354570957	13.935595730126694	6.93828448401696	0.0	0.0	7190	32.148685455322266	32.148685455322266	20	32.568412399291994	32.568412399291994	0.01288754695266793	0.01288754695266793	True	False	-0.35826876487757087	0.7801001389594496	0.0	0.0	False	False
31	3190	1301	1889	0.0	0.0	0.1223019034091433	0.004181867858118642	0.003155501581091713	0.4078369905956113	0.40645066180741285	1.3254209807133153	300.0	7.171656822768514	2.9149246618699105	145.74623309349553	9014	22.90431022644043	22.90431022644043	93	20.030645751953124	20.030645751953124	-0.12546391688189704	0.0	True	False	0.40793572822358026	1.3267860312273663	0.0	0.0	False	False
32	6621	2044	4577	5.6847859752906515e-12	3.3653932973720656e-11	-0.0658434561952202	0.006570129056106459	0.007645701819299509	0.30871469566530735	-0.218531954495071	0.8594395328973552	10.472964174561147	7.623153068476902	0.0	0.0	14308	28.46135711669922	28.46135711669922	0					False	True	-0.2200959063457022	0.8585083632973098			False	False
33	1708	542	1166	0.0093030701410687	0.0155870307269228	-0.0484426991148928	0.0017421770784783273	0.0019477579902344826	0.31733021077283374	-0.16021139598909429	0.8948939338244934	1.8072366084629317	6.297109319933935	0.0	0.0	3789	34.76988983154297	34.76988983154297	5	38.058189392089844	38.058189392089844	0.08640189176288894	0.08640189176288894	True	False	-0.16050965013642404	0.8947089479250045	0.0	0.0	False	False
34	5517	2112	3405	2.220446049250313e-16	2.05391259555654e-15	0.0768333623823354	0.006788704778129571	0.005687921060676169	0.3828167482327352	0.2553645778814566	1.1936373443965331	14.68741804178799	7.655864017616056	1.9550364831763567	28.714438115358163	14674	25.860822296142583	25.860822296142583	110	23.82953338623047	23.82953338623047	-0.07854695750394225	0.0	True	False	0.25696151984787985	1.19495933198774	0.0	0.0	False	False
35	3345	1162	2183	0.4130599272716999	0.4596456333549743	0.0104089571146343	0.003735073367512576	0.003646617232145691	0.34738415545590434	0.03486805376576463	1.0244631232355705	0.33757686133612824	7.0587581525186645	0.2461251587815502	0.08308615859733191	8046	31.826740264892578	31.826740264892578	88	23.242319107055664	23.242319107055664	-0.2697235433597393	0.0	True	False	0.034995023785933554	1.024553289087555	0.0	0.0	False	False
36	2928	922	2006	0.0001853329868921	0.0004114392309005	-0.0533434428612286	0.002963629642725125	0.003350945564674419	0.31489071038251365	-0.17678047116897488	0.8846750423669477	3.3856943005088143	6.827629234502852	0.0	0.0	6426	29.54488754272461	29.54488754272461	28	26.405831336975098	26.405831336975098	-0.1062470182433475	0.0	True	False	-0.17734213626763307	0.8843306907406848	0.0	0.0	False	False
37	1096	392	704	0.1715086619216714	0.2092028733330278	0.0299699726481227	0.0012600247504861702	0.0011760048242925177	0.35766423357664234	0.10037281613261584	1.0720504622200575	0.6794323548711637	5.973809611869261	0.5996080937834065	0.4073931391590695	2694	33.9018440246582	33.9018440246582	50	29.749530601501466	29.749530601501466	-0.12248045917905202	0.0	True	False	0.10049306390086521	1.0721398207084307	0.0	0.0	False	False
38	1807	545	1262	1.471336782121746e-05	4.0078130752273325e-05	-0.0804062878617336	0.0017518201250381704	0.0021081222844561895	0.3016048699501937	-0.26635241753965033	0.8314189768472994	4.3970925422032865	6.302618975744905	0.0	0.0	3791	29.363529205322266	29.363529205322266	24	23.2218318939209	23.2218318939209	-0.2091607336589553	0.0	True	False	-0.2668685620967981	0.8311215781507536	0.0	0.0	False	False
39	1602	605	997	0.0001336899177797	0.0003059707396608	0.067316781110382	0.001944681056235033	0.0016654500139483526	0.3776529338327091	0.22408998724788454	1.1680402481590109	3.5143201036212153	6.406879986069314	1.4357176543769994	5.045571415900985	4137	24.49541664123535	24.49541664123535	98	21.15293140411377	21.15293140411377	-0.13645349601830714	0.0	True	False	0.22449244478181285	1.1683661328115507	0.0	0.0	False	False
40	2842	849	1993	6.167933719325447e-09	2.3608298029142232e-08	-0.0863430436869546	0.0027289821764356088	0.0033292295664985624	0.2987332864180155	-0.28633788414984807	0.8199808463667537	7.6269353209769655	6.745236349484363	0.0	0.0	5757	27.404949188232422	27.404949188232422	186	22.212782859802246	22.212782859802246	-0.18946089966332327	0.0	True	False	-0.2872076052034913	0.8194866742320219	0.0	0.0	False	False
41	1834	607	1227	0.2242349306667552	0.2626921087494441	-0.0213993068820984	0.0019511097539415953	0.0020496561355211923	0.33097055616139587	-0.07048684204564992	0.952316581545886	0.5805529731905058	6.410174881966167	0.0	0.0	4181	26.66511344909668	26.66511344909668	68	21.91240119934082	21.91240119934082	-0.17823709090264023	0.0	True	False	-0.07063041512696877	0.9522218143088722	0.0	0.0	False	False
42	1632	531	1101	0.0848822399293234	0.1121658170494631	-0.0324362331205726	0.0017068192410922358	0.0018391779993552019	0.32536764705882354	-0.10704802950651704	0.928485941086675	0.9501394757774442	6.2766434893416445	0.0	0.0	3682	26.89412498474121	26.89412498474121	35	23.36542091369629	23.36542091369629	-0.1312072459337117	0.0	True	False	-0.10724043741433853	0.9283621199602717	0.0	0.0	False	False
43	2209	769	1440	0.4498307098235177	0.4931477411398564	0.0118204124757312	0.0024718342681731248	0.0024054644133256046	0.3481213218650973	0.03970343983160163	1.0279025094575458	0.3070229518189698	6.646390514847729	0.26388456590358456	0.08101861836318601	5290	22.862104225158703	22.862104225158703	93	20.053516387939453	20.053516387939453	-0.12284905228139617	0.0	True	False	0.039798308849114505	1.0279701046905776	0.0	0.0	False	False
44	2003	778	1225	2.0333238204273133e-08	7.307359560459668e-08	0.087100073058628	0.0025007634078526545	0.0020463152127249066	0.38841737393909137	0.2896783288754605	1.222367701561755	7.1362395225601265	6.658011045870748	1.9286815134021955	13.763533242371826	5335	24.353903961181643	24.353903961181643	111	20.932321548461914	20.932321548461914	-0.1404942065212002	0.0	True	False	0.29033433602171854	1.2229236501608383	0.0	0.0	False	False
45	1629	704	925	0.0	0.0	0.1656874911725137	0.0022629015927098568	0.0015451767932820725	0.4321669736034377	0.5506465851023243	1.4647420149457488	300.0	6.558197802812269	3.6112492245441423	180.5624612272071	4803	23.623573303222656	23.623573303222656	125	19.86664237976074	19.86664237976074	-0.15903313504860023	0.0	True	False	0.5516829013975606	1.4657945459988244	0.0	0.0	False	False
46	2695	1038	1657	1.5815304621469295e-09	6.326121848587718e-09	0.0811314098625452	0.0033364941097057265	0.0027679545367225882	0.3851576994434137	0.2697722145079595	1.2056174590824416	8.198862447314442	6.946013991099227	1.8738415763821088	15.363369332815768	7194	30.6769962310791	30.6769962310791	72	24.282081604003906	24.282081604003906	-0.20845960859089777	0.0	True	False	0.27059383684551896	1.2063042600525564	0.0	0.0	False	False
47	1235	453	782	0.0207081034496443	0.0315958691809006	0.0471480137226738	0.001456100030536314	0.0013063008133476547	0.3668016194331984	0.15729166737180478	1.1151916524695316	1.500369692989446	6.118097198041348	0.9623257094226906	1.443844329202373	3113	25.009626388549805	25.009626388549805	58	20.878103828430177	20.878103828430177	-0.1651972922718737	0.0	True	False	0.15750696538736975	1.1153580885209327	0.0	0.0	False	False
48	8411	2963	5448	0.0128783809605463	0.021099635226873	0.0197511173446759	0.009524115652271741	0.009100673697081871	0.35227678040661037	0.06572282296179388	1.0466091834094224	1.6757250527746095	7.994294986415977	0.5254076340965737	0.8804387353746636	20593	25.97337532043457	25.97337532043457	148	11.383565521240236	11.383565521240236	-0.5617217484904934	0.0	True	False	0.06633833806844525	1.0470558066990323	0.0	0.0	False	False
49	4789	1615	3174	0.3944700814740676	0.4422846368042576	-0.0091778309822889	0.00519117339804889	0.005302044477705187	0.33723115472958864	-0.030268758657499895	0.9792378590534052	0.35429814601817794	7.38770923908104	0.0	0.0	11304	30.98703384399414	30.98703384399414	1	63.985321044921875	63.985321044921875	0.515716521571577	0.515716521571577	True	False	-0.03043067480683881	0.9791279636688325	0.0	0.0	False	False
50	1571	501	1070	0.0194228244634961	0.0300478538738407	-0.0452894870482162	0.0016103887754938043	0.0017873936960127756	0.31890515595162316	-0.1496833211100661	0.9014483133792857	1.5221865414327183	6.218600119691729	0.0	0.0	3441	32.61422348022461	32.61422348022461	66	22.234851837158203	22.234851837158203	-0.31824678117385996	0.0	True	False	-0.1499402350663015	0.9012877984914548	0.0	0.0	False	False
51	3500	1481	2019	0.0	0.0	0.149675304346934	0.00476045065170923	0.003372661562850275	0.42314285714285715	0.4973403489214583	1.4116088194426832	300.0	7.301147805856032	3.6311553972915784	181.55776986457892	10280	22.917652130126953	22.917652130126953	87	9.728341102600098	9.728341102600098	-0.5755088240556949	0.0	True	False	0.49934956011820386	1.413576107091464	0.0	0.0	False	False
52	6150	2056	4094	0.1192940914239943	0.1517666951067436	-0.0148681632338568	0.006608701242345832	0.0068388689639965455	0.3343089430894309	-0.04921634736903879	0.9664611551328423	0.8188235230275457	7.6290038896529575	0.0	0.0	14273	22.958267211914062	22.958267211914062	119	18.615192413330078	18.615192413330078	-0.18917258687233027	0.0	True	False	-0.049551777833255706	0.9662364764438413	0.0	0.0	False	False
53	6064	2325	3739	0.0	0.0	0.0779240568411104	0.007473361083878433	0.006245855167655859	0.38341029023746703	0.2589754249752172	1.1966285795552813	300.0	7.75190533307861	2.0075529780016854	100.37764890008427	16069	24.259964370727584	24.259964370727584	206	20.879840850830078	20.879840850830078	-0.13932928623654578	0.0	True	False	0.2607574500362215	1.1981075751776034	0.0	0.0	False	False
54	4449	1357	3092	4.1116687832243315e-10	1.862837693624085e-09	-0.0734030728170839	0.00436187139390238	0.005165066643057479	0.3050123623286132	-0.24354152850874566	0.8446692707223217	8.729824982910596	7.213768308118642	0.0	0.0	9336	23.470767974853516	23.470767974853516	163	19.229030227661134	19.229030227661134	-0.18072428442635374	0.0	True	False	-0.24470695811864385	0.8439872103765034	0.0	0.0	False	False
55	2955	890	2065	2.1346968415159043e-08	7.522265060579853e-08	-0.0812734845779426	0.0028607704794201315	0.003449502787164843	0.3011844331641286	-0.2695236750912393	0.8295934018716385	7.1236513674944435	6.792344427470809	0.0	0.0	6037	27.88398551940918	27.88398551940918	193	22.352336883544922	22.352336883544922	-0.19838084595237823	0.0	True	False	-0.2703768407886642	0.829102950754405	0.0	0.0	False	False
56	3588	1054	2534	3.876898801991048e-13	2.531386864829448e-12	-0.0967094349013673	0.003387923691358223	0.0042329491828938075	0.29375696767001114	-0.320862200132523	0.8005912759522006	11.596641477749088	6.961296045910167	0.0	0.0	7328	31.05438804626465	31.05438804626465	50	26.841238975524902	26.841238975524902	-0.13567000787338077	0.0	True	False	-0.32208709385510303	0.7999118371093303	0.0	0.0	False	False
57	2033	560	1473	1.0325074129013957e-13	6.842287930271935e-13	-0.135758155066663	0.001800035357837386	0.0024605896394643166	0.2754549926217413	-0.450180913655311	0.7319510557088157	12.164798654223274	6.329720905522696	0.0	0.0	3830	35.0870880126953	35.0870880126953	90	22.651399612426758	22.651399612426758	-0.3544234960669585	0.0	True	False	-0.45113704143930455	0.7314661251672463	0.0	0.0	False	False
58	3524	943	2581	0.0	0.0	-0.1530197470369615	0.003031130968644027	0.004311460868606518	0.26759364358683313	-0.5078353064976522	0.7032768792381927	300.0	6.8501261661455	0.0	0.0	6497	31.789283752441406	31.789283752441406	104	20.664450645446777	20.664450645446777	-0.34995545019601915	0.0	True	False	-0.5096903541927063	0.7023731721293872	0.0	0.0	False	False
59	3660	1499	2161	0.0	0.0	0.1254034307344136	0.004818308931068289	0.00360986708138655	0.4095628415300546	0.4167285546360997	1.3348971166528656	300.0	7.313220387090301	3.047627761647399	152.38138808236994	10439	27.246828079223633	27.246828079223633	54	14.4839373588562	14.4839373588562	-0.46841748636786995	0.0	True	False	0.41847822536372803	1.3365170343887955	0.0	0.0	False	False
60	1339	537	802	3.812895776889036e-09	1.4850225657357296e-08	0.110056482184946	0.001726105334211922	0.0013397100413105104	0.4010455563853622	0.3660432311304209	1.2888132498864349	7.828266946952797	6.2878585601617845	2.3016280642526956	18.017758899568324	3726	22.179597854614258	22.179597854614258	33	23.058265686035156	23.058265686035156	0.03810641456668827	0.03810641456668827	True	False	0.3666004214717553	1.2893111049184016	0.08784030031597721	0.08770679319473745	True	True
61	1610	525	1085	0.1014031197223861	0.1308807708044751	-0.0310138700088777	0.0016875331479725495	0.0018124506169849173	0.32608695652173914	-0.10231718798970313	0.9315356012713809	0.8831241559470155	6.26530121273771	0.0	0.0	3645	26.300621032714844	26.300621032714844	30	20.849349403381346	20.849349403381346	-0.2072677912264035	0.0	True	False	-0.10249883714511121	0.9314183193801245	0.0	0.0	False	False
62	940	407	533	5.551115123125783e-15	4.5642502123478655e-14	0.1671237649681867	0.001308239983285386	0.0008903559252101023	0.4329787234042553	0.5555916569572776	1.469771270761489	13.340630555563333	6.0112671744041615	3.3398098898401005	44.55516986617346	2810	23.114925384521484	23.114925384521484	39	19.612256622314455	19.612256622314455	-0.15153277390860764	0.0	True	False	0.5561940840560773	1.4703851322554118	0.0	0.0	False	False
63	3359	893	2466	0.0	0.0	-0.1568850486015695	0.0028704135259799745	0.004119357807820098	0.26585293242036323	-0.520645784289739	0.6970597429674904	300.0	6.795705775173514	0.0	0.0	6244	30.3482723236084	30.3482723236084	7	51.27289962768555	51.27289962768555	0.40810306138369035	0.40810306138369035	True	False	-0.5224550649467243	0.6961861098121686	0.0	0.0	False	False
64	3901	1285	2616	0.0428542113547567	0.0617768501347792	-0.0244780472154577	0.004130438276466145	0.004369927017541515	0.32940271725198667	-0.08102878011779602	0.9453832572467438	1.2091742391870188	7.1592919047975645	0.0	0.0	8876	25.764270782470703	25.764270782470703	119	20.974838256835938	20.974838256835938	-0.18589435602785867	0.0	True	False	-0.0813768820898213	0.945155177113609	0.0	0.0	False	False
65	989	394	595	1.4072297567224723e-06	4.193355785132736e-06	0.1052358208666835	0.0012664534481927323	0.0009939245318949547	0.39838220424671383	0.3502036608126069	1.2747405658152702	5.377438288332236	5.978885764901122	2.0938276824487563	11.259429148769893	2748	30.82489013671875	30.82489013671875	10	46.18418846130371	46.18418846130371	0.3325661624963712	0.3325661624963712	True	False	0.35059616637781943	1.2750874241747525	0.6971166855711071	0.6963362372806534	True	True
66	920	284	636	0.0104583014025205	0.01739133266936	-0.065882210831243	0.0009128750743318172	0.0010624134492188088	0.30869565217391304	-0.21745199293151352	0.8600831263943705	1.7596671374467672	5.652489180268651	0.0	0.0	1980	35.4558219909668	35.4558219909668	8	30.883890533447264	30.883890533447264	-0.12894727017425628	0.0	True	False	-0.21766905900216038	0.8599537291100151	0.0	0.0	False	False
67	5832	2116	3716	2.4517940360846424e-05	6.441399716104031e-05	0.0396965228109191	0.006801562173542695	0.006207434555498575	0.3628257887517147	0.13201574930329318	1.0958237290354687	4.191019750197906	7.6577552711348655	1.0109443001001124	4.236887528069571	14566	25.307329177856445	25.307329177856445	246	19.94400978088379	19.94400978088379	-0.2119275155145761	0.0	True	False	0.1328773840672408	1.096478393955136	0.0	0.0	False	False
68	1654	484	1170	4.776041300225131e-07	1.4726127342360822e-06	-0.0990839353319363	0.0015557448449880266	0.001954439835827054	0.2926239419588875	-0.32827649503366985	0.7964874334441158	5.83191144833538	6.184148890937483	0.0	0.0	3271	24.62967872619629	24.62967872619629	117	20.4287899017334	20.4287899017334	-0.17056206340177701	0.0	True	False	-0.32885381655441037	0.7961687678003763	0.0	0.0	False	False
69	3101	924	2177	6.566567289922887e-10	2.879805831709933e-09	-0.0879298930514304	0.002970058340431687	0.003636594463756834	0.2979683972911964	-0.29164762541876854	0.8169685092161857	8.54063679316427	6.829793737512425	0.0	0.0	6409	25.944690704345703	25.944690704345703	59	20.863344192504883	20.863344192504883	-0.19585303867159615	0.0	True	False	-0.2926135370355851	0.8164217164117197	0.0	0.0	False	False
70	3145	1186	1959	1.3517457531087018e-07	4.413052311619586e-07	0.0663068178029386	0.0038122177399913214	0.003272433878961708	0.37710651828298886	0.22050639625500068	1.1651424880287955	6.355260924464642	7.079184394609668	1.5610054392800166	9.920596871133053	8212	23.38556671142578	23.38556671142578	90	20.178064346313477	20.178064346313477	-0.13715735028756754	0.0	True	False	0.22128678954832104	1.1657729160308041	0.0	0.0	False	False
71	6341	2243	4098	0.0137438995123069	0.022271136436001	0.0225138842871658	0.007209784477909388	0.006845550809589117	0.35372969563160384	0.07493505478078877	1.0533136182943719	1.652257621524927	7.716015266642587	0.5782000266952647	0.9553354008731674	15572	30.039523315429683	30.039523315429683	129	21.67901039123535	21.67901039123535	-0.27831709699268053	0.0	True	False	0.07546312970443392	1.0536992370872447	0.0	0.0	False	False
72	982	279	703	6.188256822747817e-06	1.761273095705148e-05	-0.1170945569760008	0.000896803330065412	0.001174334362894375	0.28411405295315684	-0.38742227173007926	0.7644943414038509	4.754173298909394	5.634789603169249	0.0	0.0	1945	33.490875244140625	33.490875244140625	8	52.1094856262207	52.1094856262207	0.3572979114710638	0.3572979114710638	True	False	-0.38782419378394906	0.7642813897195481	0.0	0.0	False	False
73	955	358	597	0.0066875270397617	0.0113330610902832	0.0621652602842776	0.0011507368894746147	0.0009972654546912402	0.374869109947644	0.20731427449705642	1.1545368926889634	1.9456527701839812	5.883322388488279	1.2196967126017366	2.373106287657864	2502	32.7926139831543	32.7926139831543	4	47.46223831176758	47.46223831176758	0.30907990963789334	0.30907990963789334	True	False	0.2075348098819223	1.1547133927062976	0.3773847749548743	0.37698374971658033	True	True
74	1198	380	818	0.0285849601136471	0.0428774401704707	-0.0487131422846141	0.0012214525642467978	0.001366437423680795	0.31719532554257096	-0.16080609430734505	0.8945251225171059	1.367771150391405	5.942799375126701	0.0	0.0	2657	32.845353698730484	32.845353698730484	3	66.85959930419922	66.85959930419922	0.5087413918038904	0.5087413918038904	True	False	-0.16101664911402302	0.8943945801533997	0.0	0.0	False	False
75	2873	934	1939	0.0200858615045238	0.0308585553910331	-0.0329743680790843	0.0030022018289644977	0.0032390246509988526	0.3250957187608771	-0.1091383381229889	0.927141639785028	1.510624408810388	6.840546529288687	0.0	0.0	6504	32.35531234741211	32.35531234741211	34	23.48183250427246	23.48183250427246	-0.2742510950863802	0.0	True	False	-0.10948218751597594	0.926920692811989	0.0	0.0	False	False
76	2306	853	1453	0.0003614600884778	0.0007715782657891	0.0529399816389985	0.0027418395718487327	0.0024271804115014606	0.3699045967042498	0.17621185555476337	1.12991312683182	3.112620014284767	6.74993119378857	1.189417900524463	3.702205962521011	5892	26.25693702697754	26.25693702697754	79	22.472301483154297	22.472301483154297	-0.14413850099631728	0.0	True	False	0.1766658719447669	1.130268766653986	0.0	0.0	False	False
77	4181	1591	2590	2.1920909532013863e-11	1.1726366062908622e-10	0.0726269803347216	0.005114029025570145	0.004326495021189803	0.3805309734513274	0.2414364420491033	1.1821691209640903	9.930836552533979	7.3727463664043285	1.7800496508351156	17.677382137838713	11135	27.439172744750977	27.439172744750977	2	48.69780731201172	48.69780731201172	0.43654192541061543	0.43654192541061543	True	False	0.24257688161232505	1.1831039862032162	0.780736821341516	0.7770663019020551	True	True
78	1695	538	1157	0.0097904639230634	0.016341977375339	-0.0482945185156418	0.0017293196830652031	0.0019327238376511977	0.31740412979351035	-0.15971407494012801	0.8952024718689806	1.7866953950960627	6.289715570908998	0.0	0.0	3749	29.74445152282715	29.74445152282715	17	30.56858901977539	30.56858901977539	0.0269602727301248	0.0269602727301248	True	False	-0.1600091787668081	0.8950193765850607	0.0	0.0	False	False
79	4162	1532	2630	7.505384806316684e-06	2.109108135445954e-05	0.0495595815762323	0.004924382443226564	0.004393313477115514	0.3680922633349351	0.16482989250661717	1.1210338896571226	4.675901153108521	7.334981878871814	1.209024274632426	5.653277999889954	10631	24.479084014892578	24.479084014892578	93	20.79110336303711	20.79110336303711	-0.15065844169707396	0.0	True	False	0.16559852943302023	1.1216313115645897	0.0	0.0	False	False
80	2741	992	1749	0.0057944133392788	0.0099717810955031	0.0379784274449783	0.0031886340624547984	0.002921636985351724	0.3619117110543597	0.126476211453733	1.0916241459405507	2.0012272638684805	6.900730664045173	0.8727782706510366	1.7466276705388382	6895	28.960573196411133	28.960573196411133	49	22.257043838500977	22.257043838500977	-0.23147087982156633	0.0	True	False	0.12686146968131595	1.091915692892375	0.0	0.0	False	False
81	2413	905	1508	1.4326782338036637e-05	3.950988421172836e-05	0.0625038024409266	0.002908985712219347	0.002519055788399314	0.3750518027351844	0.20795171846672922	1.1550471288585318	4.403294243066747	6.80903930604298	1.415951424799143	6.234850757280224	6237	25.55560302734375	25.55560302734375	98	19.811243057250977	19.811243057250977	-0.22477888563014833	0.0	True	False	0.20851468196898892	1.1554979353311727	0.0	0.0	False	False
82	2043	610	1433	7.716197987228668e-07	2.3465697988558413e-06	-0.0866597906168818	0.001960752800501438	0.002393771183538605	0.29858051884483605	-0.2871988355898569	0.8194916556058744	5.6295665231446055	6.415096959171596	0.0	0.0	4182	31.572925567626953	31.572925567626953	88	27.749686622619627	27.749686622619627	-0.1210923243973138	0.0	True	False	-0.2878260275482081	0.8191354702337937	0.0	0.0	False	False
83	959	284	675	0.0003596263316514	0.0007713724215132	-0.0917288680138147	0.0009128750743318172	0.0011275614437463771	0.2961418143899896	-0.3032472483558397	0.8104262175425861	3.112735892302672	5.652489180268651	0.0	0.0	1960	35.252105712890625	35.252105712890625	28	39.58543853759765	39.58543853759765	0.10946784941112359	0.10946784941112359	True	False	-0.30355840606572393	0.8102514452124138	0.0	0.0	False	False
84	1967	733	1234	0.0002889744937055	0.0006258764644159	0.0580453797134322	0.0023561177094550073	0.0020613493653081918	0.3726487036095577	0.19322190319387111	1.1433141768426556	3.2035113794364527	6.598509028614515	1.2749764727508384	4.084401638971061	5043	32.55201721191406	32.55201721191406	88	30.033095169067384	30.033095169067384	-0.07738144233730472	0.0	True	False	0.1936469887274228	1.1436511003852263	0.0	0.0	False	False
85	2992	1063	1929	0.0555521007208787	0.0778079896532182	0.0254576016488822	0.0034168528310377527	0.0032223200370174246	0.3552807486631016	0.08487285808268119	1.0605942691325154	1.1089758055276784	6.96979066990159	0.5915460543925531	0.6560102621767014	7292	27.112180709838867	27.112180709838867	149	22.36537742614746	22.36537742614746	-0.1750800990334509	0.0	True	False	0.08515332659836794	1.0608004750236921	0.0	0.0	False	False
86	1878	619	1259	0.1672693343900664	0.2045938966093374	-0.0240785163181011	0.001989681940180968	0.0021031109002617615	0.32960596379126733	-0.07939506593037748	0.9464544197708252	0.689107326187995	6.429719478039138	0.0	0.0	4302	28.32101821899414	28.32101821899414	31	18.089458465576172	18.089458465576172	-0.3612709004422708	0.0	True	False	-0.0795601606557863	0.9463461185096704	0.0	0.0	False	False
87	2729	1184	1545	0.0	0.0	0.1686797833954199	0.003805789042284759	0.0025808628601305967	0.4338585562477098	0.5604844130452697	1.4747643150976777	300.0	7.077498053569231	3.9668273423837896	198.34136711918947	8286	31.50069808959961	31.50069808959961	2	41.56032028198242	41.56032028198242	0.24204871675986442	0.24204871675986442	True	False	0.5622561500865171	1.4765765481487994	0.9632006293555964	0.9601654678319396	True	True
88	842	281	561	0.5366429932492491	0.5755005476745936	-0.0159999765810234	0.0009032320277719741	0.0009371288443581001	0.333729216152019	-0.05187123165710794	0.9646842840366383	0.23995425873802834	5.641907070938114	0.0	0.0	1960	26.87489128112793	26.87489128112793	7	25.797590255737305	25.797590255737305	-0.04008578171057111	0.0	True	False	-0.05192129411104496	0.964650809446895	0.0	0.0	False	False
89	3554	1170	2384	0.049708144802979	0.0709463930189808	-0.0248638245525615	0.0037607881583388244	0.00398237997317239	0.32920652785593696	-0.0822819796190819	0.9445624050411909	1.1490696795831563	7.065613363597717	0.0	0.0	8073	21.454849243164062	21.454849243164062	119	10.720242691040042	10.720242691040042	-0.5003347462599523	0.0	True	False	-0.08260402916074927	0.9443515760502773	0.0	0.0	False	False
90	1269	459	810	0.0634661902381541	0.0875123865395665	0.0375842314283082	0.0014753861236560003	0.0013530737324956527	0.3617021276595745	0.1255325444347548	1.0909103479140005	1.057930472405527	6.131226489483141	0.7696684617305881	0.8142557193142763	3210	27.942148208618164	27.942148208618164	3	27.475090408325194	27.475090408325194	-0.01671517153247781	0.0	True	False	0.1257081383514862	1.0910431333421635	0.0	0.0	False	False
91	2164	764	1400	0.1762545079688793	0.2144027439402258	0.0212218876669968	0.0024557625239067194	0.0023386459573998936	0.35304990757855825	0.07092629194956146	1.0503908776159858	0.6687696608147474	6.639875833826536	0.4709417718988187	0.31495156905626914	5334	27.20111083984375	27.20111083984375	14	24.273591804504395	24.273591804504395	-0.10762498092729257	0.0	True	False	0.07109454489126321	1.0505133856000368	0.0	0.0	False	False
92	3054	905	2149	2.1599810828831768e-10	1.031216775053904e-09	-0.0913312715166755	0.002908985712219347	0.0035898215446088363	0.2963326784544859	-0.3029346953698706	0.8106018115297022	8.986650030823304	6.80903930604298	0.0	0.0	6298	26.953773498535156	26.953773498535156	37	26.07206039428711	26.07206039428711	-0.032712046953127516	0.0	True	False	-0.3039212520828034	0.8100476879847267	0.0	0.0	False	False
93	4728	2011	2717	0.0	0.0	0.1535789969481939	0.006464055543948185	0.004538643618753936	0.4253384094754653	0.5102715713742212	1.4243182825169274	300.0	7.60688453121963	3.8815769230076964	194.07884615038483	13992	22.378032684326172	22.378032684326172	86	19.77912998199463	19.77912998199463	-0.1161363350832821	0.0	True	False	0.513063597298629	1.4270774131691786	0.0	0.0	False	False
94	1862	625	1237	0.4808433161784786	0.5245563449219767	-0.0122331175154148	0.002008968033300654	0.0020663607495026203	0.3356605800214823	-0.04006686702525286	0.9726098671743383	0.28020785546962335	6.439350371100098	0.0	0.0	4369	30.420042037963867	30.420042037963867	6	39.22470951080322	39.22470951080322	0.22446737229282435	0.22446737229282435	True	False	-0.040150952126241535	0.9725531818642984	0.0	0.0	False	False
95	3527	1210	2317	0.8651647787561647	0.8810393618526081	0.0021159012959327	0.003889362112470066	0.0038704590594968234	0.34306776297136377	0.0073136091493051225	1.005082278748644	0.0550046883490028	7.099201743553092	0.05192078682441277	0.0028558866981118355	8370	25.299571990966797	25.299571990966797	100	21.051462173461914	21.051462173461914	-0.1679123195847609	0.0	True	False	0.007339868663200022	1.005100573129311	0.0	0.0	False	False
96	2434	861	1573	0.1273924285066772	0.1602329695664721	0.0225309935998829	0.002767554362674981	0.0026276357792785945	0.35373870172555466	0.0752253915897878	1.0535256149259005	0.7952481185414204	6.759255270663693	0.5084676245910135	0.4043579217952287	6009	26.111520767211914	26.111520767211914	18	23.57999629974365	23.57999629974365	-0.09695047982984902	0.0	True	False	0.07542668050729517	1.0536726160724288	0.0	0.0	False	False
97	1673	545	1128	0.0884496201140812	0.1161882583747102	-0.0316560326009825	0.0017518201250381704	0.001884280457105057	0.32576210400478184	-0.10447544820496724	0.9301430733448961	0.9348377581825569	6.302618975744905	0.0	0.0	3806	30.006315231323242	30.006315231323242	9	27.836408615112305	27.836408615112305	-0.07231499767574918	0.0	True	False	-0.10466801160361072	0.9300189309908647	0.0	0.0	False	False
98	3889	1224	2665	1.4571517068517892e-05	3.993675048408608e-05	-0.05365923078357	0.003934362996416001	0.004451779626050511	0.31473386474672155	-0.17793353952259316	0.8839682517961834	4.398627275074802	7.110696122978827	0.0	0.0	8550	30.648683547973633	30.648683547973633	18	38.915909957885745	38.915909957885745	0.21243821405843497	0.21243821405843497	True	False	-0.17868427459338676	0.883508380989294	0.0	0.0	False	False
99	873	315	558	0.1416786499673363	0.175223734221441	0.0359329196219089	0.0010125198887835298	0.0009321174601636718	0.36082474226804123	0.12036259316249698	1.0870080263902357	0.7564070685829914	5.755742213586912	0.6927760584021713	0.5240207075204657	2202	24.312419891357422	24.312419891357422	3	25.258005142211914	25.258005142211914	0.037437051957607	0.037437051957607	True	False	0.1204775873387689	1.0870946729585764	0.025960272010837906	0.02593549329338827	False	False
100	3535	1089	2446	3.061115194658015e-07	9.639256357646515e-07	-0.0671720081749837	0.00350042590122306	0.004085948579857243	0.3080622347949081	-0.22277321765387015	0.8569166459463359	6.015956469440327	6.993932975223189	0.0	0.0	7600	26.926684188842792	26.926684188842792	23	23.9708251953125	23.9708251953125	-0.10977434030867667	0.0	True	False	-0.22362228164428277	0.8564124763268983	0.0	0.0	False	False
101	1902	672	1230	0.1942956900000143	0.2325263783288581	0.0217207263840072	0.0021600424294048633	0.002054667519715621	0.35331230283911674	0.07264138364909023	1.051640336358294	0.6335277726112535	6.511745329644728	0.4730221907158942	0.299672694879936	4671	28.185697555541992	28.185697555541992	33	24.529638290405273	24.529638290405273	-0.12971327950752984	0.0	True	False	0.07279261233733081	1.051750579008224	0.0	0.0	False	False
102	1564	486	1078	0.001696635170675	0.0032470086887057	-0.061725926818649	0.0015621735426945887	0.0018007573871979179	0.31074168797953966	-0.20423459771608066	0.867999070148633	2.4885165492391383	6.18826412308259	0.0	0.0	3398	33.43246078491211	33.43246078491211	4	62.22741775512695	62.22741775512695	0.46273745575506237	0.46273745575506237	True	False	-0.20458049632056863	0.8677909848160424	0.0	0.0	False	False
103	4352	1387	2965	8.501979252950598e-05	0.0002062775294158	-0.0456916718575432	0.004458301859500811	0.004952918045493346	0.3187040441176471	-0.15150773166227083	0.9003090758196689	3.685548078775457	7.23561914106675	0.0	0.0	9659	27.796695709228516	27.796695709228516	50	24.31634349822998	24.31634349822998	-0.12520740765036534	0.0	True	False	-0.15222580376541117	0.899861076795559	0.0	0.0	False	False
104	3036	969	2067	0.001303394109106	0.0025454154901274	-0.0447601348069981	0.003114704038829334	0.0034528437099611282	0.3191699604743083	-0.14829465728858082	0.9023164187520766	2.594241317318688	6.877296071497429	0.0	0.0	6743	30.78069496154785	30.78069496154785	40	21.808118438720705	21.808118438720705	-0.2915001280522078	0.0	True	False	-0.14878521367653263	0.9020096582623636	0.0	0.0	False	False
105	7363	2177	5186	0.0	0.0	-0.0927175186228359	0.006997637453592839	0.008663012810768462	0.2956675268233057	-0.30780870716290476	0.8078678890164264	300.0	7.686162303492906	0.0	0.0	15180	30.09759521484375	30.09759521484375	59	26.560588836669922	26.560588836669922	-0.11751790642826579	0.0	True	False	-0.31023141782979646	0.8065123789240051	0.0	0.0	False	False
106	6540	1834	4706	0.0	0.0	-0.124996026736569	0.005895115796917439	0.007861191339659927	0.28042813455657495	-0.41498782168617065	0.7500258258571135	300.0	7.51479976048867	0.0	0.0	12709	28.266580200195325	28.266580200195325	129	25.306337356567383	25.306337356567383	-0.10472589264998836	0.0	True	False	-0.41784503257458816	0.7485418938808421	0.0	0.0	False	False
107	3575	1178	2397	0.0546257731238384	0.0767526685664058	-0.0242661788130967	0.0037865029491650727	0.004004095971348246	0.3295104895104895	-0.08029918799206293	0.9458614723906456	1.1149065158700973	7.072421900537371	0.0	0.0	8206	30.337148666381836	30.337148666381836	40	25.766340255737305	25.766340255737305	-0.1506670406276408	0.0	True	False	-0.0806154536098127	0.9456541446686523	0.0	0.0	False	False
108	4043	1245	2798	3.882994059623002e-08	1.3261918172866253e-07	-0.0674217939545733	0.004001864322334903	0.0046739509920035015	0.30793964877566166	-0.22364885749155317	0.856396700520579	6.877393656048674	7.1276936993473985	0.0	0.0	8694	27.436538696289062	27.436538696289062	21	27.94440269470215	27.94440269470215	0.01817408673792729	0.01817408673792729	True	False	-0.22462381540001886	0.8558181522824243	0.0	0.0	False	False
109	6435	2609	3826	0.0	0.0	0.1179856781782833	0.00838623615821025	0.00639118530929428	0.40543900543900546	0.39202787096015346	1.312236605022802	300.0	7.867105500316739	3.084124619908084	154.2062309954042	18130	23.227664947509766	23.227664947509766	133	11.868131637573242	11.868131637573242	-0.4890518842770882	0.0	True	False	0.3949264212243637	1.31487569862351	0.0	0.0	False	False
110	1726	609	1117	0.2362892045484639	0.2753606478202571	0.0208206842868773	0.0019575384516481572	0.0018659053817254865	0.35283893395133253	0.06970316321279313	1.0495007249722932	0.5600981252833948	6.413458957167357	0.44703837644998634	0.25038535657936983	4238	25.5276165008545	25.5276165008545	25	25.298947906494142	25.298947906494142	-0.008957694673637192	0.0	True	False	0.06983449902622141	1.0495962706709279	0.0	0.0	False	False
111	3357	1233	2124	9.815032836835158e-05	0.000235560788084	0.0480651289557346	0.00396329213609553	0.003548060009655267	0.3672922252010724	0.15991424065009952	1.1172207241953687	3.627897001389387	7.1180162044653335	1.1382721562721774	4.129534142504864	8573	30.926335906982427	30.926335906982427	58	20.950881958007812	20.950881958007812	-0.32255531269458904	0.0	True	False	0.16051443370671326	1.1176856094296905	0.0	0.0	False	False
112	1969	660	1309	0.4364981370809286	0.4821024200595331	-0.0131391462392741	0.0021214702431654906	0.0021866339701689004	0.33519553072625696	-0.04310572444050642	0.9705633417602904	0.3168606884384551	6.493753839851686	0.0	0.0	4580	33.400386810302734	33.400386810302734	40	24.90858268737793	24.90858268737793	-0.2542426880010087	0.0	True	False	-0.04320105473572866	0.9704992110670759	0.0	0.0	False	False
113	5177	1936	3241	7.779141775188232e-10	3.2967714907223514e-09	0.0604828867095419	0.006222979379952106	0.005413965391380753	0.3739617539115318	0.20106979711094652	1.149550461562126	8.48191115408754	7.5688956634069955	1.5218763153951675	12.908419694691917	13336	29.747900009155273	29.747900009155273	216	20.043725967407227	20.043725967407227	-0.32621375084498305	0.0	True	False	0.20224266684293823	1.1504853931351318	0.0	0.0	False	False
114	1376	446	930	0.0894193919141641	0.1171156637459849	-0.0348915250719997	0.0014335995885633467	0.0015535291002727863	0.3241279069767442	-0.11506610627466607	0.9233400010489381	0.9313850159138748	6.102558594613569	0.0	0.0	3115	24.05454444885254	24.05454444885254	7	26.053279876708984	26.053279876708984	0.07671722859137085	0.07671722859137085	True	False	-0.11524050192421775	0.9232283927447027	0.0	0.0	False	False
115	2340	1050	1290	0.0	0.0	0.1948561535400527	0.003375066295945099	0.0021548952036041873	0.44871794871794873	0.6474258892423386	1.5663709231173395	300.0	6.957497370876951	4.504463922241243	225.22319611206214	7297	20.95262908935547	20.95262908935547	53	18.776625442504884	18.776625442504884	-0.10385348958217644	0.0	True	False	0.649189986105652	1.5682874197103138	0.0	0.0	False	False
116	1778	629	1149	0.1916282307864723	0.2299538769437667	0.0225871815265829	0.002021825428713778	0.0019193601464660554	0.35376827896512936	0.07555168566409876	1.0537639175695264	0.6383592639716968	6.4457198193855785	0.48698499767307063	0.3108713846798399	4298	34.093894958496094	34.093894958496094	105	26.365595245361327	26.365595245361327	-0.22667693798384567	0.0	True	False	0.07569868764091581	1.0538712952666998	0.0	0.0	False	False
117	1180	408	772	0.734068117404534	0.7650850801117679	0.0072994275239324	0.001311454332138667	0.001289596199366227	0.34576271186440677	0.025081014017208858	1.0175368299103376	0.11629026710976778	6.013715156042802	0.15083007412421087	0.017540069608090555	2799	22.539419174194336	22.539419174194336	57	18.5890625	18.5890625	-0.17526435103159838	0.0	True	False	0.025111474535052025	1.017558314025201	0.0	0.0	False	False
118	3390	1275	2115	1.0737295275120573e-07	3.557730673248907e-07	0.0644563778283348	0.004098294787933335	0.003533025857071982	0.37610619469026546	0.2143440819093838	1.1601763228746333	6.448826931898251	7.151485463904735	1.5328785860489642	9.885268709042672	8824	25.488489151000977	25.488489151000977	101	23.155765533447266	23.155765533447266	-0.09152067051656143	0.0	True	False	0.21516159729779005	1.1608339329364354	0.0	0.0	False	False
119	1722	564	1158	0.1229882938100102	0.1551329615103537	-0.0281728906383934	0.0018128927532505103	0.0019343942990493405	0.32752613240418116	-0.09293268942855804	0.9376148409191771	0.8092959166855509	6.336825731146441	0.0	0.0	3885	31.41400718688965	31.41400718688965	63	25.89073371887207	25.89073371887207	-0.1758219967022439	0.0	True	False	-0.0931094237069594	0.9374999874483103	0.0	0.0	False	False
120	2071	762	1309	0.0017074455464523	0.0032536730584756	0.0492718895583695	0.0024493338262001575	0.0021866339701689004	0.36793819410912604	0.16407305165027708	1.1204459471494648	2.487626088778849	6.637258031284457	1.088995179783151	2.7090128197829793	5296	28.91258430480957	28.91258430480957	38	23.053299140930175	23.053299140930175	-0.20265518647894476	0.0	True	False	0.164451811248707	1.1207401433290807	0.0	0.0	False	False
121	1267	513	754	9.108600540486124e-10	3.760558543463216e-09	0.1170025840115994	0.001648960961733177	0.001259527894199657	0.4048934490923441	0.3891232444547743	1.3095972926789987	8.424747645942327	6.2422232654551655	2.42899416966499	20.46366291289276	3497	23.673479080200195	23.673479080200195	94	19.367924690246582	19.367924690246582	-0.18187248166471032	0.0	True	False	0.389684779861744	1.3101071221039398	0.0	0.0	False	False
122	674	254	420	0.0155486444710213	0.0246557076611909	0.065840990992	0.0008164446087333858	0.0007015937872199681	0.3768545994065282	0.21983972448381373	1.1646041981345272	1.6080825279558115	5.541263545158426	1.2181898510598292	1.9589498152224036	1721	22.228681564331055	22.228681564331055	57	21.160485076904298	21.160485076904298	-0.04805487380505841	0.0	True	False	0.22000443032900385	1.1647371632194439	0.0	0.0	False	False
123	1479	510	969	0.7745823288446179	0.7967778221840051	0.005502963816861	0.0016393179151733338	0.0016186770948003549	0.3448275862068966	0.018949931434272926	1.0132217358049103	0.09866276273339415	6.236369590203704	0.11817877613314495	0.011659844549747384	3518	26.149341583251953	26.149341583251953	52	23.622312545776367	23.622312545776367	-0.09663834285961867	0.0	True	False	0.018978642899920573	1.0132419004063773	0.0	0.0	False	False
124	2526	790	1736	0.0001838465380017	0.0004101902656923	-0.0576660647804454	0.0025393355940920266	0.002899920987175868	0.31274742676167855	-0.19106517436045856	0.8759587423655106	3.387014650175067	6.673297967767654	0.0	0.0	5487	31.0076847076416	31.0076847076416	43	22.345350646972655	22.345350646972655	-0.2793608791608418	0.0	True	False	-0.19158792384988566	0.8756414029258986	0.0	0.0	False	False
125	1268	393	875	0.0037695763069258	0.0066947675211003	-0.0633589378769911	0.0012632390993394514	0.0014616537233749333	0.3099369085173502	-0.20946367426280865	0.8648586850811102	2.1742644994669527	5.976350909297934	0.0	0.0	2737	36.414817810058594	36.414817810058594	14	48.585723876953125	48.585723876953125	0.25050375080791704	0.25050375080791704	True	False	-0.20975143143960828	0.8646861992343777	0.0	0.0	False	False
126	5673	1696	3977	2.220446049250313e-16	2.05391259555654e-15	-0.0858731782958517	0.005451535655164655	0.00664342498041384	0.2989599858981139	-0.28502063184417015	0.8207298715469631	14.68741804178799	7.436617265234227	0.0	0.0	11827	26.856243133544922	26.856243133544922	45	22.977820587158202	22.977820587158202	-0.14441418805679326	0.0	True	False	-0.2867517453094015	0.8197456549065767	0.0	0.0	False	False
127	2036	761	1275	0.0001299092713118	0.0002988586345205	0.0601310367701157	0.0024461194773468765	0.0021298382826320456	0.3737721021611002	0.20013291154808321	1.1488041863094813	3.5245341921627884	6.635946555686647	1.3280713050670432	4.6808327243390515	5223	21.211246490478516	21.211246490478516	104	18.287845611572266	18.287845611572266	-0.13782315340206577	0.0	True	False	0.20058913846403392	1.1491675328629556	0.0	0.0	False	False
128	2569	822	1747	0.0043049485182307	0.0075849092940255	-0.043164522673314	0.00264219475739702	0.0029182960625554386	0.31996885947839626	-0.14292500297693245	0.9056810626959202	2.120049608461924	6.71295620067707	0.0	0.0	5727	27.152725219726562	27.152725219726562	27	24.109894943237304	24.109894943237304	-0.11206353144540461	0.0	True	False	-0.14332555979972916	0.9054296399338128	0.0	0.0	False	False
129	4226	1503	2723	0.0191993161684027	0.0298059313943035	0.0261679040163597	0.004831166326481413	0.0045486663871427925	0.35565546616185517	0.08714286939682214	1.0622643768177327	1.525697302518067	7.315883504509785	0.6375270807558617	0.9726733473914361	10449	29.698551177978516	29.698551177978516	72	24.299983978271484	24.299983978271484	-0.18177880689715498	0.0	True	False	0.08755123166788437	1.062565098785956	0.0	0.0	False	False
130	3986	1049	2937	0.0	0.0	-0.1628718935596896	0.0033718519470918177	0.004906145126345348	0.26317109884596085	-0.5406068163843072	0.6874816844692581	300.0	6.956545443151569	0.0	0.0	7337	31.506912231445312	31.506912231445312	6	51.12867546081543	51.12867546081543	0.38377217975083405	0.38377217975083405	True	False	-0.5428306493889812	0.6864227865676232	0.0	0.0	False	False
131	1142	466	676	9.213303453492471e-10	3.760558543463216e-09	0.1226957855179404	0.0014978865656289676	0.00112923190514452	0.4080560420315236	0.4080670155384851	1.3269067761502877	8.424747645942327	6.1463292576688975	2.5081142366938196	21.130229511340694	3227	32.239036560058594	32.239036560058594	35	29.70458106994629	29.70458106994629	-0.0786144922597432	0.0	True	False	0.4085984555445119	1.3273956537174088	0.0	0.0	False	False
132	5082	1694	3388	0.1108822683576278	0.1414704803183527	-0.0167734308945663	0.005445106957458093	0.005659523216907742	0.3333333333333333	-0.05550726596698308	0.9622560447894591	0.8493341719581327	7.43543801981455	0.0	0.0	11748	24.66561508178711	24.66561508178711	110	21.702227973937987	21.702227973937987	-0.12014243707375713	0.0	True	False	-0.055819449884008776	0.9620478453063432	0.0	0.0	False	False
133	7121	2147	4974	0.0	0.0	-0.0806171717282669	0.006901206987994407	0.008308874994362192	0.30150259794972617	-0.26761352386617077	0.830692524223389	300.0	7.672292455628756	0.0	0.0	15008	30.641273498535156	30.641273498535156	21	32.942481994628906	32.942481994628906	0.06985534655430485	0.06985534655430485	True	False	-0.2696610425013448	0.8295144152052655	0.0	0.0	False	False
134	2414	658	1756	0.0	0.0	-0.1420420531864288	0.0021150415454589287	0.0029333302151387233	0.27257663628831813	-0.47116836230259374	0.7213801535588602	300.0	6.490723534502507	0.0	0.0	4597	31.124279022216797	31.124279022216797	9	51.484352111816406	51.484352111816406	0.3954613830116875	0.3954613830116875	True	False	-0.4723530058680101	0.7207880481117833	0.0	0.0	False	False
135	4441	1727	2714	0.0	0.0	0.0879390590131187	0.005551180469616368	0.004533632234559507	0.38887637919387524	0.29227909540959907	1.2245732683245434	300.0	7.454719949364001	2.178858803332002	108.94294016660011	12046	29.546276092529297	29.546276092529297	43	30.818074798583986	30.818074798583986	0.04126794792882795	0.04126794792882795	True	False	0.29375342602405397	1.2258253338200091	0.09037059617691269	0.08991703164017345	True	True
136	950	328	622	0.7913724140327256	0.8114765631190073	0.0063400237907729	0.0010543064238761834	0.0010390269896448099	0.3452631578947368	0.022099402030148596	1.0154360622445098	0.0907240188507788	5.796057750765372	0.12808941042412275	0.011620786085903254	2286	30.22254753112793	30.22254753112793	10	46.341989517211914	46.341989517211914	0.3478366413271284	0.3478366413271284	True	False	0.022120353818708693	1.0154508091976473	0.044596430819798624	0.04455419031149893	False	False
137	4185	1594	2591	1.3887557770431158e-11	7.519604451306627e-11	0.0732774688436602	0.005123672072129988	0.0043281654825879454	0.380884109916368	0.24359657253082467	1.1839404948180288	10.123805003707947	7.374629015218945	1.7964343517937058	18.18675107952196	11096	29.606996536254883	29.606996536254883	62	23.801712036132812	23.801712036132812	-0.19607812947231174	0.0	True	False	0.24474857518824678	1.1848862576062218	0.0	0.0	False	False
138	4933	1670	3263	0.5307258905041004	0.5719473188927684	-0.006644037870878	0.0053679625849793475	0.005450715542139895	0.3385363875937563	-0.02186018796580047	0.9849618912399333	0.24264397150036265	7.421177528595393	0.0	0.0	11654	27.695646286010742	27.695646286010742	36	24.01292324066162	24.01292324066162	-0.1329711900317448	0.0	True	False	-0.02198134415311337	0.9848791785297896	0.0	0.0	False	False
139	1969	626	1343	0.0064063436297532	0.0109400637369632	-0.0472451146886285	0.002012182382153935	0.002243429657705755	0.3179278821736922	-0.15633003802804346	0.8973047553276707	1.960980147789537	6.440946540632921	0.0	0.0	4370	33.35064697265625	33.35064697265625	12	33.97848129272461	33.97848129272461	0.018477409707030955	0.018477409707030955	True	False	-0.15666548436167638	0.8970961439500202	0.0	0.0	False	False
140	2907	898	2009	5.960850608000001e-06	1.7074952709367746e-05	-0.0654470353113906	0.00288648527024638	0.003355956948868847	0.3089095287237702	-0.21696629988553973	0.8603727279431321	4.767640490462774	6.80128303447162	0.0	0.0	6230	32.19355392456055	32.19355392456055	56	22.804643630981445	22.804643630981445	-0.29163944793359015	0.0	True	False	-0.21764684132933532	0.8599669726002719	0.0	0.0	False	False
141	1153	459	694	2.207140048504641e-07	7.050145190906911e-07	0.1047097798520134	0.0014753861236560003	0.00115930021031109	0.39809193408499566	0.34837003597090366	1.2731214355425446	6.151801939042587	6.131226489483141	2.1359355926869994	13.13985272076196	3179	23.627830505371094	23.627830505371094	34	20.178064346313477	20.178064346313477	-0.1460043552569676	0.0	True	False	0.34882553737037014	1.2735234610128665	0.0	0.0	False	False
142	3234	980	2254	2.1155967644403972e-08	7.514599707292291e-08	-0.0774712712480556	0.0031500618762154257	0.0037652199914138284	0.30303030303030304	-0.25693810578211007	0.8368621448078125	7.124094148748965	6.8885724595653635	0.0	0.0	6852	31.80916976928711	31.80916976928711	8	44.43409118652344	44.43409118652344	0.2841269187714451	0.2841269187714451	True	False	-0.2578297870767656	0.8363450682655774	0.0	0.0	False	False
143	1904	755	1149	9.994072236452212e-11	4.930408969983091e-10	0.101883487710387	0.00242683338422719	0.0019193601464660554	0.39653361344537813	0.3387770631099105	1.2646840980520677	9.307117055156779	6.628041376179533	2.2454283915930717	20.898464879529133	5278	32.629295349121094	32.629295349121094	7	48.94008178710938	48.94008178710938	0.3332807351843143	0.3332807351843143	True	False	0.3395096697000852	1.2653264730257183	0.7499763520146245	0.7483580251538714	True	True
144	2022	820	1202	5.10702591327572e-15	4.2783386896121134e-14	0.118165949486451	0.002635766059690458	0.0020078946005676226	0.4055390702274975	0.39281821351957014	1.3129556763011696	13.368724837995599	6.710523109452428	2.6360156996368933	35.24016855708208	5542	22.684852600097656	22.684852600097656	198	16.257030487060547	16.257030487060547	-0.28335304735501954	0.0	True	False	0.39372503127993497	1.3137812047425943	0.0	0.0	False	False
145	341	146	195	9.114564799350688e-06	2.529291731819816e-05	0.1585748091919532	0.0004692949325790328	0.0003257399726378423	0.4281524926686217	0.5280119257781593	1.4419407909542479	4.597001075672388	4.990432586778736	2.6350079206111214	12.113134245454587	1013	17.602184295654297	17.602184295654297	9	14.380569458007812	14.380569458007812	-0.18302358295622723	0.0	True	False	0.5282179997942844	1.4421467719443697	0.0	0.0	False	False
146	2005	612	1393	3.116534575120511e-05	8.045007856706436e-05	-0.0729431295087176	0.0019671814982080006	0.002326952727612894	0.3052369077306733	-0.24165138455061275	0.8457766376892603	4.094473527435357	6.418364935936212	0.0	0.0	4267	29.270092010498047	29.270092010498047	17	34.68134689331055	34.68134689331055	0.15602781805040683	0.15602781805040683	True	False	-0.24217265697447488	0.8454710981358455	0.0	0.0	False	False
147	1735	714	1021	1.5543122344752197e-15	1.327143523282687e-14	0.1289290344587337	0.0022950450812426674	0.0017055410875037795	0.41152737752161384	0.4285965810258521	1.3459236577357883	13.877082108032944	6.5722825426940075	2.8168578273345455	39.08976735657677	4980	23.595592498779297	23.595592498779297	18	23.322803497314453	23.322803497314453	-0.011561015112417979	0.0	True	False	0.42944764319389606	1.346717867600976	0.0	0.0	False	False
148	3223	1030	2193	0.0011347193168065	0.0022292715781508	-0.0439448422028403	0.003310779318879478	0.0036633218461271187	0.3195780328886131	-0.14561033281671243	0.9039968603570977	2.6518370209285718	6.93828448401696	0.0	0.0	7181	31.255624771118164	31.255624771118164	29	23.697039794921874	23.697039794921874	-0.2418311913950547	0.0	True	False	-0.14612184088706215	0.9036764047418216	0.0	0.0	False	False
149	2758	768	1990	2.220446049250313e-16	2.05391259555654e-15	-0.1292352916085607	0.002468619919319844	0.0033242181823041343	0.27846265409717186	-0.4287338377373153	0.7429135075202785	14.68741804178799	6.645090969505644	0.0	0.0	5334	30.876296997070312	30.876296997070312	42	21.543979454040528	21.543979454040528	-0.3022486000803554	0.0	True	False	-0.4299729062120292	0.7422757251089375	0.0	0.0	False	False
150	3692	1057	2635	0.0	0.0	-0.1124490674716063	0.0033975667379180664	0.004401665784106228	0.2862946912242687	-0.3731391600589573	0.7721006539041163	300.0	6.964135612418245	0.0	0.0	7287	31.852258682250977	31.852258682250977	112	21.286779403686523	21.286779403686523	-0.3317026708831751	0.0	True	False	-0.3745945562852455	0.7713221485831229	0.0	0.0	False	False
151	6778	2369	4409	0.1032996595371107	0.1321759332405682	0.0144815266658139	0.007614792433422799	0.007365064304411521	0.34951313071702567	0.0482474539907205	1.0340080762091315	0.878847614535121	7.7706452341291765	0.374913848411859	0.3294921413329442	16432	25.57878875732422	25.57878875732422	151	22.350305557250977	22.350305557250977	-0.12621720405540313	0.0	True	False	0.04860933184378258	1.0342674737569242	0.0	0.0	False	False
152	3064	1188	1876	8.232747816805386e-12	4.686333372643066e-11	0.0858401713715498	0.0038186464376978833	0.003133785582915857	0.3877284595300261	0.28537748171872224	1.218729102905084	10.32916682014591	7.080867896690782	2.020720248740561	20.87235654608799	8196	26.901966094970703	26.901966094970703	120	22.183040046691893	22.183040046691893	-0.1754119394701419	0.0	True	False	0.2863678549789199	1.2195660165020183	0.0	0.0	False	False
153	2732	826	1906	1.641268043695021e-07	5.319146068617441e-07	-0.0788862842123407	0.0026550521528101445	0.0031838994248601406	0.30234260614934116	-0.26155993777053865	0.8341854548539456	6.274158083391864	6.717804695023691	0.0	0.0	5782	30.768383026123047	30.768383026123047	0					False	True	-0.26232625310791313	0.8337424787949334			False	False
154	980	317	663	0.1374838775008271	0.1705107307552157	-0.0361977014170199	0.0010189485864900917	0.001107515906968664	0.32346938775510203	-0.11906000504740355	0.920787398715764	0.7682482843481396	5.762051382780177	0.0	0.0	2200	37.629127502441406	37.629127502441406	19	42.660484313964844	42.660484313964844	0.11793951457500051	0.11793951457500051	True	False	-0.1191890313883146	0.9207050524728299	0.0	0.0	False	False
155	3583	1021	2562	0.0	0.0	-0.1152968185522147	0.0032818501791999485	0.004279722102041805	0.2849567401618755	-0.38258293188368153	0.7670630477279841	300.0	6.92951677076365	0.0	0.0	7087	28.22734832763672	28.22734832763672	60	25.548977088928222	25.548977088928222	-0.09488568347336289	0.0	True	False	-0.38402913658281435	0.7662945039096153	0.0	0.0	False	False
156	3242	852	2390	0.0	0.0	-0.1637017414118228	0.0027386252229954517	0.003992402741561246	0.2628007402837754	-0.5432607977728967	0.6862181559069522	300.0	6.748759547491679	0.0	0.0	5947	32.556136322021516	32.556136322021516	17	51.390786743164064	51.390786743164064	0.36649858106420036	0.36649858106420036	True	False	-0.5450768399974333	0.6853548985374424	0.0	0.0	False	False
157	2221	569	1652	0.0	0.0	-0.1786412118195051	0.0018289644975169154	0.002759602229731874	0.25619090499774877	-0.5926026560236792	0.6631454971118153	300.0	6.345636360828596	0.0	0.0	3983	32.775245666503906	32.775245666503906	0					False	True	-0.5939494846034439	0.6625267062271923			False	False
158	1072	329	743	0.0036246802801847	0.0064893469532338	-0.0695363510405787	0.0010575207727294643	0.0012411528188200863	0.3069029850746269	-0.22977440838110397	0.8527682271710683	2.1877990056460246	5.799092654460526	0.0	0.0	2286	27.011932373046875	27.011932373046875	17	25.079358673095705	25.079358673095705	-0.07154518504124262	0.0	True	False	-0.23004075289778214	0.8526108070855795	0.0	0.0	False	False
159	2114	659	1455	0.0004044369011564	0.0008470282269502	-0.0597210139582689	0.0021182558943122097	0.0024305213342977463	0.31173131504257334	-0.19779040620795918	0.8718848972041349	3.072102116700639	6.492239835020471	0.0	0.0	4611	31.33965301513672	31.33965301513672	2	42.08417892456055	42.08417892456055	0.25531033713843626	0.25531033713843626	True	False	-0.19824305263386321	0.8716113857092602	0.0	0.0	False	False
160	1046	257	789	3.952393967665557e-14	2.9247715360725125e-13	-0.2028873151076996	0.000826087655293229	0.0013179940431346541	0.245697896749522	-0.6720869651263932	0.6275981631146468	12.533908052487153	5.552959584921617	0.0	0.0	1786	36.39075469970703	36.39075469970703	13	42.9722526550293	42.9722526550293	0.15315692216921745	0.15315692216921745	True	False	-0.6727985116645225	0.6272887039557113	0.0	0.0	False	False
161	2134	828	1306	9.662354472084192e-09	3.57507115467115e-08	0.0863437246153037	0.0026614808505167065	0.002181622585974472	0.3880037488284911	0.2871463465646933	1.2202242831902104	7.446715310010168	6.720220155135295	1.9296866656575165	14.3698272366743	5784	30.376527786254883	30.376527786254883	12	35.159110641479494	35.159110641479494	0.13602684390947836	0.13602684390947836	True	False	0.28783919896899235	1.2208104350424955	0.2631225442661781	0.26248918686359674	True	True
162	1276	363	913	3.029561514988899e-07	9.60803794753622e-07	-0.1163075877281789	0.0011668086337410198	0.001525131256504359	0.28448275862068967	-0.3851694960446306	0.765689035746102	6.017365290329023	5.8971538676367405	0.0	0.0	2531	32.734130859375	32.734130859375	10	42.9028881072998	42.9028881072998	0.2370180119924052	0.2370180119924052	True	False	-0.38568825760445513	0.7654137602223016	0.0	0.0	False	False
163	3044	1275	1769	0.0	0.0	0.1420389166296327	0.004098294787933335	0.0029550462133145798	0.4188567674113009	0.47200100584050464	1.387031936163486	300.0	7.151485463904735	3.375508332216783	168.77541661083916	8878	23.511756896972656	23.511756896972656	47	21.457921981811523	21.457921981811523	-0.08735352803114352	0.0	True	False	0.47365508275507295	1.3886231062636933	0.0	0.0	False	False
164	2875	865	2010	2.613732941192381e-08	9.066386139761072e-08	-0.0819233851861019	0.0027804117580881053	0.00335762741026699	0.3008695652173913	-0.2716687427704585	0.82836083944483	7.042565788167661	6.763884908562435	0.0	0.0	5971	30.176498413085938	30.176498413085938	84	17.366329765319826	17.366329765319826	-0.42450812126734444	0.0	True	False	-0.272505168617986	0.8278807230049325	0.0	0.0	False	False
165	1477	547	930	0.0037401331166082	0.006669153027205	0.0537609425491093	0.0017582488227447324	0.0015535291002727863	0.37034529451591064	0.17913268309264652	1.132203024802449	2.175929317352941	6.306275286948016	1.1296600124718474	2.4580603397787817	3814	36.71464157104492	36.71464157104492	15	42.30070114135742	42.30070114135742	0.13205595698391406	0.13205595698391406	True	False	0.17942740520985012	1.1324343414348759	0.14942377305717292	0.1491783340134301	True	True
166	4258	1358	2900	0.0001181423994003	0.0002775408747817	-0.0452416631850164	0.004365085742755661	0.004844338054614065	0.31892907468294973	-0.1500071851006668	0.9012459740952458	3.556673047190355	7.214504414151143	0.0	0.0	9464	29.3712100982666	29.3712100982666	42	22.534472274780274	22.534472274780274	-0.23277004252166683	0.0	True	False	-0.15070291652024537	0.9008114581664881	0.0	0.0	False	False
167	3102	1077	2025	0.4469384092831574	0.4911897369349552	0.0100472405167697	0.0034618537149836873	0.0033826843312391316	0.3471953578336557	0.03368965295328685	1.0236266780814272	0.30875071605068555	6.982862751468942	0.2352502227174224	0.07263367471508742	7539	30.549589157104492	30.549589157104492	0					False	True	0.033803144812353025	1.0237072064404977			False	False
168	4040	1509	2531	8.732765022223533e-08	2.937384598384279e-07	0.0596536593867385	0.004850452419601099	0.0042279377986993785	0.3735148514851485	0.19835814126707696	1.1473918227098496	6.532039186599152	7.31986492980897	1.45195480180297	9.484225662547805	10502	31.159055709838867	31.159055709838867	61	33.19706344604492	33.19706344604492	0.06139120526483982	0.06139120526483982	True	False	0.19925921542431713	1.1481086811089083	0.0895421757698958	0.08913725527275596	True	True
169	4221	1548	2673	1.9359460596168887e-05	5.147066170478434e-05	0.0470285623597413	0.00497581202487906	0.004465143317235654	0.36673773987206826	0.15642157493930675	1.1145192807984907	4.288440248441316	7.3453648404168685	1.1489735368418161	4.927304359786415	10706	24.934621810913086	24.934621810913086	130	20.59064292907715	20.59064292907715	-0.17421474906568332	0.0	True	False	0.15716068855477427	1.1150904114941687	0.0	0.0	False	False
170	1272	380	892	0.0001027450144039	0.000243950729387	-0.0863246929893702	0.0012214525642467978	0.0014900515671433608	0.29874213836477986	-0.28567584674965296	0.8203572131991613	3.6126978790549913	5.942799375126701	0.0	0.0	2592	33.5222053527832	33.5222053527832	68	23.028217315673828	23.028217315673828	-0.3130458729272746	0.0	True	False	-0.2860649939928148	0.8201359629089253	0.0	0.0	False	False
171	2266	842	1424	0.0001750049280435	0.0003944273505144	0.0560586669683094	0.002706481734462641	0.00237873703095532	0.3715798764342454	0.18657283840863315	1.1380570166028459	3.4040329776921823	6.736966958001855	1.256935047619581	4.278648352914147	5812	26.883478355407757	26.883478355407757	82	22.768574523925782	22.768574523925782	-0.15306441291121986	0.0	True	False	0.18704576227502123	1.1384301394969751	0.0	0.0	False	False
172	1048	449	599	5.773159728050814e-15	4.6605143986446574e-14	0.1590760833835408	0.00144324263512319	0.0010006063774875259	0.42843511450381677	0.5288412307634864	1.442769900649678	13.331566145935827	6.1092475827643655	3.2308220107079615	43.071917341498576	3134	31.84075927734375	31.84075927734375	9	24.281247711181642	24.281247711181642	-0.23741618409021636	0.0	True	False	0.5294794853477836	1.4434083295637163	0.0	0.0	False	False
173	3805	1332	2473	0.1907301550818556	0.2294964467651596	0.015536673242422	0.004281512672570354	0.004131051037607097	0.350065703022339	0.05186150215117813	1.036601583119766	0.6392240341451519	7.195187320178709	0.3731532226835777	0.23852850835806075	9244	30.7033748626709	30.7033748626709	80	20.402606391906737	20.402606391906737	-0.3354930367373984	0.0	True	False	0.05207837067208665	1.0367574186520288	0.0	0.0	False	False
174	844	274	570	0.1964278034223321	0.2338495289550015	-0.0338677280819936	0.0008807315857990068	0.0009521629969413851	0.3246445497630332	-0.11114086862021999	0.9258556150836125	0.6310635005574853	5.616771097666572	0.0	0.0	1886	31.48192024230957	31.48192024230957	32	26.94926166534424	26.94926166534424	-0.14397655994546818	0.0	True	False	-0.11124513146634918	0.9257887063810042	0.0	0.0	False	False
175	923	291	632	0.0387190475356691	0.0565501878481483	-0.0525675245263858	0.0009353755163047845	0.0010557316036262376	0.3152762730227519	-0.17328972771791307	0.8868181929350012	1.2475659480987602	5.676753802268282	0.0	0.0	2010	34.19878005981445	34.19878005981445	27	33.1736946105957	33.1736946105957	-0.02997432795631458	0.0	True	False	-0.17346465246116693	0.8867106739956104	0.0	0.0	False	False
176	2139	854	1285	5.468958619303521e-13	3.420024826719385e-12	0.106811307791149	0.0027450539207020137	0.0021465428966134736	0.39925198690977093	0.35510265550574616	1.2790765912131719	11.465970741292374	6.75110146893676	2.397334059208187	27.487762179984752	5869	23.65579605102539	23.65579605102539	109	20.719427871704102	20.719427871704102	-0.12412891001374725	0.0	True	False	0.35596712399850183	1.279843248562123	0.0	0.0	False	False
177	1459	446	1013	0.0004497102700113	0.0009374242248124	-0.0720180218783067	0.0014335995885633467	0.0016921773963186372	0.30568882796435914	-0.23833413968241324	0.8477236023443878	3.0280638276811684	6.102558594613569	0.0	0.0	3122	32.80792999267578	32.80792999267578	0					False	True	-0.23870888751627284	0.8475034301538862			False	False
178	2768	918	1850	0.1607216630125871	0.1971282275623997	-0.0200724824322463	0.0029507722473120007	0.003090353586564145	0.33164739884393063	-0.06628364052560975	0.955095141794841	0.7052511829410872	6.823286122355687	0.0	0.0	6409	29.43743324279785	29.43743324279785	17	23.051181411743165	23.051181411743165	-0.21694322933597288	0.0	True	False	-0.06648674074021876	0.9549606945490124	0.0	0.0	False	False
179	4782	1450	3332	1.1513678899177648e-11	6.390091789043594e-11	-0.0770804257303192	0.004660805837257517	0.005565977378611747	0.30322040987034715	-0.2557747111150759	0.8375372657391053	10.194492903470891	7.280008252884188	0.0	0.0	10005	25.564409255981445	25.564409255981445	145	22.556117630004884	22.556117630004884	-0.11767499087711931	0.0	True	False	-0.2570884273197436	0.8367749525410632	0.0	0.0	False	False
180	2280	868	1412	7.052534634066632e-07	2.159534743121093e-06	0.0729415932301864	0.0027900548046479482	0.002358691494177607	0.38070175438596493	0.24262675518374266	1.1831448864901057	5.665639804524842	6.767343125265392	1.6419385036981502	9.302632143134199	6068	33.0866367340088	33.0866367340088	8	63.109527587890625	63.109527587890625	0.4757267563454647	0.4757267563454647	True	False	0.2432495698195325	1.183655763016273	0.7831191717792594	0.7811140784830467	True	True
181	4017	1597	2420	0.0	0.0	0.1037461149274308	0.005133315118689832	0.00404251658350553	0.3975603684341548	0.34479070563676384	1.2699667328173376	300.0	7.37650812632622	2.54335144201134	127.167572100567	11011	23.665700912475586	23.665700912475586	168	20.85993003845215	20.85993003845215	-0.11855853686312541	0.0	True	False	0.3463705279142255	1.271358170779619	0.0	0.0	False	False
182	1355	505	850	0.0025934249678793	0.0048381541417582	0.0581290171740044	0.0016232461709069284	0.0014198921884213639	0.3726937269372694	0.19367972490289276	1.143677051252736	2.3153202992960455	6.226536669287466	1.2059539092053706	2.792169565998615	3513	34.455657958984375	34.455657958984375	22	42.38078308105469	42.38078308105469	0.1869980813453409	0.1869980813453409	True	False	0.1939724340263087	1.1439091160067147	0.22585188320034852	0.2255110672123177	True	True
183	2710	931	1779	0.8311572720329015	0.8483536293853062	0.0030302976669266	0.0029925587824046543	0.0029717508272960073	0.34354243542435425	0.01043561009511329	1.0072596380441776	0.07142307784106572	6.837332814685591	0.07135173934458232	0.0050961608333035344	6439	25.50946960449218	25.50946960449218	78	21.74849510192871	21.74849510192871	-0.14743444535989747	0.0	True	False	0.01046460237343183	1.0072798800526184	0.0	0.0	False	False
184	2380	933	1447	3.874522924718349e-11	2.0238684453822903e-10	0.0936696773969145	0.0029989874801112167	0.002417157643112604	0.39201680672268907	0.3114384480128667	1.2409443745827844	9.693817720736083	6.839476438228843	2.13007592714256	20.648567769047894	6485	25.93968391418457	25.93968391418457	46	19.11264419555664	19.11264419555664	-0.2631890095967864	0.0	True	False	0.31227901266123226	1.241667602897051	0.0	0.0	False	False
185	2446	853	1593	0.3817053573573306	0.4301451235194283	0.0129898201359147	0.0027418395718487327	0.00266104500724145	0.34873262469337696	0.043543907913146995	1.0306424410731407	0.3663849962564891	6.74993119378857	0.29391838232240786	0.10768728540690874	5930	25.52336883544922	25.52336883544922	41	23.722084045410156	23.722084045410156	-0.07057394349672491	0.0	True	False	0.04365966873131377	1.03072514240333	0.0	0.0	False	False
186	1485	499	986	0.5531564215064178	0.590388103723196	-0.0115198045481047	0.0016039600777872423	0.001647074938568782	0.336026936026936	-0.03755450426787732	0.9743050817674226	0.22886240209867173	6.214608098422191	0.0	0.0	3451	28.55035972595215	28.55035972595215	42	25.180534744262694	25.180534744262694	-0.11803091148537434	0.0	True	False	-0.037617922553200955	0.9742622540055775	0.0	0.0	False	False
187	2840	1097	1743	1.997773058093344e-10	9.747376239488403e-10	0.0831658052341513	0.003526140692049308	0.0029116142169628672	0.3862676056338028	0.27651444430927796	1.2112649266094415	9.01111227025626	7.001245622069476	1.9359455426593062	17.445022634005188	7652	24.669633865356445	24.669633865356445	27	23.164906311035157	23.164906311035157	-0.06099513120194202	0.0	True	False	0.2774027632609979	1.2120109754208668	0.0	0.0	False	False
188	3858	1559	2299	0.0	0.0	0.115563708688939	0.005011169862265152	0.0038403907543302536	0.40409538621047175	0.3840432236574802	1.3049940451898512	300.0	7.352441100243583	2.8236551818892965	141.1827590944648	10777	21.40191650390625	21.40191650390625	136	20.35225772857666	20.35225772857666	-0.04904508318860171	0.0	True	False	0.3857386890722996	1.306528584945073	0.0	0.0	False	False
189	1847	541	1306	1.2108076008487956e-07	3.9822116650138164e-07	-0.0984893470627287	0.0017389627296250463	0.002181622585974472	0.2929074174336762	-0.3263940130484322	0.7975273981261298	6.39987565980222	6.295266001439646	0.0	0.0	3772	34.256813049316406	34.256813049316406	15	31.27360610961914	31.27360610961914	-0.08708360977428385	0.0	True	False	-0.3270350056682432	0.7971731336329834	0.0	0.0	False	False
190	2046	633	1413	0.0001815403975273	0.0004070905883947	-0.0644818870615381	0.0020346828241269025	0.0023603619555757497	0.3093841642228739	-0.21357549002710208	0.8623972662639535	3.3903089380418634	6.452048954437226	0.0	0.0	4335	26.254249954223617	26.254249954223617	96	21.030383110046387	21.030383110046387	-0.19897223700107447	0.0	True	False	-0.21404749604593398	0.8621151622102694	0.0	0.0	False	False
191	1314	363	951	3.475317145174016e-09	1.3655228428825342e-08	-0.1340173271312749	0.0011668086337410198	0.0015886087896337848	0.2762557077625571	-0.4439684236911656	0.7351097573873498	7.86470103045295	5.8971538676367405	0.0	0.0	2527	34.069122314453125	34.069122314453125	14	39.39687881469727	39.39687881469727	0.1352329590702649	0.1352329590702649	True	False	-0.44457890669503186	0.734798758136939	0.0	0.0	False	False
192	2872	1013	1859	0.1307378945896093	0.1635144371768635	0.0205866203578637	0.0032561353883737002	0.0031053877391474297	0.3527158774373259	0.06871120951817389	1.0487793678769064	0.786443896156967	6.921658184151129	0.47559550570439124	0.37402918250090444	7041	29.03927230834961	29.03927230834961	50	22.09084548950195	22.09084548950195	-0.23927689182658304	0.0	True	False	0.06892826887414216	1.048937172883362	0.0	0.0	False	False
193	2202	887	1315	6.439293542825908e-15	5.105439880383398e-14	0.1132544317753957	0.002851127432860288	0.002196656738557757	0.4028156221616712	0.37648764477678043	1.2981774892454774	13.291966833519647	6.78897174299217	2.555963981975236	33.973788476085645	6101	23.51872444152832	23.51872444152832	108	19.421415328979492	19.421415328979492	-0.1742147675880747	0.0	True	False	0.3774331178736752	1.299028531309824	0.0	0.0	False	False
194	660	230	430	0.6619413661811999	0.6964501577830634	0.0125159452081713	0.0007393002362546408	0.0007182984012013958	0.3484848484848485	0.043033381695755324	1.0302777923531004	0.1571099588872968	5.442417710521793	0.23420563868462313	0.03679603826491423	1546	21.680294036865234	21.680294036865234	64	18.803569793701172	18.803569793701172	-0.1326884330199799	0.0	True	False	0.043062588509888755	1.0302986501475255	0.0	0.0	False	False
195	3591	1418	2173	0.0	0.0	0.0988730692959163	0.004557946673952524	0.003629912618164263	0.3948760790866054	0.328625923659537	1.2558167182572624	300.0	7.257707677160043	2.3850708890576318	119.25354445288158	9888	28.28261375427246	28.28261375427246	38	24.477620124816895	24.477620124816895	-0.1345347237887719	0.0	True	False	0.32996917775422663	1.2569865195315464	0.0	0.0	False	False
196	1598	497	1101	0.0016567027419029	0.0031843117636577	-0.0611743654686536	0.0015975313800806802	0.0018391779993552019	0.31101376720901125	-0.20242119560660932	0.8690907915157502	2.49698441875853	6.210600077024653	0.0	0.0	3464	32.93699645996094	32.93699645996094	15	50.45515441894531	50.45515441894531	0.3472025437386535	0.3472025437386535	True	False	-0.20277153324347807	0.8688797710022075	0.0	0.0	False	False
197	2558	921	1637	0.0158443227973212	0.0249463805745058	0.0344675155544004	0.002960415293871844	0.0027345453087597323	0.36004691164972635	0.1148410329818006	1.082855721743389	1.6029924564753046	6.826545223556594	0.7839675051702161	1.2566939969096207	6425	24.227176666259766	24.227176666259766	22	23.54544277191162	23.54544277191162	-0.028139221657535077	0.0	True	False	0.11516670776601678	1.0831001937913358	0.0	0.0	False	False
198	3656	1108	2548	2.630748285881168e-09	1.0429037847600346e-08	-0.0774030985013937	0.0035614985294353998	0.004256335642467806	0.30306345733041573	-0.25675971437480705	0.8369656304661016	7.981755756458654	7.011213987350367	0.0	0.0	7701	23.8748779296875	23.8748779296875	55	19.380474853515626	19.380474853515626	-0.1882482117566455	0.0	True	False	-0.25776720311176593	0.836381349617009	0.0	0.0	False	False
199	2624	974	1650	6.765522854390582e-05	0.0001659608921187	0.0553315774341786	0.0031307757830957394	0.002756261306935589	0.3711890243902439	0.18411082069861706	1.1361165322885947	3.7799942392974675	6.882437470997847	1.267131211192328	4.789748678741023	6689	21.605165481567383	21.605165481567383	129	13.164153099060059	13.164153099060059	-0.3906941786541205	0.0	True	False	0.18465160836114336	1.1365424802214115	0.0	0.0	False	False
200	1449	473	976	0.1283808986342129	0.1610201101513858	-0.0303321121591203	0.0015203870076019351	0.0016303703245873543	0.32643202208419597	-0.0999757497551439	0.9330486750097701	0.7931198805994095	6.161207321695077	0.0	0.0	3306	30.878273010253906	30.878273010253906	5	27.472998428344727	27.472998428344727	-0.1102806034773503	0.0	True	False	-0.10013578774568721	0.9329451777709928	0.0	0.0	False	False
201	3707	1261	2446	0.7752432864493022	0.7967778221840051	-0.0034848013577313	0.0040532939039874	0.004085948579857243	0.3401672511464796	-0.011299207793477706	0.9921985762838934	0.09866276273339415	7.140453043101158	0.0	0.0	8801	25.303586959838867	25.303586959838867	26	22.213871002197266	22.213871002197266	-0.12210584857180568	0.0	True	False	-0.011347629209499388	0.9921652755152368	0.0	0.0	False	False
202	955	402	553	1.3433254508754544e-11	7.363413582576564e-11	0.1457574865493535	0.0012921682390189808	0.0009237651531729579	0.42094240837696334	0.4846853348836895	1.399280636276145	10.13292080571827	5.998936561946683	2.9075965764731366	29.462445844379857	2803	22.191020965576172	22.191020965576172	11	25.06265640258789	25.06265640258789	0.11457825502947097	0.11457825502947097	True	False	0.4852163021609286	1.3997957201618116	0.33351230118987435	0.33314734206195573	True	True
203	1101	484	617	0.0	0.0	0.1788167623806509	0.0015557448449880266	0.0010306746826540959	0.4396003633060854	0.5943373976063029	1.509779013516336	300.0	6.184148890937483	3.675470958249688	183.7735479124844	3385	29.74530601501465	29.74530601501465	3	31.594940185546875	31.594940185546875	0.05854210071834043	0.05854210071834043	True	False	0.5950947785911751	1.510571820094181	0.2154439879862038	0.21516979102518843	True	True
204	3058	836	2222	0.0	0.0	-0.1402812123962216	0.002687195641342955	0.0037117652266732593	0.2733812949640288	-0.46546610501551555	0.7242370534190619	300.0	6.729824070489475	0.0	0.0	5848	32.863578414916994	32.863578414916994	4	52.90701675415039	52.90701675415039	0.37884272387482615	0.37884272387482615	True	False	-0.46695010650660684	0.7234924634290176	0.0	0.0	False	False
205	2954	759	2195	0.0	0.0	-0.1769361839129988	0.0024396907796403145	0.0036666627689234043	0.25693974272173326	-0.5871477959611955	0.6656576102613434	300.0	6.633318433280377	0.0	0.0	5305	32.9542465209961	32.9542465209961	8	46.192069625854494	46.192069625854494	0.28658216035959894	0.28658216035959894	True	False	-0.5889244786252448	0.6648383557579094	0.0	0.0	False	False
206	3473	1082	2391	5.008029522635127e-06	1.4533105281372524e-05	-0.0600957505757177	0.0034779254592500926	0.00399407320295939	0.31154621364814283	-0.19926889770895606	0.8709918365989285	4.8376415803009785	6.9874902470009905	0.0	0.0	7557	31.127038955688477	31.127038955688477	17	32.84096908569336	32.84096908569336	0.05218878059087267	0.05218878059087267	True	False	-0.2000174508752819	0.8705400331584333	0.0	0.0	False	False
207	1425	430	995	0.000126546007092	0.0002926376414003	-0.0800980603962786	0.00138217000691085	0.0016621090911520672	0.3017543859649123	-0.2651282096603964	0.8321247820234365	3.533669812178493	6.066108090103747	0.0	0.0	2917	25.203235626220703	25.203235626220703	93	21.131272506713866	21.131272506713866	-0.16156509346246345	0.0	True	False	-0.2655338069513977	0.8318908724936739	0.0	0.0	False	False
208	3168	998	2170	0.000108837911372	0.0002570427268574	-0.0530726277916366	0.0032079201555744847	0.0036249012339698346	0.31502525252525254	-0.17591322114564534	0.885207008638509	3.5899946801859186	6.906754778648554	0.0	0.0	6937	31.124042510986328	31.124042510986328	49	32.00293235778808	32.00293235778808	0.027462791127259703	0.027462791127259703	True	False	-0.1765179767226961	0.8848360212337137	0.0	0.0	False	False
209	563	225	338	0.000195908354112	0.0004327527822177	0.1075223826036397	0.0007232284919882354	0.00056461595257226	0.3996447602131439	0.35825146834364574	1.281871340725559	3.363760131314127	5.420534999272286	1.9419146226974193	6.532134986245495	1525	33.11246871948242	33.11246871948242	50	28.705684852600097	28.705684852600097	-0.13308533121511112	0.0	True	False	0.35847933063609894	1.2820738181736193	0.0	0.0	False	False
210	646	250	396	0.0020539219878907	0.0038641583162013	0.0845013875164524	0.0008035872133202617	0.0006615027136645413	0.38699690402476783	0.28176960615449254	1.215685126601872	2.412945088663345	5.5254529391317835	1.5569046984843458	3.756725545724688	1708	22.465816497802734	22.465816497802734	42	19.369504928588867	19.369504928588867	-0.13782323778513464	0.0	True	False	0.2819736262832535	1.2158570560583084	0.0	0.0	False	False
211	3147	903	2244	1.1546319456101628e-14	8.993975155279162e-14	-0.1110785375010438	0.002902557014512785	0.0037485153774324004	0.2869399428026692	-0.3685177213876827	0.7745779182776257	13.046048316450095	6.806829360392176	0.0	0.0	6287	30.444028854370117	30.444028854370117	34	33.03860855102539	33.03860855102539	0.07853174847385477	0.07853174847385477	True	False	-0.36974336951597486	0.7739201515310217	0.0	0.0	False	False
212	976	307	669	0.0290734243322503	0.0433174510185206	-0.0540311775205844	0.0009868050979572813	0.0011175386753575205	0.3145491803278688	-0.1782177764344457	0.8837941112816935	1.3633371070134963	5.730099782973574	0.0	0.0	2131	32.65070343017578	32.65070343017578	18	29.35040321350098	29.35040321350098	-0.10107899279207151	0.0	True	False	-0.1784076983965157	0.8836777728601487	0.0	0.0	False	False
213	1664	589	1075	0.1989502977493016	0.2361869844938233	0.0229633953050975	0.0018932514745825363	0.0017957460030034896	0.35396634615384615	0.07683606221996442	1.054702461243056	0.626744038637221	6.380122536899765	0.4902234922162276	0.3072446513464407	4089	25.701980590820312	25.701980590820312	34	24.030148696899413	24.030148696899413	-0.06504681178220205	0.0	True	False	0.07697587691828645	1.0548046796939163	0.0	0.0	False	False
214	4786	1557	3229	0.0030402844948633	0.0055767806126146	-0.0325228676796102	0.00500474116455859	0.00539391985460304	0.32532386126201424	-0.10779878831376255	0.9280028953723802	2.2536164400709207	7.351158226430694	0.0	0.0	10846	24.9732666015625	24.9732666015625	53	19.524990463256835	19.524990463256835	-0.21816433649752426	0.0	True	False	-0.10836430779859896	0.9276392004407122	0.0	0.0	False	False
215	2068	738	1330	0.0746479827455992	0.1016678047210002	0.0284612856255044	0.0023721894537214122	0.0022217136595298987	0.3568665377176016	0.0949811844058317	1.0680514784552166	0.9928165539176221	6.6052979209482015	0.6273790198850379	0.6228722765224787	5047	25.15500831604004	25.15500831604004	119	21.835470962524415	21.835470962524415	-0.13196327792103843	0.0	True	False	0.09519765837476513	1.0682117498104702	0.0	0.0	False	False
216	2456	871	1585	0.0989404303856746	0.1284489797989461	0.0242454532234042	0.0027996978512077916	0.002647681316056308	0.3546416938110749	0.08091456068510894	1.0576883233243266	0.8912693407510618	6.77078942390898	0.5478554517269769	0.48828676728757786	6064	27.956649780273438	27.956649780273438	33	29.261613845825195	29.261613845825195	0.04459644886394191	0.04459644886394191	True	False	0.08113335617132833	1.0578487418281612	0.02449847362717502	0.02443240763777392	False	False
217	2408	767	1641	0.0032565339717947	0.0058776466808002	-0.0460566523345239	0.002465405570466563	0.0027412271543523037	0.3185215946843854	-0.15249622565217535	0.8996924206912175	2.230796523944027	6.643789733147672	0.0	0.0	5340	28.4149112701416	28.4149112701416	29	23.344122314453124	23.344122314453124	-0.17845520992412406	0.0	True	False	-0.15289630681462008	0.8994429569624759	0.0	0.0	False	False
218	2510	721	1789	7.1023187331320514e-12	4.095363009754066e-11	-0.1104185110782977	0.0023175455232156347	0.0029884554412774353	0.28725099601593623	-0.36620537526192365	0.775820404279675	10.387707596676277	6.582025138892826	0.0	0.0	4962	31.876808166503906	31.876808166503906	85	23.03105926513672	23.03105926513672	-0.27749794945474765	0.0	True	False	-0.3671769838812118	0.7752980901387658	0.0	0.0	False	False
219	1040	313	727	0.0008483697768637	0.0017199825613128	-0.0817335085425125	0.0010060911910769676	0.0012144254364498017	0.30096153846153845	-0.27020193633034495	0.8292034727559908	2.764475956327344	5.749392985908253	0.0	0.0	2162	32.119632720947266	32.119632720947266	29	35.69170379638672	35.69170379638672	0.10008127086948074	0.10008127086948074	True	False	-0.27050394773533704	0.8290299068336191	0.0	0.0	False	False
220	1515	422	1093	8.65878257982899e-10	3.626886288154786e-09	-0.1290511462181104	0.0013564552160846017	0.0018258143081700596	0.27854785478547855	-0.42765010521528346	0.7434717835102687	8.440466060411035	6.0473721790462776	0.0	0.0	2945	28.72780990600586	28.72780990600586	9	26.34918785095215	26.34918785095215	-0.08279858655554645	0.0	True	False	-0.42832944102696935	0.743121780149221	0.0	0.0	False	False
221	2073	834	1239	6.394884621840903e-14	4.368198110919016e-13	0.1123513090311322	0.0026807669436363928	0.0020697016722989055	0.402315484804631	0.3735055519391395	1.295496889806293	12.359697673296028	6.727431724850855	2.5127330995232957	31.056621443791993	5813	23.045852661132812	23.045852661132812	25	23.91828155517578	23.91828155517578	0.03647540029288517	0.03647540029288517	True	False	0.3743881143385295	1.2962896468368232	0.09186951388392327	0.0916529456342943	True	True
222	2283	795	1488	0.4345544293971763	0.4811525352926342	0.0120207622161515	0.002555407338358432	0.0024856465604364583	0.34822601839684625	0.040354482756274734	1.028366474229169	0.3177172214760172	6.679599185844383	0.2695517701639839	0.08564123946044297	5552	25.533525466918945	25.533525466918945	13	22.337913513183594	22.337913513183594	-0.12515357340197944	0.0	True	False	0.04045426398470475	1.028437601678642	0.0	0.0	False	False
223	1304	446	858	0.9959567356878704	0.9959567356878704	0.0001041356331908	0.0014335995885633467	0.0014332558796065062	0.34202453987730064	0.0011219097823520485	1.0007779510495485	0.001759526897708675	6.102558594613569	0.006846520184673533	1.2046636420638445e-05	3094	25.28034210205078	25.28034210205078	28	22.770723342895508	22.770723342895508	-0.09927155055989884	0.0	True	False	0.0011212910840665558	1.0007775218670447	0.0	0.0	False	False
224	1862	677	1185	0.0136122437066592	0.0221385941602809	0.0411268831085833	0.0021761141736712686	0.0019794967567991957	0.3635875402792696	0.13707705742248955	1.0996748837294716	1.6548499610461616	6.519147287940395	0.8936255271346726	1.4788161687686685	4724	27.20821762084961	27.20821762084961	15	22.041044235229492	22.041044235229492	-0.189912233782654	0.0	True	False	0.1373601906663211	1.0998907194135867	0.0	0.0	False	False
225	703	220	483	0.0502218859216951	0.0712412694863663	-0.0572678851589443	0.0007071567477218302	0.0008068328553029633	0.3129445234708393	-0.18845736525605794	0.8775435533881988	1.1472683502136862	5.3981627015177525	0.0	0.0	1522	33.76372108459475	33.76372108459475	18	52.774837493896484	52.774837493896484	0.36023069538585334	0.36023069538585334	True	False	-0.18860239076812313	0.8774553436119524	0.0	0.0	False	False
226	2511	783	1728	0.0001211183998999	0.0002815527201862	-0.059525411315341	0.0025168351521190594	0.0028865572959907255	0.3118279569892473	-0.19723555512655544	0.8722202829252753	3.5504402724211803	6.664409020350408	0.0	0.0	5404	26.270675659179688	26.270675659179688	77	19.315551376342775	19.315551376342775	-0.26474858785775474	0.0	True	False	-0.19777151245494018	0.8718963156157257	0.0	0.0	False	False
227	2639	877	1762	0.2003640584839969	0.2372310452450524	-0.0187497459404531	0.002818983944327478	0.0029433529835275803	0.33232284956422886	-0.06187235831833249	0.9580199747844591	0.624828477633386	6.777646593635117	0.0	0.0	6133	32.16719436645508	32.16719436645508	6	46.3055419921875	46.3055419921875	0.30532733270064716	0.30532733270064716	True	False	-0.062053420042268215	0.9578997485004097	0.0	0.0	False	False
228	2095	639	1456	1.845284405743719e-05	4.995769976525678e-05	-0.0734039520489501	0.0020539689172465888	0.002432191795695889	0.30501193317422437	-0.2432095685954483	0.8448636490154393	4.3013975663398165	6.461468176353717	0.0	0.0	4452	26.374425888061523	26.374425888061523	21	22.65480613708496	22.65480613708496	-0.1410313068714137	0.0	True	False	-0.24375757109692486	0.8445427915514324	0.0	0.0	False	False
229	4180	1371	2809	0.0198173200528428	0.0305517017481327	-0.0272577196426165	0.004406872277848315	0.0046923260673830715	0.32799043062200955	-0.09027890945266126	0.9393411332520103	1.5149645942842682	7.22402480828583	0.0	0.0	9543	28.27009391784668	28.27009391784668	54	27.039287567138672	27.039287567138672	-0.04353739871840361	0.0	True	False	-0.09069373267426162	0.9390710799911555	0.0	0.0	False	False
230	2252	938	1314	0.0	0.0	0.1378640379247216	0.0030150592243776216	0.002194986277159614	0.41651865008880995	0.4581943768760919	1.3738213183575412	300.0	6.844815479208263	3.1362559633276583	156.81279816638292	6560	29.104690551757812	29.104690551757812	6	37.59135818481445	37.59135818481445	0.22576113348532714	0.22576113348532714	True	False	0.459379464169416	1.374950293655213	0.7098760086365422	0.7080447011809686	True	True
231	1037	317	720	0.0031005980425331	0.0056420718478881	-0.0720166694434634	0.0010189485864900917	0.0012027322066628023	0.3056894889103182	-0.23796196985195728	0.8479423165134068	2.248561387705172	5.762051382780177	0.0	0.0	2204	31.63253402709961	31.63253402709961	15	21.926716232299803	21.926716232299803	-0.3068302332808629	0.0	True	False	-0.238228523022034	0.847785664672624	0.0	0.0	False	False
232	3072	1217	1855	4.440892098500626e-16	4.023992023947506e-15	0.1012032290484097	0.0039118625544430335	0.003098705893554859	0.3961588541666667	0.3363936399354417	1.2625964850883082	14.395342888776934	7.1049654482698426	2.3900651887590394	34.40580791871574	8333	25.263996124267578	25.263996124267578	186	19.63254737854004	19.63254737854004	-0.22290411691118794	0.0	True	False	0.33756978468843357	1.2636262257256026	0.0	0.0	False	False
233	2066	625	1441	5.842264057420721e-06	1.6843930139576622e-05	-0.0785273987002338	0.002008968033300654	0.0024071348747237474	0.30251694094869314	-0.26020917866582494	0.8349668474701657	4.773556568490154	6.439350371100098	0.0	0.0	4324	23.34941749572756	23.34941749572756	51	22.18613624572754	22.18613624572754	-0.04982056833806999	0.0	True	False	-0.26078599862417917	0.8346330768122413	0.0	0.0	False	False
234	1835	686	1149	0.000271966862037	0.0005919278761981	0.0602606517880083	0.002205043313350798	0.0019193601464660554	0.37384196185286106	0.20060502809218228	1.1491801896925806	3.2277312069213107	6.532334292222349	1.31041910419879	4.229680636768303	4746	22.837614059448242	22.837614059448242	56	18.539006233215332	18.539006233215332	-0.18822490891751084	0.0	True	False	0.20101691699873392	1.1495083270557798	0.0	0.0	False	False
235	2962	880	2082	7.676597135741754e-10	3.2967714907223514e-09	-0.0897414882547771	0.002828626990887321	0.00347790063093327	0.2970965563808238	-0.29764171775843806	0.8135812196979856	8.48191115408754	6.78105762593618	0.0	0.0	6100	29.996759605407725	29.996759605407725	60	19.190719413757325	19.190719413757325	-0.36024025040699126	0.0	True	False	-0.2985825007197125	0.8130508554688939	0.0	0.0	False	False
236	1682	668	1014	7.79641906589745e-10	3.2967714907223514e-09	0.102995072247737	0.002147185033991739	0.00169384785771678	0.3971462544589774	0.34251046899995785	1.2679610855307586	8.48191115408754	6.505784060128229	2.2282991496469697	18.900235412034412	4627	22.55009651184082	22.55009651184082	49	20.86004867553711	20.86004867553711	-0.07494636820805987	0.0	True	False	0.34316463817159715	1.268536154489517	0.0	0.0	False	False
237	1306	558	748	0.0	0.0	0.1569891658426018	0.001793606660130824	0.0012495051258108003	0.42725880551301687	0.5218348330881604	1.4357801259558804	300.0	6.326149473155099	3.3012051544146446	165.06025772073224	3841	22.306392669677734	22.306392669677734	65	20.080105590820313	20.080105590820313	-0.0998048905452889	0.0	True	False	0.522619885555919	1.4365616282355802	0.0	0.0	False	False
238	3187	873	2314	0.0	0.0	-0.1390925461405645	0.0028061265489143536	0.0038654476753023953	0.2739253216190775	-0.46154108571186825	0.7262101071245122	300.0	6.773080375655535	0.0	0.0	6108	32.898014068603516	32.898014068603516	3	38.93496932983398	38.93496932983398	0.1550522670273337	0.1550522670273337	True	False	-0.46307559378951524	0.725438091690259	0.0	0.0	False	False
239	1586	633	953	5.862654806065848e-10	2.6030187338932363e-09	0.1065673741485457	0.0020346828241269025	0.0015919497124300703	0.3991172761664565	0.3543915494913161	1.2784462882685868	8.584522706267569	6.452048954437226	2.2865516263568346	19.628954355513283	4290	22.489276885986328	22.489276885986328	141	17.65691375732422	17.65691375732422	-0.21487409991707135	0.0	True	False	0.35503032220390907	1.279012462959314	0.0	0.0	False	False
240	1281	429	852	0.5124035858106426	0.5548955904876227	-0.0137257378121866	0.001378955658057569	0.0014232331112176493	0.33489461358313816	-0.04476183410980816	0.969449844398651	0.2557887263202769	6.063785208687608	0.0	0.0	2997	23.78632164001465	23.78632164001465	6	24.37147331237793	24.37147331237793	0.02400969628972291	0.02400969628972291	True	False	-0.04482691776016168	0.9694061110317608	0.0	0.0	False	False
241	4957	1897	3060	1.2434497875801752e-14	9.518822511820652e-14	0.0766024691764563	0.0060976197746741454	0.00511161187831691	0.3826911438369982	0.2546123861595273	1.1930151684786299	13.02141677096914	7.5485559791698735	1.9219558499152085	25.026588137148142	13148	29.00764274597168	29.00764274597168	131	21.07615089416504	21.07615089416504	-0.27342765909195066	0.0	True	False	0.25604179081714307	1.1941977791240435	0.0	0.0	False	False
242	3622	1314	2308	0.0009191569488151	0.0018383138976303	0.0396161255094972	0.004223654393211295	0.0038554249069135387	0.3627829928216455	0.1318382782319416	1.0956889361343167	2.7355803295281493	7.181591944611865	0.9468087169420096	2.590071301892347	9148	28.99566612243653	28.99566612243653	50	20.13017921447754	20.13017921447754	-0.3057521379410205	0.0	True	False	0.13237055692321764	1.0960932623827233	0.0	0.0	False	False
243	1202	385	817	0.0545500121167681	0.0767526685664058	-0.0425047622540316	0.0012375243085132029	0.0013647669622826521	0.32029950083194675	-0.14020800180714943	0.9073883223885728	1.1149065158700973	5.955837369464831	0.0	0.0	2678	25.40403938293457	25.40403938293457	17	26.43763885498047	26.43763885498047	0.03909575577893124	0.03909575577893124	True	False	-0.1403929282227363	0.9072720196972212	0.0	0.0	False	False
244	1855	798	1057	0.0	0.0	0.1621844688127232	0.0025650503849182753	0.0017656776978369195	0.43018867924528303	0.5389865180671833	1.452951471729137	300.0	6.683360945766275	3.6022414451447617	180.11207225723808	5565	28.07841682434082	28.07841682434082	21	26.439144134521484	26.439144134521484	-0.05838194867163135	0.0	True	False	0.5401411542584125	1.4541147819341629	0.0	0.0	False	False
245	3028	1170	1858	4.4369841134539456e-11	2.2643918923833926e-10	0.0833967168579628	0.0037607881583388244	0.0031037172777492873	0.38639365918097757	0.2772661149135178	1.2118961823087004	9.645048408768655	7.065613363597717	1.9590551668057719	18.89518191929002	8162	33.11688995361328	33.11688995361328	28	31.11919593811035	31.11919593811035	-0.060322512720883306	0.0	True	False	0.2782162139891611	1.2126945496922232	0.0	0.0	False	False
246	469	215	254	4.987121826616203e-13	3.1632601300251344e-12	0.2118613080652641	0.000691085003455425	0.0004242971951282664	0.4584221748400853	0.7043020816766656	1.6293562565453286	11.49986509250122	5.375278407684165	3.78581977212359	43.536416643944996	1499	40.66124725341797	40.66124725341797	6	44.27619934082031	44.27619934082031	0.08164549218815964	0.08164549218815964	True	False	0.7046860751283841	1.6297899902083994	0.30926364078134816	0.3090951186306969	True	True
247	1048	369	679	0.3902156074073148	0.4386221004780957	0.0194131566483827	0.0011860947268607061	0.0011342432893389483	0.3520992366412214	0.06538068204202219	1.0463610052699828	0.35790948968112635	5.91350300563827	0.3866288597661783	0.13837813789490863	2569	29.150070190429688	29.150070190429688	14	22.158056259155273	22.158056259155273	-0.23986267908095724	0.0	True	False	0.06545445967885577	1.0464145162435394	0.0	0.0	False	False
248	635	254	381	6.865638710973343e-05	0.000167491405916	0.1081653057141753	0.0008164446087333858	0.0006364457926923996	0.4	0.3602624679044286	1.2836594110499844	3.776007471964518	5.541263545158426	1.9963092800876177	7.5380787579629525	1693	21.941171646118164	21.941171646118164	85	18.235213470458984	18.235213470458984	-0.16890429715565528	0.0	True	False	0.36052122528206176	1.2838896649308236	0.0	0.0	False	False
249	434	141	293	0.3610109695763661	0.4120536516501453	-0.033391942927845	0.0004532231883126276	0.0004894451896558348	0.3248847926267281	-0.10827858161490589	0.927694323199821	0.38504623275666355	4.955827057601261	0.0	0.0	987	28.282699584960938	28.282699584960938	0					False	True	-0.10833197769820124	0.9276599886209401			False	False
250	515	195	320	0.0260075253037628	0.0394107209381252	0.0691411978127687	0.0006267980263898041	0.00053454764740569	0.3786407766990291	0.2311241193518736	1.173749155073803	1.4043856205369396	5.278114659230517	1.2198996024528677	1.7132094601835364	1358	25.29588508605957	25.29588508605957	7	23.80925941467285	23.80925941467285	-0.05876946650923831	0.0	True	False	0.23125617135460885	1.1738565949803408	0.0	0.0	False	False
251	4056	1404	2652	0.4863641340385243	0.5279845367068576	0.0080501528304832	0.00451294579000659	0.004430063627874656	0.34615384615384615	0.02698374198753406	1.0188797145973292	0.2773787966351733	7.247792581767846	0.19557256500558692	0.054247682736103905	9823	30.11997413635254	30.11997413635254	5	28.915761947631836	28.915761947631836	-0.03998051868402203	0.0	True	False	0.027102733920173705	1.0189637541641658	0.0	0.0	False	False
252	956	373	583	5.7041916717404106e-05	0.0001414894470532	0.0902968418193795	0.0011989521222738305	0.0009738789951172413	0.3901673640167364	0.3006554557451526	1.2317038829458102	3.8492759506518666	5.924255797414532	1.7811598267225288	6.856175685270276	2513	31.975332260131854	31.975332260131854	98	28.788300895690917	28.788300895690917	-0.09967156364516211	0.0	True	False	0.3009794054999553	1.231980486774585	0.0	0.0	False	False
253	1152	396	756	0.875037378618873	0.889053995667688	0.0034299551941147	0.0012728821458992945	0.0012628688169959424	0.34375	0.012260652150503759	1.0085346506965718	0.05107186185497845	5.983936280687191	0.07336696122828487	0.0037469873085705253	2749	27.375267028808594	27.375267028808594	23	25.268897247314452	25.268897247314452	-0.07694426429804266	0.0	True	False	0.012274001560154346	1.0085439828174334	0.0	0.0	False	False
254	1321	436	885	0.2642465057952825	0.3071346821285483	-0.0232002166594473	0.0014014561000305363	0.0014783583373563613	0.3300529901589705	-0.07623078445921116	0.9485325685276355	0.5126711395758489	6.07993319509559	0.0	0.0	3034	25.471912384033203	25.471912384033203	18	23.753175354003908	23.753175354003908	-0.06747577504650445	0.0	True	False	-0.07634300606673605	0.9484587887566394	0.0	0.0	False	False
255	1493	448	1045	4.439330027650179e-05	0.0001126321447015	-0.0835817116790883	0.001440028286269909	0.0017456321610592061	0.3000669792364367	-0.276733303007056	0.8254579887948349	3.9483376461259154	6.1070228877422545	0.0	0.0	3017	24.128060531616217	24.128060531616217	119	18.052630996704103	18.052630996704103	-0.25179933243913954	0.0	True	False	-0.2771760145081661	0.8252047241266208	0.0	0.0	False	False
256	950	433	517	0.0	0.0	0.2072539180288726	0.0013918130534706931	0.0008636285428398178	0.4557894736842105	0.6887529994984103	1.6118896714353164	300.0	6.073044534100405	4.18282763894908	209.141381947454	3006	36.034053802490234	36.034053802490234	25	32.418678283691406	32.418678283691406	-0.10033218961750502	0.0	True	False	0.6895147531260157	1.6127409858067376	0.0	0.0	False	False
257	1987	757	1230	3.110103847570045e-06	9.08477702842829e-06	0.0734473328301821	0.002433262081933752	0.002054667519715621	0.3809763462506291	0.24435300456541675	1.1845614197641747	5.04168572730053	6.630683385642372	1.6202274076037035	8.168677395896731	5221	24.456674575805664	24.456674575805664	78	22.635826110839844	22.635826110839844	-0.07445200529294924	0.0	True	False	0.2448993126188519	1.185010064811484	0.0	0.0	False	False
258	1120	351	769	0.0149043434437872	0.023804059313099	-0.0563626585656477	0.0011282364475016474	0.0012845848151717986	0.31339285714285714	-0.186116768592413	0.8789684162446837	1.6233489762647668	5.863631175598097	0.0	0.0	2448	34.13332748413086	34.13332748413086	9	43.852001953125	43.852001953125	0.22162441932258378	0.22162441932258378	True	False	-0.18634371880495237	0.8788301566861496	0.0	0.0	False	False
259	670	293	377	3.986810881428937e-12	2.3920865288573623e-11	0.1747828349179336	0.0009418042140113467	0.0006297639470998284	0.4373134328358209	0.5811637275608739	1.496055532027421	10.621223114681287	5.683579767338681	3.303090403476112	35.082860143282424	2046	20.36263084411621	20.36263084411621	5	22.307422637939453	22.307422637939453	0.08718137569669875	0.08718137569669875	True	False	0.5816131454273226	1.4965216449622658	0.2881906530134452	0.2879679654256112	True	True
260	1254	409	845	0.1501059004436489	0.185130610547167	-0.0308768361725159	0.0013146686809919481	0.0014115398814306499	0.32615629984051037	-0.10166143410571138	0.9319591120759526	0.7325217665922605	6.016157159698354	0.0	0.0	2858	26.002347946166992	26.002347946166992	5	31.685378646850587	31.685378646850587	0.17935814383106538	0.17935814383106538	True	False	-0.10180249549480891	0.9318679930130804	0.0	0.0	False	False
261	2599	925	1674	0.0616623356435732	0.0852899595817648	0.0266428438512881	0.002973272689284968	0.002796352380491015	0.3559061177375914	0.08885438782712107	1.0635253251554053	1.069102091398556	6.8308742346461795	0.6069531484435404	0.6488948803819273	6340	32.92335510253906	32.92335510253906	135	23.061611557006835	23.061611557006835	-0.2995364085713028	0.0	True	False	0.0891092511221121	1.0637132217685235	0.0	0.0	False	False
262	1078	328	750	0.0017446466666344	0.0032967713982579	-0.0749308549099892	0.0010543064238761834	0.0012528460486070858	0.3042671614100185	-0.2476788326350956	0.8422504313753602	2.4819111662681834	5.796057750765372	0.0	0.0	2228	25.41307258605957	25.41307258605957	68	21.247063636779785	21.247063636779785	-0.16393172982809895	0.0	True	False	-0.24796671018459904	0.8420823842177316	0.0	0.0	False	False
263	2114	827	1287	9.232001829673208e-10	3.760558543463216e-09	0.0921835274176343	0.0026582665016634255	0.0021498838194097592	0.39120151371807	0.3065386533998993	1.2367369303561386	8.424747645942327	6.71901315438526	2.059637244521467	17.35192402727737	5612	22.0353946685791	22.0353946685791	177	14.782670021057129	14.782670021057129	-0.3291397661174565	0.0	True	False	0.3072727448253616	1.2373663835454063	0.0	0.0	False	False
264	2475	855	1620	0.6511006848536063	0.6879591112557387	0.0067076649550682	0.0027482682695552946	0.0027061474649913053	0.34545454545454546	0.022680607834836053	1.0158452244116103	0.16243737322336793	6.752270376141742	0.15314559639605177	0.024876568399300733	5901	25.123483657836914	25.123483657836914	84	21.619251251220703	21.619251251220703	-0.13948035448989637	0.0	True	False	0.022740424691271244	1.0158873441430525	0.0	0.0	False	False
265	3201	1341	1860	0.0	0.0	0.1421723984030596	0.004310441812249884	0.0031070582005455726	0.4189315838800375	0.4724365327980111	1.3874507225138801	300.0	7.201916317531627	3.4024483745560623	170.1224187278031	9315	29.14661979675293	29.14661979675293	72	21.87025547027588	21.87025547027588	-0.24964693598149834	0.0	True	False	0.47417799140613415	1.3891265076224402	0.0	0.0	False	False
266	1785	701	1084	6.434528243559612e-09	2.441820974479032e-08	0.0949453005337961	0.002253258546150014	0.0018107801555867747	0.3927170868347339	0.31576482461088773	1.2446713235305176	7.612286180131503	6.553933404025811	2.0695016318336483	15.753638671766874	4879	26.601625442504883	26.601625442504883	28	26.866172790527344	26.866172790527344	0.0098468564944143	0.0098468564944143	True	False	0.31640336907658906	1.2452223435833716	0.02041929446047234	0.020378085583622155	True	True
267	2096	789	1307	2.483019218013638e-05	6.48506195763562e-05	0.0650579803983808	0.0025361212452387457	0.0021832930473726147	0.3764312977099237	0.21648009338919572	1.1618953177539026	4.188085870353883	6.672032945461067	1.4443623151292024	6.0491134036642356	5506	30.47418212890625	30.47418212890625	17	23.75221061706543	23.75221061706543	-0.22057922615959896	0.0	True	False	0.216989203936496	1.1623054096508554	0.0	0.0	False	False
268	2548	783	1765	9.02527870150216e-06	2.520266505325132e-05	-0.0687263828963026	0.0025168351521190594	0.0029483643677220084	0.3072998430141287	-0.22779177262375683	0.8539409566900814	4.598553532364355	6.664409020350408	0.0	0.0	5470	26.130550384521484	26.130550384521484	11	23.02191925048828	23.02191925048828	-0.11896539063618847	0.0	True	False	-0.2284171595406761	0.8535708661624544	0.0	0.0	False	False
269	2485	877	1608	0.1521442872836722	0.1871248297893365	0.0209701137231199	0.002818983944327478	0.0026861019282135917	0.3529175050301811	0.07003496320244729	1.0497421234427162	0.7278685816874245	6.777646593635117	0.47467222978442764	0.3454990026595986	6110	25.964969635009766	25.964969635009766	29	24.08543586730957	24.08543586730957	-0.07238728926399102	0.0	True	False	0.07022608358266424	1.0498811967725996	0.0	0.0	False	False
270	1174	466	708	3.134270889493252e-07	9.800114612218336e-07	0.1026092237698364	0.0014978865656289676	0.0011826866698850889	0.3969335604770017	0.34138909659700367	1.2669759125838669	6.008768845209248	6.1463292576688975	2.098289792663317	12.608138334375912	3255	26.31340980529785	26.31340980529785	7	24.96620750427246	24.96620750427246	-0.051198317169603366	0.0	True	False	0.34184332849406474	1.267374882195321	0.0	0.0	False	False
271	1435	433	1002	0.0001192467843231	0.0002786609065236	-0.0801232604080051	0.0013918130534706931	0.0016738023209390666	0.3017421602787456	-0.2652184694571851	0.8320727231598763	3.5549239544009943	6.073044534100405	0.0	0.0	2955	33.546173095703125	33.546173095703125	76	28.213558197021484	28.213558197021484	-0.1589634347699913	0.0	True	False	-0.26562703340808547	0.8318371177288169	0.0	0.0	False	False
272	1188	445	743	0.0027191490182836	0.0050304256838247	0.0616277619900344	0.0014303852397100658	0.0012411528188200863	0.37457912457912457	0.20537255813276722	1.1529840522146013	2.29839526259541	6.100318952020064	1.2528381086021623	2.8795171736102034	3043	24.112083435058594	24.112083435058594	72	21.13411502838135	21.13411502838135	-0.12350522984452375	0.0	True	False	0.2056448124658079	1.1532016550453936	0.0	0.0	False	False
273	1685	537	1148	0.0145844275813091	0.0233772052205822	-0.0457110375926819	0.001726105334211922	0.0019176896850679125	0.31869436201780416	-0.15113432823783768	0.9005421271518187	1.6312074106177046	6.2878585601617845	0.0	0.0	3657	21.921646118164062	21.921646118164062	102	16.40977611541748	16.40977611541748	-0.25143504155828433	0.0	True	False	-0.15141234589112962	0.9003686029629794	0.0	0.0	False	False
274	1477	500	977	0.7311460986732246	0.7638326301433216	-0.0066679946130435	0.0016071744266405233	0.0016320407859854971	0.33852403520649965	-0.021446764695458143	0.985244185491605	0.1170017929534096	6.2166061010848646	0.0	0.0	3482	30.64438247680664	30.64438247680664	18	36.1372989654541	36.1372989654541	0.15200130186537963	0.15200130186537963	True	False	-0.021483812906479827	0.9852188848807453	0.0	0.0	False	False
275	3105	1215	1890	1.0103029524088925e-13	6.796583498023458e-13	0.0923710385305012	0.0039054338567364715	0.003157172042489856	0.391304347826087	0.30706191270475713	1.2371855708925639	12.167709343297158	7.103322062526113	2.1811596590771685	26.539716762976106	8495	28.131805419921875	28.131805419921875	10	24.185329627990722	24.185329627990722	-0.140285194391982	0.0	True	False	0.3081441330107877	1.2381139789187838	0.0	0.0	False	False
276	1164	499	665	2.220446049250313e-16	2.05391259555654e-15	0.1595354650897892	0.0016039600777872423	0.0011108568297649494	0.42869415807560135	0.5303258805437885	1.4442553916807839	14.68741804178799	6.214608098422191	3.2957675120303076	48.406315217732654	3485	32.31694412231445	32.31694412231445	8	42.060503768920896	42.060503768920896	0.23165579994327357	0.23165579994327357	True	False	0.5310371290755462	1.444967585006548	0.7645076083825569	0.7634836594264334	True	True
277	716	252	464	0.4839841592476395	0.5266886438871371	0.0191391249967373	0.0008100159110268237	0.0007750940887382504	0.35195530726256985	0.06488465991976788	1.046001311101412	0.27844604551250396	5.53338948872752	0.35903209517970347	0.09997106711485737	1717	25.27184295654297	25.27184295654297	47	21.46040153503418	21.46040153503418	-0.1508177075990413	0.0	True	False	0.06493396679841723	1.0460370608195437	0.0	0.0	False	False
278	2546	869	1677	0.931925252919062	0.9403973006728716	-0.0012567213878917	0.0027932691535012297	0.0028013637646854437	0.3413197172034564	-0.0037749651176959276	0.9973868139026864	0.026688626149139073	6.76849321164863	0.0	0.0	6071	30.183795928955078	30.183795928955078	12	53.658897399902344	53.658897399902344	0.4374875856280638	0.4374875856280638	True	False	-0.0037877927196952044	0.9973779457608776	0.0	0.0	False	False
279	1068	405	663	0.00112109891039	0.0022123018498363	0.0701980595795994	0.0013018112855788238	0.001107515906968664	0.3792134831460674	0.23388531751034236	1.175997764344071	2.6551556175234494	6.0063531596017325	1.4047978158126992	3.7299568121397604	2831	34.59489440917969	34.59489440917969	4	41.991475677490236	41.991475677490236	0.17614482818177135	0.17614482818177135	True	False	0.2341648492113162	1.1762256437605956	0.24774361109436746	0.2474478698964556	True	True
280	2856	970	1886	0.7457987714136174	0.7754909941631057	-0.0045133893655605	0.003117918387682615	0.003150490196897285	0.3396358543417367	-0.014632113433183491	0.9899090505827713	0.11042324131649935	6.878326468291325	0.0	0.0	6636	33.45449447631836	33.45449447631836	154	21.93033218383789	21.93033218383789	-0.34447276734784166	0.0	True	False	-0.014680369485597922	0.9898759401174394	0.0	0.0	False	False
281	4038	1368	2670	0.5985229672152621	0.6357516685253023	-0.0061685992110362	0.004397229231288472	0.004460131933041225	0.3387815750371471	-0.020234580863915497	0.9860723570148203	0.19671249134827268	7.221835825288449	0.0	0.0	9569	29.180273056030273	29.180273056030273	7	35.02973556518555	35.02973556518555	0.16698563134369723	0.16698563134369723	True	False	-0.020326852488079084	0.9860092919970868	0.0	0.0	False	False
282	1990	637	1353	0.0125228082033588	0.0205930623788567	-0.0429017994926251	0.002047540219540027	0.0022601342716871827	0.32010050251256283	-0.14191777180547938	0.9063135932634097	1.6862790649728223	6.45833828334479	0.0	0.0	4444	30.542970657348633	30.542970657348633	15	24.15008544921875	24.15008544921875	-0.20930790524109533	0.0	True	False	-0.14222625792296206	0.9061198203145279	0.0	0.0	False	False
283	1118	418	700	0.0044509472623135	0.0078111485552063	0.0603348065304836	0.0013435978206714776	0.0011693229786999468	0.3738819320214669	0.20112244078278785	1.1495924092084964	2.1072851025485977	6.037870919922137	1.214351336546157	2.558984480763695	2870	24.643909454345703	24.643909454345703	56	19.749248504638672	19.749248504638672	-0.19861544122188404	0.0	True	False	0.20137306715033354	1.14979213485324	0.0	0.0	False	False
284	1597	571	1026	0.1013463753670576	0.1308807708044751	0.0297453122396745	0.0018353931952234776	0.0017138933944944932	0.3575453976205385	0.09937164476913907	1.0713067611166467	0.8831241559470155	6.349138991379798	0.6309243844412832	0.5571845644760985	3965	30.161834716796875	30.161834716796875	32	21.59612464904785	21.59612464904785	-0.2839916784962306	0.0	True	False	0.09954612768179594	1.0714363352974283	0.0	0.0	False	False
285	2006	634	1372	0.0030521569569039	0.0055767806126146	-0.051008288719345	0.0020378971729801834	0.0022918730382518954	0.3160518444666002	-0.16883421138819266	0.889561212399693	2.2536164400709207	6.453624998892692	0.0	0.0	4402	34.39311981201172	34.39311981201172	36	32.23468208312988	32.23468208312988	-0.06275783472623517	0.0	True	False	-0.16920253171229938	0.8893341362369445	0.0	0.0	False	False
286	2572	998	1574	2.934144038846398e-10	1.3859148438806391e-09	0.0863823780337712	0.0032079201555744847	0.0026293062406767373	0.3880248833592535	0.287220443971826	1.2202869560177099	8.858263453684458	6.906754778648554	1.9837611739279686	17.5726791078443	6844	24.413440704345703	24.413440704345703	142	20.369224548339844	20.369224548339844	-0.16565531278374745	0.0	True	False	0.28805653294064726	1.2209943571873205	0.0	0.0	False	False
287	591	252	339	1.1012685208200423e-08	4.041018373918172e-08	0.1554574073481908	0.0008100159110268237	0.0005662864139704028	0.4263959390862944	0.5171516820576887	1.4311269779281464	7.393509174879517	5.53338948872752	2.861601681575771	21.157278287581118	1743	39.15030288696289	39.15030288696289	21	31.172090530395508	31.172090530395508	-0.20378417964230205	0.0	True	False	0.5175024366605943	1.431474962350854	0.0	0.0	False	False
288	1806	558	1248	0.000370659614181	0.0007874299937625	-0.0653238216391094	0.001793606660130824	0.0020847358248821907	0.3089700996677741	-0.21628676678163394	0.8607780731101141	3.1037880466483356	6.326149473155099	0.0	0.0	3875	37.97213745117187	37.97213745117187	31	37.37660598754883	37.37660598754883	-0.015683380067525298	0.0	True	False	-0.2167087087687598	0.8605263599665948	0.0	0.0	False	False
289	1272	459	813	0.0756359698100483	0.102385276206285	0.0359787047128917	0.0014753861236560003	0.001358085116690081	0.3608490566037736	0.12020238427976793	1.0868873226604758	0.9897624937715905	6.131226489483141	0.7369880425951449	0.7294431229188139	3112	34.416481018066406	34.416481018066406	101	29.85590362548828	29.85590362548828	-0.13251143805736906	0.0	True	False	0.1203707384894237	1.0870141635574753	0.0	0.0	False	False
290	1119	357	762	0.0498542221214459	0.0709463930189808	-0.045030190457474	0.0011475225406213337	0.0012728915853847992	0.3190348525469169	-0.1485142270085973	0.902179101937277	1.1490696795831563	5.8805329864007	0.0	0.0	2499	34.08274841308594	34.08274841308594	0					False	True	-0.1486964302685525	0.9020651696167663			False	False
291	2581	811	1770	0.0003253049543363	0.0007011427171133	-0.0546958473810737	0.002606836920010929	0.0029567166747127226	0.31421929484695854	-0.18121397517968063	0.8819605463777603	3.1541935726949237	6.699500340161678	0.0	0.0	5580	32.228885650634766	32.228885650634766	97	21.347684860229492	21.347684860229492	-0.33762261929744886	0.0	True	False	-0.18172126921055387	0.8816504776138574	0.0	0.0	False	False
292	2283	682	1601	1.909131597255254e-07	6.142423399864729e-07	-0.0863503924931686	0.002192185917937674	0.0026744086984265922	0.2987297415681121	-0.2862429783042071	0.8200347895308743	6.211660250757282	6.52649485957079	0.0	0.0	4698	31.497272491455078	31.497272491455078	76	21.063323974609375	21.063323974609375	-0.33126514429706055	0.0	True	False	-0.2869414912478607	0.8196378475211286	0.0	0.0	False	False
293	394	121	273	0.0796075586773021	0.1064631206407294	-0.0691207119530209	0.00038893621124700664	0.0004560359616929792	0.30710659898477155	-0.22630465052351312	0.854821648151792	0.972800807962384	4.804021044733257	0.0	0.0	847	29.856164932250977	29.856164932250977	0					False	True	-0.22640260994701578	0.8547636074774778			False	False
294	614	197	417	0.1804466972292471	0.2189025507371194	-0.0414132640417148	0.0006332267240963662	0.0006965824030255397	0.32084690553745926	-0.13564367563368585	0.910263617988305	0.6597491778354414	5.288267030694535	0.0	0.0	1377	32.83523178100586	32.83523178100586	2	25.738174819946288	25.738174819946288	-0.21614152165555883	0.0	True	False	-0.13573625367941844	0.910205208053635	0.0	0.0	False	False
295	826	268	558	0.1964546718473323	0.2338495289550015	-0.034242840138661	0.0008614454926793205	0.0009321174601636718	0.324455205811138	-0.11235532383463998	0.9250765612861432	0.6310635005574853	5.594711379601839	0.0	0.0	1872	25.470609664916992	25.470609664916992	4	30.89372100830078	30.89372100830078	0.17554089201254394	0.17554089201254394	True	False	-0.11245848800081859	0.925010413321881	0.0	0.0	False	False
296	1332	551	781	5.67323965583455e-13	3.49849778776464e-12	0.1327571297440035	0.0017711062181578567	0.001304630351949512	0.41366366366366364	0.44139488125498083	1.357916605497896	11.45611839637294	6.313548046277095	2.7867677901840944	31.92554174754757	3811	21.7845458984375	21.7845458984375	46	18.680428504943848	18.680428504943848	-0.14249171903630525	0.0	True	False	0.4420677840207201	1.358550113579424	0.0	0.0	False	False
297	1734	565	1169	0.0842328300379249	0.1116399299607124	-0.0315094985727177	0.0018161071021037913	0.001952769374428911	0.32583621683967706	-0.1040130636993446	0.930441232457758	0.9521804446456572	6.338594078203183	0.0	0.0	3938	30.253389358520508	30.253389358520508	17	22.41791534423828	22.41791534423828	-0.25899491529452245	0.0	True	False	-0.1042117134622238	0.9303131255464103	0.0	0.0	False	False
298	1894	596	1298	0.0024625316410347	0.0046133504161156	-0.0537718679544331	0.0019157519165555038	0.0021682588947893296	0.3146779303062302	-0.17797210231991656	0.8839446239108802	2.335983556446249	6.391917113392602	0.0	0.0	4152	29.569965362548828	29.569965362548828	20	27.269366455078124	27.269366455078124	-0.07780188036285209	0.0	True	False	-0.17833825380271584	0.8837203100001695	0.0	0.0	False	False
299	3865	1353	2512	0.1873116232738803	0.2266113371487816	0.0155347263018992	0.004349013998489256	0.004196199032134666	0.3500646830530401	0.05185115992457323	1.0365941520759616	0.6447183665909302	7.21081845347222	0.37388930081805194	0.24105329930923938	9422	26.08182716369629	26.08182716369629	49	25.446807861328125	25.446807861328125	-0.024347193867309172	0.0	True	False	0.052071452594620204	1.036752447157197	0.0	0.0	False	False
300	1407	427	980	0.0002626506319551	0.0005744673920596	-0.0765416358976103	0.0013725269603510068	0.0016370521701799254	0.3034825870646766	-0.2533133417556268	0.8389674003476656	3.2407346177163237	6.059123195581797	0.0	0.0	2960	31.41865348815918	31.41865348815918	29	40.5961311340332	40.5961311340332	0.22606778994711174	0.22606778994711174	True	False	-0.2536966609923521	0.8387445191321592	0.0	0.0	False	False
301	2105	661	1444	0.0010809746825495	0.0021522545248968	-0.055109168978337	0.0021246845920187716	0.002412146258918176	0.3140142517814727	-0.18247727362267696	0.8811885941083983	2.667106370449054	6.495265555937008	0.0	0.0	4618	33.122554779052734	33.122554779052734	9	44.585322570800784	44.585322570800784	0.25709733900759285	0.25709733900759285	True	False	-0.18289405174318318	0.8809340655544513	0.0	0.0	False	False
302	2892	933	1959	0.0075725267947399	0.0127840376306636	-0.0378962274787059	0.0029989874801112167	0.003272433878961708	0.32261410788381745	-0.1254837767127448	0.9166965971975398	1.8933319596535585	6.839476438228843	0.0	0.0	6476	26.65876007080078	26.65876007080078	55	22.042541122436525	22.042541122436525	-0.17315955191105756	0.0	True	False	-0.12588063410351147	0.9164444664442558	0.0	0.0	False	False
303	355	139	216	0.0115704609378446	0.0190977124773346	0.0928176138735647	0.00044679449060606546	0.0003608196619988407	0.39154929577464787	0.31017796576572465	1.2398606353357224	1.71901864939974	4.941642422609304	1.5327885941865613	2.634892178993909	952	29.966468811035156	29.966468811035156	21	27.612289428710938	27.612289428710938	-0.07856045359129174	0.0	True	False	0.31030093705178885	1.2399663220891053	0.0	0.0	False	False
304	968	459	509	0.0	0.0	0.2393514679698821	0.0014753861236560003	0.0008502648516546756	0.47417355371900827	0.7952625837864833	1.735393203109515	300.0	6.131226489483141	4.875935019806493	243.79675099032463	3198	36.700977706909214	36.700977706909214	15	33.706057739257815	33.706057739257815	-0.08160327475656279	0.0	True	False	0.7961643770223805	1.7364782938740928	0.0	0.0	False	False
305	566	215	351	0.0157932722674203	0.0249463805745058	0.0713879082198506	0.000691085003455425	0.0005863319507481161	0.37985865724381623	0.2384430486798248	1.179718825862833	1.6029924564753046	5.375278407684165	1.2816977710310467	2.05455185844398	1478	22.196697235107422	22.196697235107422	27	19.636590576171876	19.636590576171876	-0.11533727886716187	0.0	True	False	0.23859315740263298	1.1798415789701775	0.0	0.0	False	False
306	1417	435	982	0.0008453190179098	0.0017199825613128	-0.0693656660624695	0.0013982417511772553	0.001640393092976211	0.30698659139026113	-0.2295048198838412	0.8529275941747986	2.764475956327344	6.077642243349034	0.0	0.0	3037	33.86147689819336	33.86147689819336	8	43.763419723510744	43.763419723510744	0.22626071929195757	0.22626071929195757	True	False	-0.229855816952238	0.8527201084195254	0.0	0.0	False	False
307	815	251	564	0.0138745929272623	0.0224011609443799	-0.0673488177320572	0.0008068015621735427	0.0009421402285525285	0.3079754601226994	-0.22213531230421069	0.8572956259559327	1.6497294736893708	5.529429087511423	0.0	0.0	1733	34.1451416015625	34.1451416015625	24	24.607406616210938	24.607406616210938	-0.27932919700983494	0.0	True	False	-0.22233185003323896	0.8571788448937863	0.0	0.0	False	False
308	1140	546	594	0.0	0.0	0.2476627624928947	0.0017550344738914514	0.0009922540704968119	0.4789473684210526	0.822824554589511	1.7688657467185824	300.0	6.304448802421981	5.187455277785243	259.37276388926216	3811	35.287628173828125	35.287628173828125	11	32.217552185058594	32.217552185058594	-0.08700148317269232	0.0	True	False	0.8239254113098884	1.7702160049612605	0.0	0.0	False	False
309	721	228	493	0.0779124527707439	0.1048276637279101	-0.0506555075064656	0.0007328715385480786	0.000823537469284391	0.31622746185852985	-0.1665760507350651	0.8909546774043505	0.9795240931253527	5.43372200355424	0.0	0.0	1506	34.55833053588867	34.55833053588867	90	28.93121929168701	28.93121929168701	-0.16282937158546854	0.0	True	False	-0.16670807028017798	0.8908731507848933	0.0	0.0	False	False
310	1452	464	988	0.028945541970786	0.0432721233502659	-0.0439823992629641	0.0014914578679224057	0.0016504158613650677	0.31955922865013775	-0.14528250068329207	0.904202304255646	1.363791793576912	6.142037405587356	0.0	0.0	3154	21.847349166870117	21.847349166870117	94	16.700791358947754	16.700791358947754	-0.23556898224187015	0.0	True	False	-0.1455133045684942	0.9040576605809189	0.0	0.0	False	False
311	921	348	573	0.0035966841696921	0.0064652946208231	0.0676811867489676	0.0011185934009418043	0.0009571743811358135	0.3778501628664495	0.22564503851586082	1.1692999334556926	2.189411679711303	5.855071922202427	1.321167929398502	2.8925804954850785	2390	21.339082717895508	21.339082717895508	46	18.66730308532715	18.66730308532715	-0.1252059269786576	0.0	True	False	0.22587704376753948	1.1694879881255367	0.0	0.0	False	False
312	2278	669	1609	7.072821217590786e-09	2.6612988310256854e-08	-0.0968733615615405	0.0021503993828450203	0.0026877723896117345	0.29367866549604915	-0.32117674749010483	0.800416743973554	7.574906356798172	6.507277712385012	0.0	0.0	4646	32.74654006958008	32.74654006958008	37	26.570920562744142	26.570920562744142	-0.18858845831388404	0.0	True	False	-0.3219550082895921	0.7999850761801021	0.0	0.0	False	False
313	1594	576	1018	0.0410276522333934	0.0597255003004153	0.0369312701920862	0.0018514649394898827	0.0017005297033093512	0.3613550815558344	0.12322640134914664	1.089167924456206	1.2238402036241351	6.3578422665081	0.7834540228472953	0.9588225308515816	4016	27.676740646362305	27.676740646362305	16	26.622422218322754	26.622422218322754	-0.038094024202886954	0.0	True	False	0.12344342635770289	1.0893317806083518	0.0	0.0	False	False
314	2310	874	1436	2.8524192527967784e-06	8.387246014846157e-06	0.0686135574976026	0.0028093408977676346	0.0023987825677330337	0.37835497835497833	0.22825216505239254	1.171414912004292	5.076380618062405	6.774223886357614	1.5462312686107582	7.849258443017698	6070	26.927474975585938	26.927474975585938	48	22.738893508911133	22.738893508911133	-0.15555047290815138	0.0	True	False	0.22884490465471785	1.171896293478948	0.0	0.0	False	False
315	2268	700	1568	5.592101279772166e-05	0.000139488369001	-0.0659914535645327	0.0022500441972967324	0.0026192834722878807	0.30864197530864196	-0.2186487047495227	0.8593699854729769	3.855462003783036	6.55250788703459	0.0	0.0	4882	31.75810432434082	31.75810432434082	18	27.77851982116699	27.77851982116699	-0.12530925846615154	0.0	True	False	-0.2191838202789036	0.8590512923759637	0.0	0.0	False	False
316	2139	774	1365	0.0151338960562135	0.0240840496378451	0.0378648740756473	0.00248790601243953	0.002280179808464896	0.36185133239831696	0.12618769868754498	1.0914058627945835	1.6182704863718815	6.652863029353347	0.8395094753575479	1.3585534070006622	5266	30.026826858520508	30.026826858520508	152	16.977352142333984	16.977352142333984	-0.43459386426919644	0.0	True	False	0.12648698371642908	1.0916322968703274	0.0	0.0	False	False
317	483	147	336	0.0365803407665454	0.0536028755787003	-0.0747653778707194	0.00047250928143231384	0.0005612750297759744	0.30434782608695654	-0.24561168169785041	0.8434581063478066	1.2708119115299281	4.997212273764115	0.0	0.0	1013	35.418922424316406	35.418922424316406	16	24.912233352661133	24.912233352661133	-0.2966405625158726	0.0	True	False	-0.24574092392872515	0.8433825494757151	0.0	0.0	False	False
318	540	177	363	0.3962993715952216	0.4432164256631698	-0.027676793903762	0.0005689397470307453	0.0006063774875258296	0.3277777777777778	-0.08985647086428727	0.9396162239903302	0.3533841529667003	5.181783550292085	0.0	0.0	1233	26.98390007019043	26.98390007019043	6	23.591145515441895	23.591145515441895	-0.12573254962860497	0.0	True	False	-0.08991162813252274	0.9395803011709348	0.0	0.0	False	False
319	3212	1266	1946	1.1102230246251563e-15	9.858780458671391e-15	0.0975474345184098	0.004069365648253805	0.003250717880785852	0.3941469489414695	0.32424460102847963	1.2520087118679437	14.006176804412402	7.144407180321139	2.3165354557682325	32.44580516717993	8669	24.033098220825195	24.033098220825195	193	20.411657333374023	20.411657333374023	-0.150685560978281	0.0	True	False	0.3254288795523257	1.253036881871739	0.0	0.0	False	False
320	1163	436	727	0.0027414760101953	0.0050506860934719	0.0622086431792335	0.0014014561000305363	0.0012144254364498017	0.3748925193465176	0.20731427449705642	1.1545368926889634	2.2966496226001776	6.07993319509559	1.2604569393318124	2.894827954020182	3052	34.16485176086428	34.16485176086428	0					False	True	0.20758334062326078	1.1547522367017033			False	True
321	1106	454	652	3.857199004642098e-10	1.765563255733084e-09	0.1270648218947609	0.0014593143793895952	0.0010891408315890933	0.4104882459312839	0.4225822614001231	1.3403244386389117	8.753116718132771	6.12029741895095	2.5863291237416295	22.638440691616537	3124	23.869478225708008	23.869478225708008	54	21.943641662597656	21.943641662597656	-0.08068197154959922	0.0	True	False	0.4231158745614625	1.340820279427213	0.0	0.0	False	False
322	1333	450	883	0.6780774654240167	0.7117408856932942	-0.0084916250324649	0.0014464569839764709	0.0014750174145600756	0.33758439609902474	-0.027423160074816266	0.9811712321380454	0.1476780855697714	6.111467339502679	0.0	0.0	3129	23.518070220947266	23.518070220947266	21	24.24935531616211	24.24935531616211	0.030156888118483084	0.030156888118483084	True	False	-0.027465539599369038	0.9811424104131375	0.0	0.0	False	False
323	962	288	674	0.0008713389983521	0.0017579328466767	-0.0850108440059386	0.0009257324697449414	0.0011258909823482345	0.2993762993762994	-0.2809672556395224	0.8230390253045861	2.7549977190658788	5.666426688112432	0.0	0.0	1984	33.39290237426758	33.39290237426758	32	22.39153480529785	22.39153480529785	-0.3294522723920917	0.0	True	False	-0.2812574343277454	0.8228734987303594	0.0	0.0	False	False
324	1330	423	907	0.0258102881126121	0.0392457805547937	-0.0470103549152183	0.0013596695649378827	0.0015151084881155025	0.3180451127819549	-0.155255804887652	0.8979731387580826	1.406207028862025	6.049733455231958	0.0	0.0	2944	30.15775966644289	30.15775966644289	17	31.78370819091797	31.78370819091797	0.05115666538052623	0.05115666538052623	True	False	-0.15548149365807795	0.8978326748368516	0.0	0.0	False	False
325	791	352	439	2.220446049250313e-16	2.05391259555654e-15	0.1883347080055407	0.0011314507963549284	0.0007333325537846808	0.4450063211125158	0.6260399608060148	1.5433229225364418	14.68741804178799	5.8664680569332965	3.6726434324322583	53.94164941055972	2446	36.667076110839844	36.667076110839844	18	30.61581039428711	30.61581039428711	-0.16503267667867866	0.0	True	False	0.6266137446389912	1.5439368498294685	0.0	0.0	False	False
326	240	85	155	0.6201172391031	0.6571170743717814	0.0233437923155954	0.00027321965252888894	0.00025892151671213105	0.3541666666666667	0.08136161341855797	1.0580161235252559	0.1823572480596642	4.454347296253507	0.36241288274977673	0.06608861595961903	584	41.226531982421875	41.226531982421875	11	44.82450485229492	44.82450485229492	0.0802679891663954	0.0802679891663954	True	False	0.08138113275849257	1.0580304383426593	0.029097132320410564	0.029090153346321205	False	False
327	909	304	605	0.5568794936798096	0.5929364393137541	-0.0146252262737176	0.0009771620513974381	0.0010106291458763825	0.33443344334433445	-0.0474048631247328	0.9676754302884382	0.22699185897094518	5.720311776607412	0.0	0.0	2122	30.516197204589844	30.516197204589844	6	23.813756942749023	23.813756942749023	-0.21963550100642054	0.0	True	False	-0.04745430869872003	0.9676422656584914	0.0	0.0	False	False
328	1893	600	1293	0.005453994551881	0.0094592718009186	-0.0491907097270758	0.001928609311968628	0.002159906587798616	0.31695721077654515	-0.1627640343158454	0.8933119495679964	2.024142295418022	6.398594934535208	0.0	0.0	4133	30.60342025756836	30.60342025756836	67	20.933375930786134	20.933375930786134	-0.3159792025007656	0.0	True	False	-0.16309952484903967	0.8931042391025283	0.0	0.0	False	False
329	2663	1085	1578	0.0	0.0	0.1215793040805585	0.0034875685058099355	0.0026359880862693082	0.40743522343221933	0.4040853339654227	1.3232497064870345	300.0	6.990256500493881	2.8246601325060365	141.23300662530184	7576	21.910930633544922	21.910930633544922	19	23.6383056640625	23.6383056640625	0.07307524723075731	0.07307524723075731	True	False	0.40531655944459644	1.324379476888864	0.20704166562658116	0.20641273752574232	True	True
330	354	128	226	0.3302098474481183	0.3788454063745853	0.0373580952712253	0.000411436653219974	0.0003775242759802685	0.3615819209039548	0.12653717781090457	1.0916702774873561	0.4215379743463579	4.859812404361672	0.6149469463383526	0.2592234900899476	853	18.698366165161133	18.698366165161133	43	16.479124069213867	16.479124069213867	-0.11868641764445527	0.0	True	False	0.12658500815971863	1.0917064707466697	0.0	0.0	False	False
331	1748	556	1192	0.0106916874931541	0.0177130942050763	-0.0469448990524566	0.0017871779624242618	0.001991189986586195	0.3180778032036613	-0.155255804887652	0.8979731387580826	1.7517055676177504	6.322565239927284	0.0	0.0	3852	19.888064765930178	19.888064765930178	40	19.11174430847168	19.11174430847168	-0.03903448960948668	0.0	True	False	-0.15555180453993955	0.8977889193188205	0.0	0.0	False	False
332	2810	1123	1687	0.0	0.0	0.1075212384417485	0.0036097137622346153	0.0028180683786668717	0.399644128113879	0.35739249101761317	1.281108344628197	300.0	7.024649030453636	2.510556815518286	125.5278407759143	7694	24.96726417541504	24.96726417541504	167	20.25022659301758	20.25022659301758	-0.18892889301993565	0.0	True	False	0.3585371577032692	1.282125208143471	0.0	0.0	False	False
333	1660	517	1143	0.0015640037037469	0.003019207149842	-0.0602991225315924	0.001661818357146301	0.0019093373780771988	0.31144578313253013	-0.19954572936172177	0.8708247222949116	2.5201070887168857	6.249975242259483	0.0	0.0	3606	29.755674362182617	29.755674362182617	13	22.577690887451173	22.577690887451173	-0.24123074434011685	0.0	True	False	-0.19990457782061988	0.8706081448202182	0.0	0.0	False	False
334	2167	801	1366	0.0006187273072422	0.0012777438344909	0.0524383815082348	0.0025746934314781183	0.002281850269863039	0.36963544070143056	0.1745688342946039	1.1286270514577441	2.8935562059728355	6.687108607866515	1.167360754476669	3.3778239557250975	5315	24.594127655029297	24.594127655029297	292	16.21854228973389	16.21854228973389	-0.3405522441281901	0.0	True	False	0.17499122916900056	1.1289575413141117	0.0	0.0	False	False
335	891	225	666	7.335709817368752e-11	3.6596125381030625e-10	-0.1870351462883737	0.0007232284919882354	0.0011125272911630922	0.25252525252525254	-0.6191975731703305	0.6510329314862743	9.436564893149692	5.420534999272286	0.0	0.0	1564	34.00459671020508	34.00459671020508	11	52.473358154296875	52.473358154296875	0.35196454150665885	0.35196454150665885	True	False	-0.6197608426285761	0.6507787991997604	0.0	0.0	False	False
336	612	186	426	0.0173511341685808	0.0270312405994732	-0.0756400901142004	0.0005978688867102746	0.0007116165556088247	0.30392156862745096	-0.24909024239978983	0.8414268483254853	1.5681340218876052	5.231108616854587	0.0	0.0	1262	33.198292922973636	33.198292922973636	40	26.42437286376953	26.42437286376953	-0.20404422826561866	0.0	True	False	-0.24925556732058318	0.8413304309587782	0.0	0.0	False	False
337	1358	405	953	4.924193788391485e-05	0.0001242239796616	-0.0873813126537545	0.0013018112855788238	0.0015919497124300703	0.29823269513991163	-0.28925115543222013	0.8183267085918106	3.90579456173201	6.0063531596017325	0.0	0.0	2833	33.33816909790039	33.33816909790039	2	52.0290641784668	52.0290641784668	0.35923950153041545	0.35923950153041545	True	False	-0.2896714579984767	0.8180883389365546	0.0	0.0	False	False
338	1684	516	1168	0.0002181126505536	0.0004794159249792	-0.0705365763794128	0.00165860400829302	0.0019510989130307682	0.30641330166270786	-0.23353761125450312	0.8505467195462126	3.3192875439032794	6.248042874508429	0.0	0.0	3511	32.770477294921875	32.770477294921875	101	27.62692642211914	27.62692642211914	-0.1569568494994054	0.0	True	False	-0.23396147037061255	0.8502968683877197	0.0	0.0	False	False
339	1030	385	645	0.0064974916287467	0.011053204150052	0.0601575796429743	0.0012375243085132029	0.0010774476018020937	0.3737864077669903	0.20059363327110624	1.149171113172206	1.9565118085875743	5.955837369464831	1.1947030571127784	2.337450638996826	2643	23.470684051513672	23.470684051513672	52	19.485245132446288	19.485245132446288	-0.16980497501990596	0.0	True	False	0.20082372751300248	1.1493544081414113	0.0	0.0	False	False
340	3146	1035	2111	0.0605053459325386	0.0839511674813973	-0.0252913187452192	0.003326851063145883	0.0035263440114794106	0.32898919262555626	-0.08366082491752636	0.9436600776536607	1.0759732598927818	6.943122422819428	0.0	0.0	7217	32.59724044799805	32.59724044799805	28	32.500698471069335	32.500698471069335	-0.0029616610363912403	0.0	True	False	-0.08395073915049345	0.9434704651622879	0.0	0.0	False	False
341	1320	460	860	0.5362028515005375	0.5755005476745936	0.0125159452077321	0.0014786004725092815	0.0014365968024027916	0.3484848484848485	0.04230583271439414	1.0297583557684824	0.23995425873802834	6.133398042996649	0.2594785115778086	0.06226297390409997	3164	26.88404655456543	26.88404655456543	56	22.118532180786133	22.118532180786133	-0.17726179591702948	0.0	True	False	0.04236540428026103	1.029800877287242	0.0	0.0	False	False
342	766	293	473	0.0026049364134477	0.0048392960986225	0.0762630443861486	0.0009418042140113467	0.0007901282413215354	0.3825065274151436	0.25427594630492933	1.1927369869912379	2.315217804205971	5.683579767338681	1.4451976237395934	3.345947269078068	1995	21.297863769531283	21.297863769531283	56	19.61827278137207	19.61827278137207	-0.07886194626533553	0.0	True	False	0.2544938432248536	1.1929171451922735	0.0	0.0	False	False
343	1517	435	1082	7.727489581554894e-08	2.619088071916314e-07	-0.1114814390460296	0.0013982417511772553	0.001807439232790489	0.2867501647989453	-0.36934253235195946	0.7741352067221613	6.581849897334921	6.077642243349034	0.0	0.0	3015	35.57429122924805	35.57429122924805	30	30.863990783691406	30.863990783691406	-0.13240742915164483	0.0	True	False	-0.3699349420318949	0.7738173910840167	0.0	0.0	False	False
344	750	248	502	0.4248699573664489	0.4716056526767583	-0.0219954715486303	0.0007971585156136996	0.000838571621867676	0.33066666666666666	-0.07159787584074273	0.9515834754003559	0.32642099808158875	5.517452896464707	0.0	0.0	1712	34.194183349609375	34.194183349609375	24	27.667644119262697	27.667644119262697	-0.19086694259131168	0.0	True	False	-0.07165878574485873	0.9515433008429619	0.0	0.0	False	False
345	659	257	402	0.0008750071151251	0.0017579328466767	0.0899636350167206	0.000826087655293229	0.0006715254820533979	0.3899848254931715	0.2998635177318647	1.2310279497615249	2.7549977190658788	5.552959584921617	1.6651299949574714	4.587429338056012	1793	38.27127456665039	38.27127456665039	6	35.986083984375	35.986083984375	-0.059710333877061594	0.0	True	False	0.30008555612640997	1.2312174260519562	0.0	0.0	False	False
346	773	332	441	1.0895728763671286e-11	6.123675406417787e-11	0.1609560590058077	0.0010671638192893075	0.0007366734765809664	0.4294954721862872	0.535220771403349	1.449163898901776	10.212987837721927	5.808142489980444	3.1086385039079016	31.748487232285488	2306	20.288928985595703	20.288928985595703	18	22.35965347290039	22.35965347290039	0.09260986489859419	0.09260986489859419	True	False	0.5356968833395683	1.4496422245854914	0.2881466883296593	0.28789059186547866	True	True
347	1454	551	903	0.000159848462615	0.0003621057010259	0.0697204133078732	0.0017711062181578567	0.0015084266425229313	0.37895460797799174	0.2321161533900451	1.1745565325917047	3.441164637556369	6.313548046277095	1.4654764867450738	5.0429458633574935	3786	23.989133834838867	23.989133834838867	71	19.977428436279297	19.977428436279297	-0.16723010618805514	0.0	True	False	0.23249462637904728	1.1748647032193291	0.0	0.0	False	False
348	2100	687	1413	0.0804101009994089	0.1069483832210042	-0.0289288600193967	0.002208257662204079	0.0023603619555757497	0.3271428571428571	-0.09556039586852805	0.9359086354482521	0.9708257764361063	6.5337888379333435	0.0	0.0	4689	25.493240356445312	25.493240356445312	120	22.06039810180664	22.06039810180664	-0.13465696030166543	0.0	True	False	-0.09578145435420282	0.9357652408360048	0.0	0.0	False	False
349	1241	400	841	0.076084684551327	0.1026796350783865	-0.0384794397000937	0.0012857395413124187	0.0014048580358380787	0.32232070910556004	-0.1268811602579767	0.915809121651673	0.9885156834727864	5.993961427306569	0.0	0.0	2783	26.968242645263672	26.968242645263672	17	23.282036590576173	23.282036590576173	-0.13668692110106379	0.0	True	False	-0.12705435839063028	0.9156991837198655	0.0	0.0	False	False
350	2217	816	1401	0.0011062539715287	0.0021927534078516	0.0495085882375955	0.002622908664277334	0.002340316418798036	0.3680649526387009	0.16483291519246457	1.1210362384118673	2.6590102053634523	6.705639094860003	1.1053100402343337	2.9390306770737813	5600	31.33091926574707	31.33091926574707	112	28.752580642700195	28.752580642700195	-0.08229374316079123	0.0	True	False	0.16524050693395154	1.121352999509186	0.0	0.0	False	False
351	1434	418	1016	1.6565803175883076e-06	4.90347774006139e-06	-0.101460861402967	0.0013435978206714776	0.0016971887805130655	0.2914923291492329	-0.3360308186311265	0.7922178875066914	5.309495791892541	6.037870919922137	0.0	0.0	2917	32.723690032958984	32.723690032958984	9	43.311415100097655	43.311415100097655	0.24445576397513732	0.24445576397513732	True	False	-0.3365428340797294	0.7919367776289891	0.0	0.0	False	False
352	1064	305	759	6.592472087785239e-06	1.864367902532896e-05	-0.111685371778556	0.000980376400250719	0.0012678802011903709	0.2866541353383459	-0.36959771602009184	0.7739982899198556	4.729468382607528	5.723585101952381	0.0	0.0	2123	32.638301849365234	32.638301849365234	12	33.66883430480957	33.66883430480957	0.030607904215357	0.030607904215357	True	False	-0.3700140775455303	0.773774946384679	0.0	0.0	False	False
353	1748	741	1007	0.0	0.0	0.1510453021951516	0.0023818325002812556	0.0016821546279297804	0.42391304347826086	0.5020186277025633	1.4161937236209534	300.0	6.60934924316738	3.3180164370618637	165.9008218530932	5170	28.78693199157715	28.78693199157715	17	20.129894638061522	20.129894638061522	-0.3007280302065053	0.0	True	False	0.5030289876721508	1.4171858713456145	0.0	0.0	False	False
354	1849	701	1148	1.883963576276848e-05	5.039035107632051e-05	0.0700326946742318	0.002253258546150014	0.0019176896850679125	0.3791238507301244	0.23304402090523801	1.1753121901339543	4.297652615845907	6.553933404025811	1.5273549932193289	6.564041181934356	4903	31.85710334777832	31.85710334777832	4	45.170677185058594	45.170677185058594	0.29473930139980486	0.29473930139980486	True	False	0.23352803957947366	1.175706569035937	0.45110652341243734	0.4501715436909687	True	True
355	1162	467	695	2.5314689899857967e-08	8.85017505160389e-08	0.11158864074559	0.0015011009144822488	0.0011609706717092328	0.4018932874354561	0.37119571889602376	1.2934243885264578	7.05304813911079	6.148468295917647	2.282285109212561	16.09706674245192	3256	29.627735137939453	29.627735137939453	13	48.02949142456055	48.02949142456055	0.38313452299457623	0.38313452299457623	True	False	0.3716859613674419	1.293863981994544	0.8755770761725622	0.8744222166557789	True	True
356	2683	983	1700	0.000798584140681	0.0016339693938358	0.0463611612233346	0.0031597049227752687	0.0028397843768427277	0.366380916884085	0.1543178202339508	1.1128952601779825	2.7867560825727047	6.891625897052253	1.0635006863009495	2.963717006369417	6851	30.165040969848633	30.165040969848633	30	24.216091537475585	24.216091537475585	-0.19721337154222005	0.0	True	False	0.15477963911834536	1.1132515643881942	0.0	0.0	False	False
357	1292	427	865	0.2875828727630152	0.3325176966322363	-0.0223316676699886	0.0013725269603510068	0.0014449491093935056	0.3304953560371517	-0.07332953093011696	0.950441982716217	0.4781852365406904	6.059123195581797	0.0	0.0	2970	33.63414764404297	33.63414764404297	19	50.19415283203125	50.19415283203125	0.3299190095588298	0.3299190095588298	True	False	-0.07343527652352755	0.9503723204762191	0.0	0.0	False	False
358	1076	317	759	9.54625656837127e-05	0.0002303553215411	-0.0949259489076442	0.0010189485864900917	0.0012678802011903709	0.29460966542750927	-0.3140135041792931	0.8044008414060693	3.6376017504647433	5.762051382780177	0.0	0.0	2208	31.902321434020994	31.902321434020994	11	22.36164093017578	22.36164093017578	-0.29905913033873843	0.0	True	False	-0.3143741622077485	0.8041997751004893	0.0	0.0	False	False
359	2084	760	1324	0.0060459286980818	0.0103644491967117	0.0431821719466402	0.0024429051284935955	0.002211690891141042	0.3646833013435701	0.1438521780181361	1.1048512732980447	1.9844537728933103	6.634633357861686	0.9544064588801834	1.893975498198524	5203	22.72113609313965	22.72113609313965	117	19.019096755981447	19.019096755981447	-0.16293372487989205	0.0	True	False	0.14418541109958127	1.1051065008460697	0.0	0.0	False	False
360	355	129	226	0.2864319681519156	0.3320516810951711	0.0407378359225797	0.000414651002073255	0.0003775242759802685	0.36338028169014086	0.1377209163035804	1.100165766028114	0.4787943166944995	4.867534450455582	0.6703613046559875	0.3209651828011968	874	20.574464797973633	20.574464797973633	29	18.271382522583007	18.271382522583007	-0.11193886684320727	0.0	True	False	0.1377733858862964	1.1002057788421509	0.0	0.0	False	False
361	884	307	577	0.6799770578563473	0.7120514473778732	0.0102191270914037	0.0009868050979572813	0.0009638562267283847	0.34728506787330315	0.035045332586443934	1.0245890173213739	0.1474886264402208	5.730099782973574	0.2008132526478191	0.02961767080401987	2141	25.54646873474121	25.54646873474121	8	26.486808204650877	26.486808204650877	0.035502181412124634	0.035502181412124634	True	False	0.03507735832635106	1.024611761965707	0.00713582355510197	0.0071293085254616915	False	False
362	2212	923	1289	0.0	0.0	0.1392053484419294	0.002966843991578406	0.002153224742206045	0.41726943942133815	0.46265196185648527	1.3780726643379304	300.0	6.828712071641684	3.1593170368980887	157.96585184490445	6411	21.0869197845459	21.0869197845459	50	20.764442443847656	20.764442443847656	-0.01529276651085751	0.0	True	False	0.4638276610929246	1.3791961584161265	0.0	0.0	False	False
363	326	104	222	0.2896747104788637	0.3340664193574428	-0.0450630703803519	0.00033429228074122885	0.0003708424303876974	0.31901840490797545	-0.146022525109613	0.903738616374508	0.4761671778211002	4.653960350157523	0.0	0.0	713	41.730228424072266	41.730228424072266	15	47.451551055908205	47.451551055908205	0.12057187814777606	0.12057187814777606	True	False	-0.14607638843332005	0.9037048757324712	0.0	0.0	False	False
364	967	345	622	0.2260621382800685	0.2641357615693432	0.0282852751523027	0.001108950354381961	0.0010390269896448099	0.35677352637021714	0.09489174209607754	1.0679852648568589	0.5781727953065133	5.846438775057725	0.5547787604232851	0.32075798669061323	2389	25.411785125732422	25.411785125732422	26	24.2781925201416	24.2781925201416	-0.044608932429659354	0.0	True	False	0.0949916136472293	1.0680591994264823	0.0	0.0	False	False
365	1338	470	868	0.3729310840594988	0.4223680303791197	0.0178346975289359	0.001510743961042092	0.001449960493587934	0.351270553064275	0.059948742681406486	1.042428723872879	0.3743089615807354	6.154858094016418	0.3689760041187622	0.13811102494990302	3282	30.86950206756592	30.86950206756592	8	29.767629432678223	29.767629432678223	-0.03569453865747377	0.0	True	False	0.060035449259499885	1.0424913761598469	0.0	0.0	False	False
366	1611	571	1040	0.188816802502846	0.2278115769327816	0.0238593337166973	0.0018353931952234776	0.0017372798540684924	0.3544382371198014	0.07982830714240663	1.0568922539992678	0.6424242097113921	6.349138991379798	0.5068410174936964	0.32560694011270574	3956	33.829132080078125	33.829132080078125	41	33.80767822265625	33.80767822265625	-0.000634182909898215	0.0	True	False	0.07996899223297049	1.0569953223735462	0.0	0.0	False	False
367	1676	546	1130	0.0884269976081335	0.1161882583747102	-0.0316292360089846	0.0017550344738914514	0.0018876213799013425	0.32577565632458233	-0.1043877224163623	0.9301996341655879	0.9348377581825569	6.304448802421981	0.0	0.0	3783	26.07430076599121	26.07430076599121	39	25.916598510742187	25.916598510742187	-0.006048187319167372	0.0	True	False	-0.10458046938788179	0.9300753659170102	0.0	0.0	False	False
368	854	327	527	0.001320552536157	0.0025603726028546	0.0769937022175301	0.0010510920750229022	0.0008803331568212456	0.382903981264637	0.25660368149352664	1.1946629774269675	2.5916968285988555	5.793013608384144	1.4865086188534704	3.852579673167404	2269	31.054229736328125	31.054229736328125	20	28.603260231018066	28.603260231018066	-0.07892546445751462	0.0	True	False	0.25684915761882543	1.194866267922324	0.0	0.0	False	False
369	832	194	638	4.0634162701280736e-14	2.957634137601417e-13	-0.2327623840200916	0.000623583677536523	0.0010657543720150942	0.23317307692307693	-0.7706365960532704	0.5861587721952577	12.52905554969274	5.272999558563747	0.0	0.0	1351	34.903465270996094	34.903465270996094	7	44.943711853027345	44.943711853027345	0.22339602511836046	0.22339602511836046	True	False	-0.7712761666557046	0.5858989758951002	0.0	0.0	False	False
370	573	166	407	0.0017449127896185	0.0032967713982579	-0.105229756414329	0.0005335819096446537	0.0006798777890441119	0.28970331588132636	-0.34699801338391545	0.7862183747759197	2.4819111662681834	5.117993812416755	0.0	0.0	1160	38.281734466552734	38.281734466552734	2	48.544639587402344	48.544639587402344	0.21141170699952835	0.21141170699952835	True	False	-0.34721031595443996	0.7861026858074307	0.0	0.0	False	False
371	762	192	570	1.374588221025874e-09	5.5483379103226214e-09	-0.188317062198155	0.000617154979829961	0.0009521629969413851	0.25196850393700787	-0.6230885720431552	0.6492794386287628	8.255837096964369	5.262690188904886	0.0	0.0	1324	34.8663414001465	34.8663414001465	20	26.945256423950195	26.945256423950195	-0.22718428886155015	0.0	True	False	-0.6235733799488781	0.6490612893229601	0.0	0.0	False	False
372	2739	779	1960	5.5067062021407764e-14	3.820277427735164e-13	-0.116462048914289	0.0025039777567059354	0.003274104340359851	0.28441036874771813	-0.38632084515554155	0.7650782180150024	12.417905097570074	6.659293919683638	0.0	0.0	5435	32.637420654296875	32.637420654296875	18	30.976210594177246	30.976210594177246	-0.05089893829894068	0.0	True	False	-0.38743623774628233	0.7644869407485649	0.0	0.0	False	False
373	988	336	652	0.8774407518357745	0.8894604881622921	-0.0036517535721629	0.0010800212147024316	0.0010891408315890933	0.340080971659919	-0.011091528183667876	0.9923414160659924	0.050873339490363795	5.820082930352362	0.0	0.0	2303	33.35060119628906	33.35060119628906	49	29.22134017944336	29.22134017944336	-0.12381369057014684	0.0	True	False	-0.011105814165970784	0.9923315896637961	0.0	0.0	False	False
374	430	137	293	0.2158362039053356	0.2535218903015053	-0.0458904884267282	0.0004403657928995034	0.0004894451896558348	0.3186046511627907	-0.14964901603476655	0.9014697486924054	0.5959845356335799	4.927253685157205	0.0	0.0	945	35.30000228881837	35.30000228881837	14	46.860496520996094	46.860496520996094	0.24670020786053737	0.24670020786053737	True	False	-0.1497209696802546	0.90142478949079	0.0	0.0	False	False
375	1552	507	1045	0.1212932794218979	0.1538691887523505	-0.0298517663440091	0.0016296748686134906	0.0017456321610592061	0.32667525773195877	-0.09843346585377866	0.9340466651357384	0.812848335948167	6.230481447578482	0.0	0.0	3448	25.1673885345459	25.1673885345459	101	19.0767879486084	19.0767879486084	-0.2420036777982454	0.0	True	False	-0.0986021550269971	0.9339374567833764	0.0	0.0	False	False
377	16	8	8	0.0594958277692094	0.0828092399044796	0.2842565647692867	2.5714790826248374e-05	1.3363691185142248e-05	0.5	0.9442798686632621	1.9242281544816051	1.0819212016735382	2.1972245773362196	2.074794935310737	2.244764629637564	56	2.574286937713623	2.574286937713623	0					False	True	0.9442965741600879	1.9242504359565717			False	False
378	1273	411	862	0.0804521621527374	0.1069483832210042	-0.037408879178804	0.00132109737869851	0.0014399377251990773	0.32285938727415553	-0.12335215746800543	0.9180520412396299	0.9708257764361063	6.021023349349527	0.0	0.0	2834	33.582464599609494	33.582464599609494	43	30.900609970092773	30.900609970092773	-0.07985877932103608	0.0	True	False	-0.12352495987187773	0.9179420858473658	0.0	0.0	False	False
379	585	270	315	0.0	0.0	0.2173097751389032	0.0008678741903858825	0.0005261953404149761	0.46153846153846156	0.7222684575075302	1.6497740595476222	300.0	5.602118820879701	4.046233719530686	202.31168597653428	1869	35.59300994873047	35.59300994873047	21	33.535823822021484	33.535823822021484	-0.05779747567492139	0.0	True	False	0.7227606246719294	1.650336966546028	0.0	0.0	False	False
380	352	154	198	4.691731603223559e-07	1.456733448833049e-06	0.1751120953448453	0.0004950097234052811	0.00033075135683227066	0.4375	0.5827476994246794	1.4976989917753556	5.836619907592582	5.043425116919247	2.939044384105336	17.154084961567385	1075	25.862579345703125	25.862579345703125	3	28.622343826293946	28.622343826293946	0.09641993322907261	0.09641993322907261	True	False	0.5829836576110878	1.497943966096975	0.2834972066035958	0.2833824632727173	True	True
381	3072	1044	2028	0.7593262968331369	0.7871511204624102	-0.0041108872255664	0.0033557802028254128	0.00338769571543356	0.33984375	-0.013320941475901904	0.9908091236657813	0.10394188202150424	6.951772164398911	0.0	0.0	7240	22.261934280395508	22.261934280395508	68	17.419626235961914	17.419626235961914	-0.21751515315081438	0.0	True	False	-0.013368258991540927	0.9907766276385158	0.0	0.0	False	False
382	669	237	432	0.4041809300925014	0.4508953089474137	0.0235211639653056	0.0007618006782276081	0.0007216393239976814	0.3542600896860987	0.0795072493574871	1.0566570790505936	0.34592428300979755	5.472270673671475	0.4350851890032619	0.1505065320541356	1575	31.790803909301758	31.790803909301758	84	28.354928970336914	28.354928970336914	-0.10807763618583838	0.0	True	False	0.07956411837612976	1.056698731814201	0.0	0.0	False	False
383	982	323	659	0.2923705362789439	0.3363018603830339	-0.0254263274929347	0.001038234679609778	0.0011008340613760928	0.3289205702647658	-0.08332707859577404	0.9438784048139495	0.47327073021182564	5.780743515792329	0.0	0.0	2248	30.620853424072266	30.620853424072266	13	28.263923263549806	28.263923263549806	-0.0769714066385094	0.0	True	False	-0.08341860186834715	0.943818527918294	0.0	0.0	False	False
384	703	265	438	0.0132026602465955	0.0215514012848839	0.0660283282026423	0.0008518024461194773	0.0007316620923865381	0.37695590327169276	0.22041488702268275	1.1650685861228418	1.666524486500585	5.583496308781699	1.2306857080916844	2.0509678677211034	1849	35.543861389160156	35.543861389160156	6	42.31480598449707	42.31480598449707	0.16001360369742906	0.16001360369742906	True	False	0.22058723547940318	1.1652077768468097	0.19708043737711317	0.19692645517067264	True	True
385	1045	380	665	0.0640483605593056	0.0880417092518009	0.041218516083482	0.0012214525642467978	0.0011108568297649494	0.36363636363636365	0.13773765625491663	1.100178531600678	1.0553115345941606	5.942799375126701	0.818547257523135	0.8638223624745811	2647	32.16464614868164	32.16464614868164	13	39.246167755126955	39.246167755126955	0.18043855009309065	0.18043855009309065	True	False	0.1378962832833075	1.1002995049463027	0.14786757769526163	0.14769748033015015	False	False
386	1081	392	689	0.0727565652383925	0.0993966614333732	0.0393234098825957	0.0012600247504861702	0.0011509479033203762	0.36262719703977797	0.13142197092827246	1.0953728073009872	1.0026282025786768	5.973809611869261	0.7850898331421167	0.7871532082660737	2640	22.859006881713867	22.859006881713867	104	19.709585189819336	19.709585189819336	-0.13777596324247668	0.0	True	False	0.1315784102699613	1.0954915910266376	0.0	0.0	False	False
387	1061	326	735	0.0041620681115488	0.0073623834323812	-0.0688131742462279	0.0010478777261696212	0.001227789127634944	0.3072573044297832	-0.22736248104513734	0.8541950950893868	2.132981568276065	5.7899601708972535	0.0	0.0	2278	25.842559814453125	25.842559814453125	4	29.865340805053712	29.865340805053712	0.1346973073858198	0.1346973073858198	True	False	-0.2276234486308759	0.8540405946128606	0.0	0.0	False	False
388	753	298	455	6.237251943597144e-05	0.0001538522146087	0.1004614321889323	0.0009578759582777519	0.0007600599361549654	0.39575033200531207	0.3345597461260166	1.2609925447041914	3.8128962479676067	5.700443573390687	1.907138954719271	7.271722964801972	2083	34.25801086425781	34.25801086425781	3	48.98660659790039	48.98660659790039	0.30066576879962653	0.30066576879962653	True	False	0.33484426468654327	1.2612412536506268	0.5738990444267774	0.5734114000283858	True	True
389	10	5	5	0.1362680666092524	0.1694762509089861	0.2842565647692868	1.6071744266405232e-05	8.352306990713905e-06	0.5	0.9442798686632621	1.9242281544816051	0.7708911518668745	1.791759469228055	1.691922396278824	1.3042880049367451	20	8.03969669342041	8.03969669342041	15	8.03969669342041	8.03969669342041	0.0	0.0	True	False	0.9442898918879141	1.9242415232376668	0.0	0.0	False	False
390	1085	340	745	0.0164548389758889	0.0258160724568717	-0.0564207909360565	0.0010928786101155558	0.0012444937416163718	0.31336405529953915	-0.18627368560810886	0.8788728190489425	1.5881098286866044	5.831882477283517	0.0	0.0	2355	30.23736114501953	30.23736114501953	25	23.35776596069336	23.35776596069336	-0.2275196949671425	0.0	True	False	-0.1864937906511912	0.8787387438781458	0.0	0.0	False	False
391	685	304	381	4.8627768478581856e-14	3.427099873728628e-13	0.1862051727027099	0.0009771620513974381	0.0006364457926923996	0.44379562043795623	0.6190390397350658	1.5358518297238517	12.465073239025866	5.720311776607412	3.5410963091762406	44.14002484032602	2124	25.238704681396484	25.238704681396484	4	21.69994983673096	21.69994983673096	-0.14021142880894166	0.0	True	False	0.6195298711224755	1.5363744436605877	0.0	0.0	False	False
392	12	6	6	0.1026727394265414	0.1317534575300127	0.2842565647692866	1.928609311968628e-05	1.0022768388856686e-05	0.5	0.9442798686632639	1.9242281544816073	0.880237979026211	1.9459101490553132	1.8374837799804633	1.617423008983446	30	12.13502311706543	12.13502311706543	12	9.697836971282959	9.697836971282959	-0.20083901961052442	0.0	True	False	0.9442921193010925	1.9242444941248704	0.0	0.0	False	False
393	28	12	16	0.2012721575639511	0.2376724413787082	0.1593178281700345	3.857218623937256e-05	2.6727382370284497e-05	0.42857142857142855	0.5437419390795348	1.4577486018800054	0.6240211727144735	2.5649493574615367	1.394670537266943	0.8703039442156426	65	16.721349716186523	16.721349716186523	19	13.819921493530273	13.819921493530273	-0.17351638904170655	0.0	True	False	0.543757914342029	1.4577647439230859	0.0	0.0	False	False
394	1002	342	660	0.957144579294814	0.9593051765392716	-0.0012612647158351	0.001099307307822118	0.0011025045227742354	0.3413173652694611	-0.003174704735675604	0.9978018817713098	0.018043212012487233	5.8377304471659395	0.0	0.0	2389	28.474443435668945	28.474443435668945	5	25.035071182250977	25.035071182250977	-0.12078804143049855	0.0	True	False	-0.003180437325260854	0.9977979169851636	0.0	0.0	False	False
395	1326	525	801	9.675134338138493e-08	3.22989447077706e-07	0.1007833520912909	0.0016875331479725495	0.0013380395799123675	0.39592760180995473	0.3352681124708923	1.2616118467624247	6.490811666990228	6.26530121273771	2.100555711656164	13.634311520380793	3603	22.52914810180664	22.52914810180664	72	20.28878746032715	20.28878746032715	-0.09944275883648851	0.0	True	False	0.335771973052184	1.2620525410728907	0.0	0.0	False	False
396	1537	427	1110	4.2350212225983336e-10	1.8993428513471317e-09	-0.130638538991721	0.0013725269603510068	0.001854212151938487	0.2778139232270657	-0.43293319911045813	0.7407541972452826	8.721396633468093	6.059123195581797	0.0	0.0	2905	36.66374969482422	36.66374969482422	84	24.794065284729005	24.794065284729005	-0.3237444208214973	0.0	True	False	-0.43363036156987356	0.7403963244824561	0.0	0.0	False	False
397	510	198	312	0.0048521453366427	0.0084817028719267	0.0867671610131765	0.0006364410729496473	0.0005211839562205477	0.38823529411764707	0.2895626862567706	1.2222697237267157	2.0715169456634923	5.293304824724492	1.5327435642231484	3.175104266644911	1340	21.200977325439453	21.200977325439453	46	19.660348892211914	19.660348892211914	-0.07266780250639247	0.0	True	False	0.2897279489025646	1.2224097443773467	0.0	0.0	False	False
398	408	140	268	0.9511133093435606	0.9554169894763368	0.0022498064202174	0.0004500088394593465	0.0004476836547022653	0.3431372549019608	0.009927910898776204	1.006905235399127	0.019807040245233054	4.948759890378168	0.049130847251111956	0.0009731366687851723	967	37.63975143432617	37.63975143432617	13	40.022308349609375	40.022308349609375	0.05953072207806468	0.05953072207806468	True	False	0.009930152755417865	1.0069068000672512	0.0029254552714177103	0.002924794813165794	False	False
399	642	272	370	8.900281622814532e-09	3.3207773449829015e-08	0.1506237447369133	0.0008743028880924447	0.000618070717312829	0.4236760124610592	0.5010625560217186	1.4152555252260135	7.478760242464539	5.60947179518496	2.810696275627114	21.020523559803213	1887	21.734054565429688	21.734054565429688	17	18.62523651123047	18.62523651123047	-0.1430390286745724	0.0	True	False	0.5014313819890948	1.415617382515128	0.0	0.0	False	False
400	1015	423	592	4.727529478998349e-11	2.3852535098582576e-10	0.1382752254217023	0.0013596695649378827	0.0009889131477005264	0.41674876847290643	0.4598266842098404	1.3753765796168107	9.62246545642193	6.049733455231958	2.781828875072652	26.76805225606367	2936	30.11994171142578	30.11994171142578	25	19.935570526123048	19.935570526123048	-0.33812718772425004	0.0	True	False	0.4603610858717211	1.375886139610761	0.0	0.0	False	False
401	764	198	566	2.0407941114797268e-08	7.307359560459668e-08	-0.1718946761560274	0.0006364410729496473	0.0009454811513488141	0.2591623036649215	-0.5686570800142956	0.6742441106171203	7.1362395225601265	5.293304824724492	0.0	0.0	1356	37.04287338256836	37.04287338256836	30	39.71911697387696	39.71911697387696	0.06737923184618501	0.06737923184618501	True	False	-0.5691043975503156	0.6740350889917902	0.0	0.0	False	False
402	459	149	310	0.3401675318627564	0.3892638766676903	-0.0339188606511981	0.00047893797913887596	0.0005178430334242621	0.32461873638344224	-0.11016791535911352	0.9264802225281807	0.4097558965433104	5.0106352940962555	0.0	0.0	1034	34.484031677246094	34.484031677246094	9	43.14665069580078	43.14665069580078	0.20077152870171147	0.20077152870171147	True	False	-0.11022518564041839	0.926443445019194	0.0	0.0	False	False
403	860	301	559	0.5379115479390908	0.5755005476745936	0.0154112524773726	0.0009675190048375951	0.0009337879215618145	0.35	0.05229973958695311	1.0369165122005433	0.23995425873802834	5.71042701737487	0.29865384593900707	0.07166326222155575	2106	31.151752471923828	31.151752471923828	1	46.61949157714844	46.61949157714844	0.33178695395310703	0.33178695395310703	True	False	0.05234733476253162	1.036950721119369	0.09917962580076393	0.09908944983048365	False	False
404	242	102	140	0.0006062020693433	0.0012577276578899	0.1467287008541219	0.00032786358303466673	0.00023386459573998934	0.4214876033057851	0.4893336479477828	1.403796340458111	2.9004133886842354	4.634728988229636	2.267928843059744	6.57793118099363	706	33.580055236816406	33.580055236816406	8	44.22807350158691	44.22807350158691	0.24075247736911837	0.24075247736911837	True	False	0.4894681837632948	1.403927254952395	0.5461596055516125	0.5460094874635119	True	True
405	756	268	488	0.3659482170316206	0.4166179701590757	0.0239715367960954	0.0008614454926793205	0.0008151851622936771	0.3544973544973545	0.08084339468029	1.0576361504161949	0.3802620013767292	5.594711379601839	0.4522954601834613	0.17199077690297174	1851	42.24155044555664	42.24155044555664	25	42.67824478149414	42.67824478149414	0.010232246854886107	0.010232246854886107	True	False	0.0809090755312063	1.0576843019809095	0.004631758796666287	0.004627998799941486	False	False
406	1080	358	722	0.3738527836463829	0.4223680303791197	-0.0203976061558664	0.0011507368894746147	0.001206073129459088	0.3314814814814815	-0.06674460002287397	0.9547900254417379	0.3743089615807354	5.883322388488279	0.0	0.0	2497	29.24034881591797	29.24034881591797	9	19.503204345703125	19.503204345703125	-0.33300370428255976	0.0	True	False	-0.06682564242309041	0.9547363922761201	0.0	0.0	False	False
407	798	242	556	0.0057250610802497	0.0098907670024547	-0.0770028608313259	0.0007778724224940133	0.0009287765373673862	0.3032581453634085	-0.25411707160420605	0.8385001391945905	2.004770028724595	5.493061443340548	0.0	0.0	1694	35.5536003112793	35.5536003112793	0					False	True	-0.2543360805204067	0.8383728599959225			False	False
409	269	105	164	0.0322032084119985	0.0478201489462453	0.0906020157930149	0.0003375066295945099	0.00027395566929541606	0.3903345724907063	0.30343528363520633	1.2340794546979297	1.3203890755136005	4.663439094112067	1.4150519642374046	1.8684191548631313	733	36.040679931640625	36.040679931640625	2	50.57794952392578	50.57794952392578	0.2874230713012265	0.2874230713012265	True	False	0.30352588219927945	1.234156955024784	0.4068400181141059	0.40671858161194824	True	True
410	482	196	286	0.0001017585449702	0.0002429074944452	0.120146602997417	0.0006300123752430851	0.00047775195986883535	0.4066390041493776	0.4002740421649644	1.3197585771575413	3.614559085664262	5.2832037287379885	2.114729312082967	7.6438140487100235	1339	23.38982582092285	23.38982582092285	33	22.669565200805664	22.669565200805664	-0.030793757321309092	0.0	True	False	0.40049271468394565	1.319958631082265	0.0	0.0	False	False
411	1109	353	756	0.0440632210249032	0.0633141428318997	-0.0464905253434414	0.0011346651452082094	0.0012628688169959424	0.31830477908025245	-0.1533499987440745	0.8991601488555826	1.1984992683744629	5.869296913133774	0.0	0.0	2471	26.93195343017578	26.93195343017578	0					False	True	-0.1535362943227181	0.8990440475724517			False	False
413	742	251	491	0.7941043687477582	0.8124017044331905	-0.0071512058717978	0.0008068015621735427	0.0008201965464881055	0.33827493261455527	-0.022353147871790213	0.9846253933919107	0.09022917410874624	5.529429087511423	0.0	0.0	1748	31.67746429443359	31.67746429443359	9	28.226276397705078	28.226276397705078	-0.10894773220011049	0.0	True	False	-0.022373603043904566	0.9846114330340123	0.0	0.0	False	False
414	223	78	145	0.760558177203545	0.7871511204624102	0.0149831652273649	0.00025071921055592165	0.00024221690273070325	0.34977578475336324	0.054025274646605226	1.0381574579161925	0.10394188202150424	4.3694478524670215	0.23606062028355024	0.02453658514343589	540	38.87018966674805	38.87018966674805	6	46.56899070739746	46.56899070739746	0.16532033277299402	0.16532033277299402	True	False	0.05403642994035529	1.0381654852510396	0.03903367842195064	0.0390256202998759	False	False
415	759	231	528	0.0087698705539114	0.0147493277497601	-0.0747653778713236	0.0007425145851079217	0.0008820036182193884	0.30434782608695654	-0.24661140945918447	0.8428738273651686	1.8312277736670353	5.44673737166631	0.0	0.0	1609	27.733631134033203	27.733631134033203	8	30.558984756469727	30.558984756469727	0.09245574239302437	0.09245574239302437	True	False	-0.24681392752505893	0.8427555174020621	0.0	0.0	False	False
416	12	8	4	4.0102862590929433e-05	0.0001023314424734	0.5852865603789811	2.5714790826248374e-05	6.681845592571124e-06	0.6666666666666666	1.861817708471289	3.634653180687476	3.989990903974938	2.1972245773362196	4.090831627572917	16.32238098370893	56	3.868189573287964	3.868189573287964	0					False	True	1.8618440539221837	3.634719554694803			False	True
417	805	285	520	0.3689897906794992	0.4190063096207101	0.0230980811436863	0.0009160894231850983	0.0008686399270342462	0.35403726708074534	0.07787245072668725	1.0554603998165188	0.3777794371462936	5.655991810819852	0.44044594359861555	0.16639142066605314	1921	21.875938415527344	21.875938415527344	79	16.406421279907228	16.406421279907228	-0.2500243432637341	0.0	True	False	0.07793985226454403	1.055509711219066	0.0	0.0	False	False
418	1632	507	1125	0.001307105251687	0.0025454154901274	-0.061887998344288	0.0016296748686134906	0.0018792690729106287	0.31066176470588236	-0.20480646071835373	0.8676550763211155	2.594241317318688	6.230481447578482	0.0	0.0	3482	31.11580467224121	31.11580467224121	67	28.66949806213379	28.66949806213379	-0.07861942301912572	0.0	True	False	-0.20516829711034212	0.8674374906175876	0.0	0.0	False	False
419	89	42	47	0.0003763020676266	0.0007918394219252	0.2354079972325697	0.00013500265183780395	7.85116857127107e-05	0.47191011235955055	0.783815196470016	1.7216778224309097	3.101362880585338	3.7612001156935624	2.948085807645396	9.143083892611878	293	16.38185691833496	16.38185691833496	1	20.021522521972656	20.021522521972656	0.1817876537432824	0.1817876537432824	True	False	0.7838955905117952	1.7217737654344212	0.535980570607295	0.5359256020057264	True	True
420	408	136	272	0.6523215897267252	0.6879591112557387	-0.0167734308930978	0.00043715144404622236	0.00045436550029483646	0.3333333333333333	-0.05307541008117411	0.9638794241715196	0.16243737322336793	4.919980925828125	0.0	0.0	942	36.92720031738281	36.92720031738281	10	45.46165084838867	45.46165084838867	0.18772856620336195	0.18772856620336195	True	False	-0.05310136993426795	0.9638620802821879	0.0	0.0	False	False
421	491	182	309	0.0909419995540277	0.1184112838767985	0.0543694733305076	0.0005850114912971505	0.0005161725720261194	0.37067209775967414	0.18223692321637763	1.134641803531157	0.926606910012377	5.209486152841421	0.9493607280321447	0.8796842106889662	1226	38.150848388671875	38.150848388671875	48	33.81759605407715	33.81759605407715	-0.1135820700616817	0.0	True	False	0.18233517708228852	1.1347190802506204	0.0	0.0	False	False
422	711	263	448	0.0478589600933023	0.0685463815529879	0.0529342992615824	0.0008453737484129153	0.000748366706367966	0.369901547116737	0.17697484538121522	1.130510855531556	1.1640154659371578	5.575949103146316	0.9868027303828449	1.1486536399946468	1832	34.73178482055664	34.73178482055664	9	36.908087158203124	36.908087158203124	0.05896546001742011	0.05896546001742011	True	False	0.17711379383462678	1.1306197422298438	0.05823296158369231	0.05818727694347064	False	False
423	29	16	13	0.0003758224581051	0.0007918394219252	0.3744331951121109	5.142958165249675e-05	2.1715998175856154e-05	0.5517241379310345	1.2337864858582464	2.351834411033072	3.101362880585338	2.833213344056216	3.4955803354498096	10.841063098468084	98	10.373494148254395	10.373494148254395	14	8.27452564239502	8.27452564239502	-0.20233958547251701	0.0	True	False	1.233828241294514	2.351902480368728	0.0	0.0	False	False
424	223	87	136	0.0521692753980529	0.0737680199896035	0.0902369090194862	0.00027964835023545106	0.00022718275014741823	0.3901345291479821	0.3027338395757404	1.2334795862061587	1.132131873300867	4.477336814478207	1.3554413649208021	1.5345383716172718	605	36.312259674072266	36.312259674072266	4	46.24093322753906	46.24093322753906	0.21471611536494065	0.21471611536494065	True	False	0.3028084365703734	1.2335433670097047	0.2911068187765705	0.29103510448074754	False	False
425	2465	969	1496	6.0593752237991786e-12	3.539950788640573e-11	0.0956487482917674	0.003114704038829334	0.0024990102516216006	0.3931034482758621	0.31800039327195506	1.2466015340928287	10.45100277536698	6.877296071497429	2.186982855383854	22.85616389129666	6613	22.4477481842041	22.4477481842041	170	18.662452697753906	18.662452697753906	-0.1686269578306215	0.0	True	False	0.31889003400219806	1.2473704904418563	0.0	0.0	False	False
426	575	134	441	3.1815239331933753e-10	1.471454819101936e-09	-0.2330772263314879	0.00043072274633966024	0.0007366734765809664	0.23304347826086957	-0.7705273964285801	0.5862031410595149	8.832253068335662	4.90527477843843	0.0	0.0	929	35.31910705566406	35.31910705566406	9	51.57691192626953	51.57691192626953	0.3152147785397932	0.3152147785397932	True	False	-0.7709701616132119	0.5860232620757274	0.0	0.0	False	False
427	745	236	509	0.0793619367926568	0.1064552868155275	-0.0495492145963784	0.000758586329374327	0.0008502648516546756	0.3167785234899329	-0.16296209416315577	0.8931893199899898	0.9728327656225934	5.4680601411351315	0.0	0.0	1648	28.883926391601562	28.883926391601562	4	27.125898170471192	27.125898170471192	-0.06086527840070745	0.0	True	False	-0.16309557920786233	0.8931066816656344	0.0	0.0	False	False
428	339	131	208	0.0275653062293723	0.0416292379790521	0.0834645254635166	0.0004210796997798171	0.00034745597081369846	0.3864306784660767	0.27929528451090135	1.2136019295651375	1.3806015387774475	4.882801922586371	1.3637435521791366	1.8827864466363382	911	40.74714660644531	40.74714660644531	6	42.224403381347656	42.224403381347656	0.03498585312291024	0.03498585312291024	True	False	0.2794004276949753	1.2136903797346923	0.04772969311788966	0.04771173161385515	True	True
429	1003	261	742	2.1589108278874392e-10	1.031216775053904e-09	-0.1695068331703807	0.0008389450507063532	0.0012394823574219435	0.26021934197407776	-0.5613002107779241	0.6776911278073264	8.986650030823304	5.568344503761097	0.0	0.0	1790	34.04532241821289	34.04532241821289	37	34.957393646240234	34.957393646240234	0.026090939080220574	0.026090939080220574	True	False	-0.5618797792389039	0.6774189361724289	0.0	0.0	False	False
430	10	5	5	0.1362680666092524	0.1694762509089861	0.2842565647692868	1.6071744266405232e-05	8.352306990713905e-06	0.5	0.9442798686632621	1.9242281544816051	0.7708911518668745	1.791759469228055	1.691922396278824	1.3042880049367451	16	10.900741577148438	10.900741577148438	19	6.5534162521362305	6.5534162521362305	-0.3988100528982028	0.0	True	False	0.9442898918879141	1.9242415232376668	0.0	0.0	False	False
431	11	6	5	0.0348415519761631	0.051224003567604	0.363437810802435	1.928609311968628e-05	8.352306990713905e-06	0.5454545454545454	1.1852879681670583	2.274087818932808	1.2905264809365307	1.9459101490553132	2.30646388680943	2.976552723251366	30	10.133339881896973	10.133339881896973	12	9.417508125305176	9.417508125305176	-0.07064124611774024	0.0	True	False	1.1853026287913906	2.274110928263377	0.0	0.0	False	False
432	319	136	183	2.737111959172367e-05	7.106887192237023e-05	0.1553443834098949	0.00043715144404622236	0.00030569443586012893	0.4263322884012539	0.517400756739903	1.4313740767669718	4.148320578067886	4.919980925828125	2.5456018541693606	10.559972555218524	931	39.33343505859375	39.33343505859375	21	41.40160369873047	41.40160369873047	0.049953829208797935	0.049953829208797935	True	False	0.5175893652577841	1.4315612174885262	0.12720891492809674	0.1271625602567756	True	True
433	11	6	5	0.0348415519761631	0.051224003567604	0.363437810802435	1.928609311968628e-05	8.352306990713905e-06	0.5454545454545454	1.1852879681670583	2.274087818932808	1.2905264809365307	1.9459101490553132	2.30646388680943	2.976552723251366	25	21.80477523803711	21.80477523803711	17	18.089458465576172	18.089458465576172	-0.1703900513489262	0.0	True	False	1.1853026287913906	2.274110928263377	0.0	0.0	False	False
434	380	108	272	0.0050139847040742	0.0087302321906233	-0.1168885837755377	0.00034714967615435304	0.00045436550029483646	0.28421052631578947	-0.3842813185565479	0.7661605679312076	2.058974205576736	4.6913478822291435	0.0	0.0	746	35.95784378051758	35.95784378051758	10	42.20865249633789	42.20865249633789	0.14809306495540567	0.14809306495540567	True	False	-0.3844371742438977	0.766077803362972	0.0	0.0	False	False
435	548	170	378	0.0591319642299208	0.0825616104342291	-0.062786313688259	0.0005464393050577779	0.0006314344084979712	0.3102189781021898	-0.20624169229829548	0.8667923390729565	1.0832218443520636	5.14166355650266	0.0	0.0	1186	36.024539947509766	36.024539947509766	4	53.414615631103516	53.414615631103516	0.32556773980542225	0.32556773980542225	True	False	-0.20636550075616178	0.8667179563274162	0.0	0.0	False	False
436	69	24	45	0.898962880242212	0.9092016374203692	0.0112552927139937	7.714437247874512e-05	7.517076291642514e-05	0.34782608695652173	0.05119507257977496	1.0361228524131727	0.04133979080673403	3.2188758248682006	0.1647905814794105	0.006812408165278889	162	24.00174903869629	24.00174903869629	6	20.16328716278076	20.16328716278076	-0.1599242567584159	0.0	True	False	0.05119680634703805	1.0361240975806616	0.0	0.0	False	False
437	611	253	358	9.110431458125844e-07	2.751722154699235e-06	0.1334940593017337	0.0008132302598801048	0.0005980251805351156	0.41407528641571195	0.44429249696469775	1.3606466866418043	5.560395419554507	5.537334267018537	2.46019606802185	13.679662947834705	1768	26.9581974029541	26.9581974029541	3	30.660646438598633	30.660646438598633	0.12075573954577577	0.12075573954577577	True	False	0.44460207665719587	1.3609386913750714	0.29728980069401983	0.2970827956215882	True	True
439	13	7	6	0.0279246889341719	0.042029023344991	0.3512033543895595	2.2500441972967327e-05	1.0022768388856686e-05	0.5384615384615384	1.150730746130689	2.2202632551710835	1.3764507018529804	2.0794415416798357	2.392877316792388	3.293677662146959	42	8.549659729003906	8.549659729003906	7	6.451289653778076	6.451289653778076	-0.2454331683057876	0.0	True	False	1.1507476341831069	2.2202892455159833	0.0	0.0	False	False
441	238	71	167	0.0900833513733676	0.1176382588522801	-0.0872015576557049	0.0002282187685829543	0.0002789670534898444	0.29831932773109243	-0.28386607990348267	0.8213869435548348	0.9294514120504059	4.276666119016055	0.0	0.0	484	38.06550216674805	38.06550216674805	13	40.702710723876955	40.702710723876955	0.06479196373478567	0.06479196373478567	True	False	-0.2839404266448682	0.8213446159197734	0.0	0.0	False	False
442	12	6	6	0.1026727394265414	0.1317534575300127	0.2842565647692866	1.928609311968628e-05	1.0022768388856686e-05	0.5	0.9442798686632639	1.9242281544816073	0.880237979026211	1.9459101490553132	1.8374837799804633	1.617423008983446	30	10.378764152526855	10.378764152526855	12	10.257238388061523	10.257238388061523	-0.011709078526054077	0.0	True	False	0.9442921193010925	1.9242444941248704	0.0	0.0	False	False
445	63	26	37	0.1225201933095729	0.1549828086309128	0.1310281886780755	8.357307018530721e-05	6.18070717312829e-05	0.4126984126984127	0.4433816327305813	1.3597878958336684	0.8097164729961778	3.295836866004329	1.4613135308626415	1.1832496381516893	178	15.557610797882093	15.557610797882093	4	20.00871467590332	20.00871467590332	0.22245826131859098	0.22245826131859098	True	False	0.443411922914029	1.3598164456352795	0.32510347565967995	0.3250812673170344	False	False
446	12	8	4	4.0102862590929433e-05	0.0001023314424734	0.5852865603789811	2.5714790826248374e-05	6.681845592571124e-06	0.6666666666666666	1.861817708471289	3.634653180687476	3.989990903974938	2.1972245773362196	4.090831627572917	16.32238098370893	56	6.356898307800293	6.356898307800293	0					False	True	1.8618440539221837	3.634719554694803			False	True
448	9	5	4	0.0427513339542495	0.0617768501347792	0.3811665777556284	1.6071744266405232e-05	6.681845592571124e-06	0.5555555555555556	1.2337864858582464	2.351834411033072	1.2091742391870188	1.791759469228055	2.2106486190421184	2.6730593620400875	20	8.359710693359375	8.359710693359375	15	7.737389087677002	7.737389087677002	-0.07444295963217014	0.0	True	False	1.2337989190653769	2.35185467932924	0.0	0.0	False	False
449	87	23	64	0.0752151204225297	0.1021269525003156	-0.1601955731849111	7.393002362546407e-05	0.00010690952948113799	0.26436781609195403	-0.5123585350823543	0.7010753741134532	0.990859627379899	3.1780538303479458	0.0	0.0	159	37.16233444213867	37.16233444213867	2	29.622827339172364	29.622827339172364	-0.20288034151097892	0.0	True	False	-0.5124072324750326	0.7010517100918607	0.0	0.0	False	False
450	11	6	5	0.0348415519761631	0.051224003567604	0.363437810802435	1.928609311968628e-05	8.352306990713905e-06	0.5454545454545454	1.1852879681670583	2.274087818932808	1.2905264809365307	1.9459101490553132	2.30646388680943	2.976552723251366	25	19.048381805419922	19.048381805419922	17	12.829866409301758	12.829866409301758	-0.32645898531647355	0.0	True	False	1.1853026287913906	2.274110928263377	0.0	0.0	False	False
452	8	0	8	0.0414489216798188	0.0601415726334626	-9.618833422276944	0.0	1.3363691185142248e-05	0.0	-3.143182972587077	0.11318989144009443	1.2208252197821403	0.0	0.0	0.0	0			0					False	False	-3.1432033661088283	0.11318829143168466			False	False
