cluster_id	cluster_size	sample	background	enrichment_pvalue_zbinom	enrichment_fdr_zbinom	log_fold_change	sample_usage	background_usage	sample_fraction_in_cluster	log2fc_smooth	fc_smooth	minus_log10_fdr	support_log	enrichment_support_score	enrichment_stat_score	internal_edges_n	internal_mreach_q90	cohesion	external_edges_n	external_mreach_q10	separation	density_validity	geometry_score	has_density_validity	is_sample_knn_closed	log2_odds	odds_ratio	dbcv_with_odds	redcea_auxiliary_validity	is_good_candidate	is_good_candidate_relaxed
0	3536	881	2655	6.163483401011582e-05	8.956000152278966e-05	-0.058470326943918	0.0031900640909584676	0.0036498056186386155	0.24915158371040724	-0.19368733979488617	0.8743680925289722	4.047885907708694	6.782192056006791	0.0	0.0	6061	31.552860260009766	31.552860260009766	106	25.516776084899902	25.516776084899902	-0.19130069747622921	0.0	True	False	-0.19435450780564167	0.8739638383094069	0.0	0.0	False	False
1	3512	862	2650	5.354831961401629e-06	8.406711715627033e-06	-0.0671203180505625	0.003121265886953688	0.0036429321617296915	0.24544419134396356	-0.22240446374212297	0.85713570246454	5.0753738452269515	6.760414691083428	0.0	0.0	5960	32.31999588012695	32.31999588012695	74	25.31417922973633	25.31417922973633	-0.21676415666557644	0.0	True	False	-0.2231612480201779	0.8566861987912908	0.0	0.0	False	False
2	2025	551	1474	0.7158613193536161	0.7406030700225199	-0.0067275946095615	0.0019951479161386104	0.0020262950967507793	0.27209876543209877	-0.021529316492596706	0.9851878108948308	0.13041449200156913	6.313548046277095	0.0	0.0	3766	27.18572235107422	27.18572235107422	91	22.117605209350586	22.117605209350586	-0.18642569346785706	0.0	True	False	-0.02157596645636417	0.9851559550754515	0.0	0.0	False	False
3	2303	792	1511	0.0	0.0	0.1400790073119215	0.0028677988195676576	0.0020771586778768167	0.34389926183239256	0.46576557637681937	1.3810500229912273	300.0	6.675823221634848	3.10936865061451	155.46843253072552	5544	30.543291091918945	30.543291091918945	0					False	True	0.46690743049285466	1.382143519421753			False	True
4	3824	1233	2591	1.7763568394002505e-15	4.111258870570683e-15	0.0981139536712839	0.004464641344099649	0.003561825370204389	0.32243723849372385	0.3262340368931822	1.2537363875850651	14.386025176461981	7.1180162044653335	2.3221391610538125	33.40635243416845	8542	22.840158462524414	22.840158462524414	89	20.61297035217285	20.61297035217285	-0.09751193775673139	0.0	True	False	0.32754014485630645	1.2548719404902204	0.0	0.0	False	False
5	1637	489	1148	0.010816892151533	0.0134165319780064	0.0499852611233678	0.0017706485135966976	0.0015781457062889381	0.29871716554673183	0.16689362320352785	1.1226386415123626	1.8723597298792938	6.194405391104672	1.0338067593129248	1.9356581446145358	3361	23.014644622802734	23.014644622802734	62	20.89987106323242	20.89987106323242	-0.09188816921704764	0.0	True	False	0.16717018844553877	1.1228538724381825	0.0	0.0	False	False
6	3979	977	3002	1.3687538205076066e-06	2.210685127366602e-06	-0.0668978341269861	0.003537676069087881	0.004126823528117937	0.2455390801708972	-0.22173192342052506	0.8575353660726835	5.655473110512801	6.885509670034818	0.0	0.0	6778	30.464920043945312	30.464920043945312	61	28.329465866088867	28.329465866088867	-0.07009551230648484	0.0	True	False	-0.22258677885379008	0.8570273920362387	0.0	0.0	False	False
7	3311	795	2516	2.0774949294199985e-07	3.493615068575204e-07	-0.0797252180551948	0.0028786616938842016	0.0034587235165705298	0.24010872848082151	-0.2642210471880979	0.8326481842211677	6.4567249478943225	6.679599185844383	0.0	0.0	5445	32.50265884399414	32.50265884399414	120	23.145477104187012	23.145477104187012	-0.28788973187454026	0.0	True	False	-0.2650621841196479	0.8321628654328719	0.0	0.0	False	False
8	3401	667	2734	0.0	0.0	-0.1920543862535697	0.0024151790563783177	0.003758406237799614	0.1961187885915907	-0.637173605207618	0.6429713657691857	300.0	6.504288173536645	0.0	0.0	4584	32.7709846496582	32.7709846496582	85	21.28692283630371	21.28692283630371	-0.35043383456817406	0.0	True	False	-0.6391190959305941	0.6421048959000623	0.0	0.0	False	False
9	5010	955	4055	0.0	0.0	-0.2073691969018883	0.003458014990766557	0.00557437355313732	0.1906187624750499	-0.6882883010634488	0.6205897177816502	300.0	6.862757913051401	0.0	0.0	6680	31.625742530822762	31.625742530822762	5	44.361751556396484	44.361751556396484	0.28709436798009674	0.28709436798009674	True	False	-0.6913570377352665	0.6192710729073242	0.0	0.0	False	False
10	1353	561	792	0.0	0.0	0.2708559697280862	0.0020313574971937576	0.0010887555743735531	0.4146341463414634	0.9001388023515879	1.8662455267745854	300.0	6.331501849893691	5.69923049225017	284.9615246125085	3861	22.014976501464844	22.014976501464844	66	18.53557014465332	18.53557014465332	-0.158047243728832	0.0	True	False	0.9014991898152331	1.8680061305821731	0.0	0.0	False	False
11	2851	811	2040	0.1888422749529157	0.2088428114627073	0.0200089768467724	0.0029365970235724374	0.00280437041884097	0.284461592423711	0.06700400426762876	1.0475390345893958	0.6801804689064418	6.699500340161678	0.4488933493831734	0.3053284888724301	5658	31.0803737640381	31.0803737640381	19	36.83203811645508	36.83203811645508	0.156159274548735	0.156159274548735	True	False	0.06719369085123716	1.047676774831434	0.07029730782807363	0.07009885978942819	False	False
12	3339	1091	2248	4.440892098500626e-16	1.0439584043072153e-15	0.1066467337527157	0.003950465293116559	0.0030903062262522063	0.3267445342917041	0.3546129612995337	1.278642507717928	14.981316805107445	6.9957661563048505	2.4807893532463194	37.165491227720715	7606	23.066057205200195	23.066057205200195	31	20.46023178100586	20.46023178100586	-0.11297229522203986	0.0	True	False	0.35585666502108726	1.2797452619740624	0.0	0.0	False	False
13	6349	1858	4491	0.0002017595174199	0.000285772944232	0.0373209446562376	0.006727740160046348	0.006173738995595489	0.29264451094660576	0.12420506931016462	1.0899070240907711	3.543978890754834	7.527793987721444	0.9349901739975824	3.3135854397106215	12867	29.393510818481445	29.393510818481445	139	21.599945068359375	21.599945068359375	-0.26514579351377765	0.0	True	False	0.12500788145384156	1.0905136901334627	0.0	0.0	False	False
14	3034	742	2292	1.3532272996608086e-05	2.045788072551189e-05	-0.0691924179547369	0.0026867509142919216	0.003150792647050737	0.24456163480553725	-0.22919508781653164	0.8531107287804055	4.689139357763971	6.610696044717759	0.0	0.0	5161	26.463897705078125	26.463897705078125	33	22.566783905029297	22.566783905029297	-0.1472615199574708	0.0	True	False	-0.2298681425267599	0.8527128232899256	0.0	0.0	False	False
15	3809	899	2910	5.525362389846578e-10	1.0337032137671303e-09	-0.0895150071911522	0.0032552413368577325	0.004000351920993737	0.23601995274350224	-0.29680811601867685	0.8140514498397743	8.98560413350961	6.802394763324311	0.0	0.0	6270	29.914657592773438	29.914657592773438	23	22.966262817382812	22.966262817382812	-0.23227391969444328	0.0	True	False	-0.29788862226002166	0.8134419943789228	0.0	0.0	False	False
16	4916	1593	3323	0.0	0.0	0.1013037245837548	0.005768186262084947	0.004568099461670855	0.3240439381611066	0.3367593801979192	1.2629166088118697	300.0	7.374001859350161	2.4832642957330635	124.16321478665317	11105	28.297042846679688	28.297042846679688	46	23.445539474487305	23.445539474487305	-0.1714491298076275	0.0	True	False	0.3384981031410037	1.2644395819759229	0.0	0.0	False	False
17	3802	956	2846	0.0001480098136283	0.0002116446061119	-0.0531587134106712	0.0034616359488720714	0.00391237167255951	0.25144660704892163	-0.1760885110672774	0.8850994610026083	3.674392795300947	6.863803391452954	0.0	0.0	6573	26.428115844726562	26.428115844726562	119	22.138126373291016	22.138126373291016	-0.16232672418422014	0.0	True	False	-0.1767428172228147	0.8846981324450202	0.0	0.0	False	False
18	4805	1465	3340	2.9519064081995345e-08	5.21813376882516e-08	0.0627094479399226	0.005304703624579064	0.004591469215161196	0.3048907388137357	0.2085926241583529	1.1555603632658338	7.282484791790423	7.290292882446597	1.5207013232324982	11.07448425929624	10188	25.016342163085938	25.016342163085938	67	21.812799835205077	21.812799835205077	-0.12805798333730825	0.0	True	False	0.2096250910546953	1.156387637779024	0.0	0.0	False	False
19	8516	2755	5761	0.0	0.0	0.1002420180225518	0.009975739580693052	0.007919597050462171	0.32350868952559886	0.33313337755804184	1.2597464384728374	300.0	7.9215356321335495	2.6389279205790275	131.94639602895137	19121	24.20344352722168	24.20344352722168	164	21.558970832824706	21.558970832824706	-0.10926018404871722	0.0	True	False	0.3361249084027289	1.2623613225070012	0.0	0.0	False	False
20	1214	565	649	0.0	0.0	0.3604220410803613	0.0020458413296158165	0.0008921747067783283	0.46540362438220756	1.1974612135196967	2.2933574150741074	300.0	6.338594078203183	7.5902205568939465	379.5110278446973	3933	19.740726470947266	19.740726470947266	22	16.905357933044435	16.905357933044435	-0.14363040499424815	0.0	True	False	1.1991264266126578	2.2960060230683452	0.0	0.0	False	False
21	4493	1176	3317	0.0186439868085472	0.0226247299379398	-0.0297198597179317	0.00425824673208531	0.004559851313380146	0.26174048519919874	-0.09833143005550138	0.9341127286937242	1.6454165960857432	7.0707241072602764	0.0	0.0	8132	30.301027107238784	30.301027107238784	100	24.55667953491211	24.55667953491211	-0.18957600189580287	0.0	True	False	-0.0987701074337366	0.9338287380942525	0.0	0.0	False	False
22	4468	1138	3330	0.0003732409020746	0.0005124928594236	-0.0456836813858237	0.004120650324075751	0.004577722301343348	0.25470008952551476	-0.15134077546005464	0.9004132703151444	3.2903121812664167	7.037905963447182	0.0	0.0	7841	25.543506622314453	25.543506622314453	125	22.033672332763672	22.033672332763672	-0.1374061260048234	0.0	True	False	-0.15200469797913652	0.8999989990401063	0.0	0.0	False	False
23	3657	1178	2479	1.0436096431476471e-14	2.3312474118074312e-14	0.0974870537446473	0.004265488648296339	0.0034078599354444928	0.32212195788898	0.32416624821445517	1.2519407170809915	13.63241163300847	7.072421900537371	2.292640473286946	31.254218658343007	8236	29.44312286376953	29.44312286376953	10	52.08275604248047	52.08275604248047	0.43468577508158907	0.43468577508158907	True	False	0.3254066822347257	1.2530176027844262	1.000391644096982	0.9965782011141573	True	True
24	3074	1040	2034	0.0	0.0	0.1293006807734511	0.003765796429735308	0.0027961222705502613	0.3383214053350683	0.42986639963938167	1.3471088224630896	300.0	6.947937068614969	2.9866846926065165	149.33423463032582	7212	24.44786834716797	24.44786834716797	68	21.062362289428712	21.062362289428712	-0.13847857856823872	0.0	True	False	0.4312683214085986	1.3484184956865946	0.0	0.0	False	False
25	3350	1433	1917	0.0	0.0	0.2942423675805509	0.005188832965202592	0.002635283378881441	0.42776119402985074	0.977579041827985	1.9691582292126908	300.0	7.2682230211595655	7.105262496817271	355.26312484086355	9961	22.499588012695312	22.499588012695312	70	19.379311943054198	19.379311943054198	-0.13868147576215661	0.0	True	False	0.9812758744360153	1.9742105673585673	0.0	0.0	False	False
26	3188	1145	2043	0.0	0.0	0.1691554101048184	0.004145997030814354	0.0028084944929863244	0.35915934755332496	0.5621989302617738	1.476517985685193	300.0	7.044032897274685	3.9601477595765715	198.00738797882858	7982	29.206430435180664	29.206430435180664	33	22.805164337158203	22.805164337158203	-0.21917317531250938	0.0	True	False	0.5641336435475681	1.478499385200812	0.0	0.0	False	False
27	1645	458	1187	0.7286981638448475	0.7494088467807066	0.0070330491110528	0.0016583988123257413	0.001631758670178545	0.278419452887538	0.024329840467137487	1.0170071630174387	0.12528118436022814	6.129050210060545	0.14911881382584857	0.018681781606494672	3128	24.104103088378906	24.104103088378906	78	21.64594268798828	21.64594268798828	-0.10198099433020412	0.0	True	False	0.024366714343551976	1.01703315705958	0.0	0.0	False	False
28	4283	1662	2621	0.0	0.0	0.2227822885627798	0.006018032371365463	0.0036030661116579327	0.3880457623161335	0.740225509737316	1.6704369268498294	300.0	7.416378479192928	5.489792540165446	274.4896270082723	11586	29.146316528320312	29.146316528320312	48	24.25356101989746	24.25356101989746	-0.16786874264776327	0.0	True	False	0.7437247799940696	1.6744935048168728	0.0	0.0	False	False
29	2089	275	1814	0.0	0.0	-0.3986862988312814	0.0009957634790165478	0.0024936901665576078	0.13164193393968407	-1.3221841179304192	0.3999290216379736	300.0	5.62040086571715	0.0	0.0	1868	40.160057067871094	40.160057067871094	57	38.69376831054687	38.69376831054687	-0.03651112235339138	0.0	True	False	-1.3243505672359923	0.39932891162856937	0.0	0.0	False	False
30	2550	683	1867	0.3318163708483663	0.3590013265323288	-0.0161053242059499	0.002473114386066553	0.0025665488097922017	0.26784313725490194	-0.05283128509278079	0.9640425403924673	0.4449039466734745	6.52795791762255	0.0	0.0	4769	27.78573226928711	27.78573226928711	12	20.090872383117677	20.090872383117677	-0.27693565213953086	0.0	True	False	-0.05296804725839621	0.9639511570489039	0.0	0.0	False	False
31	1520	448	1072	0.0418842515719846	0.0489740337391174	0.0417015187031495	0.0016221892312705943	0.0014736691612732941	0.29473684210526313	0.13946595751010982	1.1014972990944307	1.3100341239071749	6.1070228877422545	0.8517217945751294	1.1157846149688764	3078	22.739803314208984	22.739803314208984	58	21.87200927734375	21.87200927734375	-0.03816189721935689	0.0	True	False	0.1396789357492665	1.1016599199293757	0.0	0.0	False	False
32	3105	763	2342	2.265321221539552e-05	3.3904307615708614e-05	-0.0664440627198875	0.0027627910345077306	0.0032195272161399764	0.24573268921095007	-0.22008527077194096	0.8585146922597168	4.4697451202369045	6.638567789166521	0.0	0.0	5310	30.920671463012695	30.920671463012695	31	26.762664794921875	26.762664794921875	-0.13447336268439797	0.0	True	False	-0.2207478030587655	0.8581205250227306	0.0	0.0	False	False
33	2611	921	1690	0.0	0.0	0.1569912156445825	0.0033349024151790563	0.002323228435216294	0.35273841440061277	0.521869769715094	1.4358148955506744	300.0	6.826545223556594	3.5625675837671547	178.12837918835774	6342	24.037569046020508	24.037569046020508	105	20.56914405822754	20.56914405822754	-0.14429183671412799	0.0	True	False	0.523331820947444	1.4372707118785988	0.0	0.0	False	False
34	2726	432	2294	0.0	0.0	-0.3044913766883282	0.0015642539015823587	0.003153542029814307	0.15847395451210564	-1.0101440539104285	0.4964966697719268	300.0	6.07073772800249	0.0	0.0	2956	35.748252868652344	35.748252868652344	68	25.533105850219727	25.533105850219727	-0.2857523430855633	0.0	True	False	-1.012443955196522	0.49570580018799815	0.0	0.0	False	False
35	1292	548	744	0.0	0.0	0.2878259129998917	0.001984285041822066	0.0010227703880478832	0.4241486068111455	0.9564834867988505	1.9405740514749474	300.0	6.3080984415095305	6.03359199240543	301.6795996202715	3762	22.287275314331055	22.287275314331055	74	20.0843448638916	20.0843448638916	-0.09884251975040374	0.0	True	False	0.9578711236068411	1.9424414644374122	0.0	0.0	False	False
36	1958	675	1283	0.0	0.0	0.1416954065175938	0.0024441467212224354	0.0017637290428298847	0.3447395301327886	0.4712080937280234	1.3862698262091042	300.0	6.516193076042964	3.0704829177259505	153.52414588629753	4676	22.726593017578125	22.726593017578125	49	20.331128692626955	20.331128692626955	-0.10540358262667762	0.0	True	False	0.4721901736458971	1.3872138172836026	0.0	0.0	False	False
37	4654	1063	3591	4.440892098500626e-16	1.0439584043072153e-15	-0.1080638505412962	0.0038490784661621463	0.0049365167519891786	0.22840567253975075	-0.35850276724529895	0.7799736184745505	14.981316805107445	6.96979066990159	0.0	0.0	7435	31.557178497314453	31.557178497314453	6	45.870399475097656	45.870399475097656	0.31203610915910235	0.31203610915910235	True	False	-0.36008015674571947	0.779121290150017	0.0	0.0	False	False
38	1187	406	781	1.988480491377232e-10	3.7672056566598167e-10	0.1364932897615998	0.0014701089908389759	0.0010736339691739204	0.34203875315922494	0.45427319405312083	1.3700924011518403	9.423980670448563	6.008813185442595	2.729642758219515	25.724100590690608	2802	21.993207931518555	21.993207931518555	40	21.59118938446045	21.59118938446045	-0.01827921366950617	0.0	True	False	0.4548442919190663	1.3706348662705112	0.0	0.0	False	False
39	6125	1785	4340	0.0006907093793466	0.0009313168508308	0.034766780997037	0.006463410218343774	0.0059661605969459856	0.2914285714285714	0.11573060669940993	1.0835236224470322	3.0309025390437627	7.487733761436444	0.8665599710146945	2.626458816382127	12189	22.603818893432617	22.603818893432617	306	16.383169174194336	16.383169174194336	-0.27520348435660347	0.0	True	False	0.11645084114120774	1.0840646833354362	0.0	0.0	False	False
40	939	173	766	4.776179451937424e-12	9.364648794410058e-12	-0.2255643764406727	0.0006264257522540464	0.0010530135984471486	0.18423855165069222	-0.7460864141027592	0.5962187229705104	11.028508505476124	5.159055299214529	0.0	0.0	1170	34.179073333740234	34.179073333740234	41	28.338891983032227	28.338891983032227	-0.17087009041122278	0.0	True	False	-0.7467039884393465	0.5959635542942264	0.0	0.0	False	False
41	2047	617	1430	0.001455167485356	0.0019330479317303	0.0555674166297725	0.0022341311511025817	0.001965808675952249	0.3014167073766488	0.18525525912661323	1.137018130495406	2.7137573771003174	6.42648845745769	1.1905407844605134	3.230838836568517	4202	25.405750274658203	25.405750274658203	117	21.161071014404296	21.161071014404296	-0.1670755326792258	0.0	True	False	0.18564155702575924	1.1373226207112808	0.0	0.0	False	False
42	5590	1589	4001	0.0715919272492831	0.0828473591106394	0.0195736358897396	0.005753702429662889	0.005500140218520942	0.28425760286225404	0.06529582222745578	1.0462994597687059	1.0817213308409803	7.371489295214277	0.48132745457190473	0.5206621747298222	10983	27.446075439453125	27.446075439453125	140	24.273823928833007	24.273823928833007	-0.11558124284902593	0.0	True	False	0.06566207525460221	1.046565114657629	0.0	0.0	False	False
43	2945	674	2271	1.3730883097196056e-10	2.6123586909495887e-10	-0.1069389476227697	0.0024405257631169206	0.0031219241280332566	0.22886247877758914	-0.3544912421307167	0.7821454134531998	9.582967192326107	6.51471269087253	0.0	0.0	4695	31.797117233276367	31.797117233276367	23	33.520626068115234	33.520626068115234	0.051416367681696315	0.051416367681696315	True	False	-0.3554786575411981	0.7816102773491415	0.0	0.0	False	False
44	1587	641	946	0.0	0.0	0.2515851831784356	0.002321034145634935	0.0013004580471684107	0.4039067422810334	0.8361104743637355	1.7852306417372608	300.0	6.464588303689961	5.40510999316447	270.2554996582235	4457	23.113658905029297	23.113658905029297	30	26.346452522277833	26.346452522277833	0.12270318421483783	0.12270318421483783	True	False	0.837583900388994	1.7870548311115428	0.6643929663907236	0.6632242071927208	True	True
45	2530	327	2203	0.0	0.0	-0.4078484544281581	0.0011840533005033132	0.0030284451140718907	0.1292490118577075	-1.3529663698748653	0.39148627381218526	300.0	5.793013608384144	0.0	0.0	2095	35.845890045166016	35.845890045166016	194	28.074295043945312	28.074295043945312	-0.21680574792335888	0.0	True	False	-1.355634502315148	0.3907629248682504	0.0	0.0	False	False
46	1848	622	1226	3.7991831902672857e-13	7.824923176284455e-13	0.1259182045699589	0.0022522359416301554	0.0016853716340681517	0.3365800865800866	0.41886222337559786	1.3368728186513612	12.106519917587203	6.434546518787453	2.695188461273026	32.6293527880531	4257	32.6270637512207	32.6270637512207	97	29.05641746520996	29.05641746520996	-0.10943817418682521	0.0	True	False	0.4196800244523953	1.3376308485393034	0.0	0.0	False	False
47	7577	1470	6107	0.0	0.0	-0.1978922951862727	0.0053228084151066375	0.00839524026855971	0.1940081826580441	-0.6570114592897971	0.6341906622827236	300.0	7.293697720601438	0.0	0.0	10267	31.37120246887207	31.37120246887207	23	33.35901947021485	33.35901947021485	0.05958859201834849	0.05958859201834849	True	False	-0.6614762841323865	0.6322310151316266	0.0	0.0	False	False
48	7781	2324	5457	2.651131159048248e-08	4.704971898864282e-08	0.0499004599964468	0.008415106637216207	0.007501690870399595	0.2986762626911708	0.16594391561856803	1.12189986612739	7.327442966116559	7.751475318021456	1.2863101660931653	9.425364378783586	16031	23.589258193969727	23.589258193969727	237	20.053030014038086	20.053030014038086	-0.14990840961822316	0.0	True	False	0.1672706326557094	1.1229320511893486	0.0	0.0	False	False
49	3562	1074	2488	2.45722565945794e-05	3.6654296381947344e-05	0.0557721954061779	0.0038889090053228085	0.003420232157880556	0.3015160022459292	0.1856528107285218	1.137331492399528	4.435875112820575	6.980075940561763	1.2958707174638218	5.74832066503071	7285	26.376129150390625	26.376129150390625	233	22.263075256347655	22.263075256347655	-0.1559384953945017	0.0	True	False	0.18632982150368704	1.137865331046356	0.0	0.0	False	False
50	2115	1040	1075	0.0	0.0	0.4062431651083623	0.003765796429735308	0.0014777932354186486	0.491725768321513	1.3495331552900307	2.548296512599865	300.0	6.947937068614969	9.376471434964525	468.82357174822624	7172	19.087739944458008	19.087739944458008	108	8.670830249786377	8.670830249786377	-0.5457382448096537	0.0	True	False	1.3528410958687154	2.554146179146628	0.0	0.0	False	False
51	5902	1749	4153	1.3479342672040318e-05	2.0446705607250343e-05	0.0450461684301345	0.006333055726545244	0.00570909330855223	0.296340223652999	0.14987882512952044	1.1094762810004548	4.689376655962118	7.4673710669175595	1.1192008023157773	5.2483541157136795	12141	23.924665451049805	23.924665451049805	102	21.455501365661622	21.455501365661622	-0.10320579363753807	0.0	True	False	0.1507828342835822	1.110171709341004	0.0	0.0	False	False
52	4451	1588	2863	0.0	0.0	0.164647440130793	0.0057500814715573745	0.003935741426049852	0.3567737587059088	0.5471492015661559	1.4611954855889755	300.0	7.370860166536716	4.032960254976347	201.64801274881734	11108	27.785240173339844	27.785240173339844	8	15.167322444915772	15.167322444915772	-0.4541230397760269	0.0	True	False	0.5497778483577562	1.463860267845945	0.0	0.0	False	False
53	2471	633	1838	0.0140510783716978	0.0171438429045987	-0.0423235069710949	0.002292066480790817	0.002526682759720443	0.25617159044921084	-0.13984893708473045	0.9076141855647373	1.7658918215496682	6.452048954437226	0.0	0.0	4400	26.935850143432617	26.935850143432617	31	25.64777946472168	25.64777946472168	-0.047819937809721935	0.0	True	False	-0.140189858148144	0.907399733981019	0.0	0.0	False	False
54	4543	1577	2966	0.0	0.0	0.1462788366978611	0.005710250932396712	0.004077334638373685	0.34712744882236407	0.48614193738767675	1.4006941192985525	300.0	7.363913501405819	3.579907176328695	178.99535881643476	10995	27.01487922668457	27.01487922668457	44	23.398837280273437	23.398837280273437	-0.13385371506082117	0.0	True	False	0.48850769237592484	1.402992884748289	0.0	0.0	False	False
55	4166	889	3277	0.0	0.0	-0.1459563903506135	0.0032190317558025852	0.004504863658108755	0.21339414306289006	-0.48426555486420053	0.7148608976214279	300.0	6.7912214627261855	0.0	0.0	6172	29.955875396728516	29.955875396728516	51	27.813886642456055	27.813886642456055	-0.07150479583402151	0.0	True	False	-0.48612943464869307	0.7139379344125595	0.0	0.0	False	False
56	6212	2314	3898	0.0	0.0	0.1941398098953968	0.00837889705616106	0.005358547006197109	0.37250482936252416	0.6450451430762918	1.5637882176698217	300.0	7.747164966520335	4.997271134264745	249.86355671323724	16070	22.962520599365234	22.962520599365234	128	21.515674018859862	21.515674018859862	-0.06300904877774474	0.0	True	False	0.6494310905070746	1.5685495351169514	0.0	0.0	False	False
57	3482	1268	2214	0.0	0.0	0.1785599270643487	0.004591374877792664	0.0030435667192715236	0.3641585295807008	0.5934062371563806	1.508804869380089	300.0	7.1459844677143876	4.240471753764337	212.02358768821682	8808	21.51017189025879	21.51017189025879	68	16.387398529052735	16.387398529052735	-0.23815585423220073	0.0	True	False	0.5956461805412143	1.511149275078376	0.0	0.0	False	False
58	1913	566	1347	0.0156368811872464	0.0190269909297389	0.0440671255269232	0.002049462287721331	0.0018517092912641111	0.29587036069001565	0.14712630315840514	1.1073615260638783	1.7206298888511795	6.340359303727752	0.9328336250534637	1.605061416592384	3943	24.137161254882812	24.137161254882812	19	22.167005920410155	22.167005920410155	-0.08162332403832726	0.0	True	False	0.147410534149655	1.1075797131803897	0.0	0.0	False	False
59	3713	851	2862	8.060219158778636e-13	1.6301974785097332e-12	-0.1061217792776185	0.003081435347793026	0.003934366734668067	0.22919472124966334	-0.3519335432153685	0.7835332790558568	11.787759782938226	6.747586526829315	0.0	0.0	5898	35.28044891357422	35.28044891357422	59	31.751885223388673	31.751885223388673	-0.10001470499509219	0.0	True	False	-0.35317001940364356	0.7828620317271565	0.0	0.0	False	False
60	4933	1160	3773	5.335731856348502e-13	1.0889743652274898e-12	-0.0916105259126252	0.004200311402397074	0.00518671058347401	0.23515102371781876	-0.3038930365477652	0.8100635306623399	11.962982343542006	7.057036981697891	0.0	0.0	7953	31.361846923828125	31.361846923828125	167	19.802688598632812	19.802688598632812	-0.36857390297421827	0.0	True	False	-0.3053244467623193	0.8092602020738773	0.0	0.0	False	False
61	1635	371	1264	6.543603261466302e-07	1.0722911913862663e-06	-0.1117548742693008	0.0013433754571459608	0.0017376099065759738	0.22691131498470948	-0.369869206146884	0.7738526506007524	5.969687261621273	5.918893854273146	0.0	0.0	2585	30.29287338256836	30.29287338256836	12	30.044106674194335	30.044106674194335	-0.008212053879219451	0.0	True	False	-0.37044046588640356	0.7735462910861781	0.0	0.0	False	False
62	1075	178	897	0.0	0.0	-0.2817541506720499	0.00064453054278162	0.001233098169460956	0.1655813953488372	-0.9327241497035565	0.5238682201215735	300.0	5.187385805840755	0.0	0.0	1210	37.468204498291016	37.468204498291016	36	33.33305740356445	33.33305740356445	-0.11036416476575954	0.0	True	False	-0.9335756920400939	0.5235591011957528	0.0	0.0	False	False
63	2768	750	2018	0.5594984791691642	0.5879355598449305	-0.0092416084476353	0.0027157185791360392	0.002774127208441705	0.2709537572254335	-0.03009589488206288	0.9793551984011036	0.2306702717765727	6.621405651764134	0.0	0.0	5207	28.292400360107422	28.292400360107422	43	26.408976364135743	26.408976364135743	-0.06656996126165832	0.0	True	False	-0.03018201735284798	0.9792967370009968	0.0	0.0	False	False
64	8149	2420	5729	1.334700088229113e-07	2.287329540514777e-07	0.0463548337921147	0.008762718615345621	0.007875606926245058	0.29696895324579703	0.15415956530685548	1.1127731889890529	6.64067126114008	7.791935956938058	1.2012014600204282	7.976784014397163	16767	25.90496826171875	25.90496826171875	173	21.961647033691406	21.961647033691406	-0.15222258480256912	0.0	True	False	0.15544849791795468	1.1137678070571553	0.0	0.0	False	False
65	3229	981	2248	1.2263835034831416e-05	1.866597264623493e-05	0.060490990544367	0.0035521599015099397	0.0030903062262522063	0.3038092288634252	0.20136100377491317	1.1497825206826806	4.7289493749374145	6.889591308354466	1.3872950214491726	6.560447924535852	6764	25.486324310302734	25.486324310302734	103	22.264501571655273	22.264501571655273	-0.12641378566092612	0.0	True	False	0.20202791157806566	1.1503141480694825	0.0	0.0	False	False
66	3429	1145	2284	0.0	0.0	0.120727677163478	0.004145997030814354	0.003139795115996459	0.3339165937591134	0.40136273107398424	1.3207548714150548	300.0	7.044032897274685	2.8272122814251577	141.36061407125788	7968	24.9786434173584	24.9786434173584	47	21.85105171203613	21.85105171203613	-0.1252106310604847	0.0	True	False	0.4028180531401224	1.3220878582579656	0.0	0.0	False	False
67	1468	472	996	1.360987723186824e-06	2.20607757296348e-06	0.0963009502720656	0.0017090922258029475	0.0013691926162576501	0.3215258855585831	0.3207082392471339	1.2489435223375958	5.656379220400969	6.159095388491933	1.9752726373983898	11.17289110080687	3299	23.626943588256836	23.626943588256836	5	25.869732284545897	25.869732284545897	0.08669547375366006	0.08669547375366006	True	False	0.32119774319893324	1.2493673586310134	0.17150857540854764	0.17124719709189498	True	True
68	1669	418	1251	0.0089223862668033	0.011097372392783	-0.0554627378565003	0.0015135604881051526	0.0017197389186127715	0.2504493708807669	-0.18309504816023114	0.880811342281647	1.9547798401686756	6.037870919922137	0.0	0.0	2836	26.11427879333496	26.11427879333496	90	22.59454917907715	22.59454917907715	-0.13478180431910447	0.0	True	False	-0.18339460500382998	0.8806284722591604	0.0	0.0	False	False
69	452	120	332	0.5902932866075599	0.6163760132251032	-0.0213385475929079	0.0004345149726617663	0.00045639753875255005	0.26548672566371684	-0.06705747918083382	0.9545829813335521	0.2101542705484805	4.795790545596741	0.0	0.0	824	34.41717529296875	34.41717529296875	16	24.75053119659424	24.75053119659424	-0.2808668641191294	0.0	True	False	-0.06709068413923269	0.9545610109777102	0.0	0.0	False	False
70	8348	2694	5654	0.0	0.0	0.0986600772947429	0.009754861136256654	0.007772505072611199	0.32271202683277433	0.32788184237310336	1.2551691879307127	300.0	7.899153483343097	2.5899889973064516	129.4994498653226	18741	25.769941329956055	25.769941329956055	117	23.756053924560547	23.756053924560547	-0.07814869966562482	0.0	True	False	0.3307654254550405	1.2576804630523941	0.0	0.0	False	False
71	5305	2351	2954	0.0	0.0	0.3214604282102389	0.008512872506065104	0.004060838341792268	0.4431668237511781	1.067931048261551	2.0964247527372475	300.0	7.763021309018518	8.290371484216903	414.51857421084514	16340	23.746997833251953	23.746997833251953	117	19.99086685180664	19.99086685180664	-0.158172877591531	0.0	True	False	1.0743929834505845	2.105835851237761	0.0	0.0	False	False
72	4250	1294	2956	2.782644250576283e-07	4.661967419808773e-07	0.0618481366712747	0.004685519788536046	0.004063587724555837	0.3044705882352941	0.2057684031132263	1.1533004500367763	6.331430765874797	7.166265974133638	1.4745911057821277	9.3362714942343	9006	27.19514560699463	27.19514560699463	52	19.787791442871093	19.787791442871093	-0.27237780856809807	0.0	True	False	0.2066679752107996	1.1540197984748213	0.0	0.0	False	False
73	1008	338	670	1.5508923745244374e-07	2.647721202134876e-07	0.1234601876386574	0.0012238838396639751	0.0009210432257958089	0.3353174603174603	0.4111822166482799	1.3297750520954883	6.577127746856538	5.82600010738045	2.39554763834581	15.75582284108088	2319	23.18808937072754	23.18808937072754	47	18.81789779663086	18.81789779663086	-0.1884670834335137	0.0	True	False	0.4116179697495568	1.3301767593896285	0.0	0.0	False	False
74	2332	800	1532	0.0	0.0	0.1384495117568102	0.0028967664844117753	0.002106027196894297	0.34305317324185247	0.46034994891586933	1.3758755184305282	300.0	6.68586094706836	3.0778357454415253	153.89178727207627	5544	20.674373626708984	20.674373626708984	56	16.44861125946045	16.44861125946045	-0.20439614972370054	0.0	True	False	0.4614919795306385	1.3769650862167955	0.0	0.0	False	False
75	2975	657	2318	5.0626169922907145e-14	1.077305701203095e-13	-0.1269297720061302	0.0023789694753231705	0.0031865346229771416	0.22084033613445378	-0.4208652122171035	0.7469765136473615	12.967661041820937	6.489204931325317	0.0	0.0	4566	30.145540237426758	30.145540237426758	33	24.186215591430663	24.186215591430663	-0.19768511690486745	0.0	True	False	-0.4220351570589358	0.7463710030997348	0.0	0.0	False	False
76	2253	1055	1198	0.0	0.0	0.3654139316416605	0.0038201108013180287	0.0016468802753781776	0.4682645361739902	1.2139603846757812	2.31973560993559	300.0	6.962243464266207	8.451887754087048	422.5943877043524	7338	15.916223526000977	15.916223526000977	47	14.411756706237792	14.411756706237792	-0.094524107261089	0.0	True	False	1.2171026599491803	2.324793637872457	0.0	0.0	False	False
77	1343	662	681	0.0	0.0	0.4083291675881255	0.002397074265850744	0.0009361648309954415	0.49292628443782577	1.3564705125104712	2.560579784730188	300.0	6.4967749901858625	8.812683700602628	440.6341850301314	4521	17.444807052612305	17.444807052612305	113	14.248251914978027	14.248251914978027	-0.18323820538649083	0.0	True	False	1.3585800525096037	2.5643266587755327	0.0	0.0	False	False
78	2070	248	1822	0.0	0.0	-0.4454784017480578	0.0008979976101676503	0.002504687697611886	0.11980676328502415	-1.4773373426742555	0.3591510546996635	300.0	5.517452896464707	0.0	0.0	1446	32.250938415527344	32.250938415527344	290	27.726516723632812	27.726516723632812	-0.14028806336116503	0.0	True	False	-1.479660877563104	0.3585730889201571	0.0	0.0	False	False
79	653	290	363	0.0	0.0	0.3231096629243372	0.0010500778505992685	0.0004990129715878785	0.444104134762634	1.0738465144626925	2.105038346544021	300.0	5.673323267171493	6.092278415872203	304.61392079361013	1953	20.145952224731445	20.145952224731445	77	14.796239852905273	14.796239852905273	-0.26554775431556876	0.0	True	False	1.0746405267188415	2.1061972098055204	0.0	0.0	False	False
80	993	264	729	0.4427173867449241	0.4721617735118074	-0.0205053113859017	0.0009559329398558859	0.0010021500173211114	0.26586102719033233	-0.06637654082610744	0.9550336417782427	0.3259091765645813	5.579729825986222	0.0	0.0	1781	39.09892654418945	39.09892654418945	67	32.070065307617185	32.070065307617185	-0.1797712074941054	0.0	True	False	-0.06644490515965273	0.9549883871057941	0.0	0.0	False	False
81	2950	1228	1722	0.0	0.0	0.2737835097488069	0.004446536553572075	0.002367218559433407	0.41627118644067795	0.9096575897482673	1.8785995773726998	300.0	7.113956109566034	6.471264168202799	323.56320841013996	8487	20.967470169067383	20.967470169067383	109	12.3036527633667	12.3036527633667	-0.4132028010933874	0.0	True	False	0.9126660379116158	1.8825211034691471	0.0	0.0	False	False
82	2217	576	1641	0.0593937967426421	0.0689090820089051	-0.0340678075681993	0.002085671868776478	0.0022558685575088393	0.2598105548037889	-0.11235852194345242	0.9250745106155998	1.1617235356189421	6.3578422665081	0.0	0.0	4010	26.12369155883789	26.12369155883789	22	23.583257293701173	23.583257293701173	-0.09724637344668328	0.0	True	False	-0.11260622159146294	0.9249156960675126	0.0	0.0	False	False
83	2284	660	1624	0.0797979613304762	0.0921061301732232	0.0295762006982952	0.0023898323496397145	0.002232498804018498	0.28896672504378285	0.09889843789510167	1.0709554279672129	1.035711464137499	6.493753839851686	0.6422221108366499	0.6651568027161018	4597	30.766033172607422	30.766033172607422	23	24.167967224121092	24.167967224121092	-0.21445943035519205	0.0	True	False	0.0991243236599555	1.0711231228150906	0.0	0.0	False	False
84	1405	314	1091	8.353653022652452e-07	1.3589819591199095e-06	-0.1202768124529494	0.001136980845131622	0.001499788297527205	0.22348754448398578	-0.397916493133744	0.7589535553819409	5.866786308614583	5.752572638825633	0.0	0.0	2137	34.821868896484375	34.821868896484375	61	23.554790496826172	23.554790496826172	-0.32356328814952634	0.0	True	False	-0.398442226452957	0.7586770350723064	0.0	0.0	False	False
85	4334	1363	2971	2.3248070135650778e-12	4.659992629869286e-12	0.0822114940923745	0.004935365897816562	0.004084208095282609	0.3144900784494693	0.2733870342823783	1.2086420443830763	11.33161477017902	7.218176838403408	1.9733559587768617	22.361309529296665	9384	29.364227294921875	29.364227294921875	157	18.220277786254883	18.220277786254883	-0.37950767090657206	0.0	True	False	0.2746189292038572	1.209674525827847	0.0	0.0	False	False
86	6267	1418	4849	0.0	0.0	-0.1133576632070675	0.005134518593619872	0.0066658785102744434	0.22626456039572362	-0.37620614259512575	0.770461011508132	300.0	7.257707677160043	0.0	0.0	9886	31.55767250061035	31.55767250061035	40	27.818776893615723	27.818776893615723	-0.11847818012948562	0.0	True	False	-0.3784301681441864	0.7692742015180304	0.0	0.0	False	False
87	2917	584	2333	0.0	0.0	-0.1808836016196031	0.002114639533620596	0.0032071549937039137	0.20020569077819678	-0.5999568224547289	0.6597737010580906	300.0	6.371611847231857	0.0	0.0	4053	28.712696075439453	28.712696075439453	35	23.596258926391602	23.596258926391602	-0.17819424325758107	0.0	True	False	-0.6015388171376674	0.6590506193275837	0.0	0.0	False	False
88	3851	866	2985	1.7763568394002505e-15	4.111258870570683e-15	-0.1168081533864927	0.0031357497193757466	0.004103453774627596	0.22487665541417814	-0.3874371992379668	0.7644864312523993	14.386025176461981	6.7650389767805414	0.0	0.0	6019	30.978097915649414	30.978097915649414	43	26.33935661315918	26.33935661315918	-0.14974261218752397	0.0	True	False	-0.3888399973470964	0.7637434475466855	0.0	0.0	False	False
89	2668	910	1758	0.0	0.0	0.1346408116447632	0.0032950718760183947	0.0024167074491776596	0.3410794602698651	0.4476493023292889	1.3638162711649353	300.0	6.814542897259958	3.0505253736514315	152.52626868257158	6323	23.973047256469727	23.973047256469727	47	21.325944900512695	21.325944900512695	-0.11041993650776476	0.0	True	False	0.4489185172272485	1.3650166201777858	0.0	0.0	False	False
90	825	233	592	0.5820456112365906	0.609180604767434	0.015652504365422	0.0008436832385849296	0.0008138172980165952	0.2824242424242424	0.05387111090179708	1.038046528242174	0.21525393228374257	5.455321115357702	0.2938842088103501	0.06325973158252436	1596	33.04396057128906	33.04396057128906	35	30.575693130493164	30.575693130493164	-0.07469647699980929	0.0	True	False	0.05391261234972333	1.0380763897529999	0.0	0.0	False	False
91	4558	1082	3476	5.4584781139510596e-11	1.0429177332612876e-10	-0.0862342169446092	0.003917876670166926	0.004778427243083928	0.23738481790258886	-0.28600484960024364	0.8201701542009981	9.981749947949083	6.9874902470009905	0.0	0.0	7507	26.205411911010742	26.205411911010742	67	23.129903411865236	23.129903411865236	-0.117361578195734	0.0	True	False	-0.287253409429268	0.819460656705293	0.0	0.0	False	False
92	1161	290	871	0.0252158357952536	0.0298731141743242	-0.0570018670465156	0.0010500778505992685	0.0011973561935345516	0.24978466838931956	-0.1876987857433985	0.8780050934810687	1.5247195012583754	5.673323267171493	0.0	0.0	2024	29.854236602783203	29.854236602783203	6	26.025415420532227	26.025415420532227	-0.1282505137610529	0.0	True	False	-0.18791312440602148	0.8778746594993118	0.0	0.0	False	False
93	1426	394	1032	0.9113289822881504	0.9113289822881504	0.0024348145962555	0.0014266574935727994	0.0014186815060019025	0.2762973352033661	0.009219138684407824	1.0064106810022706	0.04032481797662017	5.978885764901122	0.055120177044855195	0.0022227111061728635	2623	23.790180206298828	23.790180206298828	135	19.431775283813476	19.431775283813476	-0.18320184566451478	0.0	True	False	0.009229039336181799	1.0064175876288284	0.0	0.0	False	False
94	1219	187	1032	0.0	0.0	-0.3212198006915995	0.0006771191657312525	0.0014186815060019025	0.15340442986054142	-1.0639155659458073	0.4783320727197104	300.0	5.236441962829949	0.0	0.0	1238	30.58048439025879	30.58048439025879	71	23.737497329711914	23.737497329711914	-0.2237697406365042	0.0	True	False	-1.0649881572741506	0.4779765823720093	0.0	0.0	False	False
95	3869	1837	2032	0.0	0.0	0.3768037427551418	0.006651700039830539	0.002793372887786692	0.4747996898423365	1.251752612626456	2.3813053273379525	300.0	7.516433302915632	9.408715024557145	470.4357512278572	12767	27.645433807373042	27.645433807373042	92	22.72975425720215	22.72975425720215	-0.17781162648494522	0.0	True	False	1.257343786239308	2.390551997149322	0.0	0.0	False	False
96	4473	2208	2265	0.0	0.0	0.409549152769508	0.0079950754969765	0.0031136759797425477	0.4936284372904091	1.3605010565045212	2.5677434327339745	300.0	7.700295203420117	10.476259759649766	523.8129879824883	15300	20.860000610351562	20.860000610351562	156	16.168405532836914	16.168405532836914	-0.22490867402882492	0.0	True	False	1.3675811377616016	2.580375703456251	0.0	0.0	False	False
97	3254	806	2448	5.0359374316633065e-05	7.36526354011995e-05	-0.061858081606879	0.0029184922330448637	0.0033652445026091642	0.24769514443761526	-0.20488804257536586	0.8676060133459038	4.132811708838708	6.693323668269949	0.0	0.0	5588	34.53130950927735	34.53130950927735	54	32.593322372436525	32.593322372436525	-0.05612260769665151	0.0	True	False	-0.20553622590615284	0.8672162972753427	0.0	0.0	False	False
98	2273	421	1852	0.0	0.0	-0.2227405964482576	0.0015244233624216968	0.0025459284390654297	0.18521777386713595	-0.7386052912733572	0.5993184565218951	300.0	6.045005314036012	0.0	0.0	2933	29.562929153442383	29.562929153442383	14	24.360141563415528	24.360141563415528	-0.1759902600659931	0.0	True	False	-0.7400836389008383	0.5987046419595188	0.0	0.0	False	False
99	2813	820	1993	0.021077851523557	0.0252372142242055	0.0349248437447332	0.00296918564652207	0.002739759923897085	0.2915037326697476	0.11653534849413916	1.0841281854043892	1.5979585857918723	6.710523109452428	0.782013149138013	1.249624625867228	5642	31.91514015197754	31.91514015197754	98	28.062445831298827	28.062445831298827	-0.12071682287254469	0.0	True	False	0.11686566196721593	1.0843764313149598	0.0	0.0	False	False
100	1221	338	883	0.8796594947163585	0.8870244627724889	0.0035742867620716	0.0012238838396639751	0.001213852490115969	0.27682227682227684	0.013189414001136157	1.0091841227278149	0.052064402828245204	5.82600010738045	0.07684152738690446	0.00400070823580943	2317	15.724092483520508	15.724092483520508	49	14.989486503601075	14.989486503601075	-0.046718497788621506	0.0	True	False	0.013202281508174707	1.0091931237580705	0.0	0.0	False	False
101	1090	136	954	0.0	0.0	-0.4253911762699471	0.0004924503023500018	0.001311455578222689	0.12477064220183487	-1.4085805315063276	0.37668212234729975	300.0	4.919980925828125	0.0	0.0	732	33.10261535644531	33.10261535644531	220	28.813529014587402	28.813529014587402	-0.12956941002012987	0.0	True	False	-1.4097647934311475	0.37637304299087104	0.0	0.0	False	False
102	682	322	360	0.0	0.0	0.3721716609898785	0.0011659485099757396	0.0004948888974425241	0.47214076246334313	1.2365636160475528	2.3563659582328285	300.0	5.777652323222656	7.144434649069752	357.2217324534876	2168	19.97957992553711	19.97957992553711	86	15.263026237487793	15.263026237487793	-0.23606871143575966	0.0	True	False	1.2375309321892942	2.357946413614739	0.0	0.0	False	False
103	3018	1207	1811	0.0	0.0	0.2444071098446032	0.004370496433356266	0.0024895660924122535	0.39993373094764745	0.812102098247605	1.7557678449545515	300.0	7.0967213784947605	5.763262322154231	288.1631161077116	8335	26.14398193359375	26.14398193359375	114	22.90276985168457	22.90276985168457	-0.12397545600138205	0.0	True	False	0.8148234184024403	1.7590828321423035	0.0	0.0	False	False
104	1727	480	1247	0.7621984166728035	0.7760251453199292	0.0059930739587936	0.0017380598906470651	0.0017142401530856322	0.2779386218876665	0.020832235526883736	1.014544562928224	0.11012420619443716	6.175867270105761	0.1286571215536157	0.01416826338235314	3326	25.013824462890625	25.013824462890625	34	25.31828727722168	25.31828727722168	0.012025411158241022	0.012025411158241022	True	False	0.02086503638344439	1.0145676296942716	0.0015495908175888675	0.001547154785118022	False	False
105	1390	623	767	0.0	0.0	0.330310972771512	0.00225585689973567	0.0010543882898289335	0.4482014388489209	1.0974865245498862	2.1398156708225917	300.0	6.436150368369428	7.063588299262233	353.17941496311164	4351	20.519855499267578	20.519855499267578	10	26.03940773010254	26.03940773010254	0.2119691925425074	0.2119691925425074	True	False	1.0992211260366158	2.142389991522061	1.4996295653795886	1.4972631082473187	True	True
106	6295	1465	4830	0.0	0.0	-0.0974912159999849	0.005304703624579064	0.006639759374020533	0.23272438443208895	-0.3235158456388998	0.7991200483365111	300.0	7.290292882446597	0.0	0.0	10216	30.16879653930664	30.16879653930664	39	24.384933471679688	24.384933471679688	-0.19171673156041252	0.0	True	False	-0.32545512397429377	0.7980465885606115	0.0	0.0	False	False
107	536	155	381	0.3891705260481355	0.4180324550134279	0.0300250125575266	0.0005612485063547814	0.0005237574164600047	0.2891791044776119	0.10249523827383022	1.073628770927703	0.3787899993587548	5.049856007249537	0.5175861947115742	0.19605647436289753	1067	26.52228546142578	26.52228546142578	18	28.818532943725586	28.818532943725586	0.07967954117524734	0.07967954117524734	True	False	0.10254773455819866	1.0736678384680434	0.04126215345420809	0.04124103051326046	False	False
108	3739	1014	2725	0.522260605298601	0.5504577741292765	-0.0087102615538826	0.003671651518991925	0.003746034015363551	0.27119550682000537	-0.028488340220855335	0.9804470746687333	0.25927599034528437	6.922643891475888	0.0	0.0	7034	32.70154991149901	32.70154991149901	64	31.581615447998047	31.581615447998047	-0.034247137109154356	0.0	True	False	-0.02859767719558093	0.9803727727185927	0.0	0.0	False	False
109	3372	814	2558	4.385483274305102e-07	7.292896259862929e-07	-0.0766578451918776	0.0029474598978889814	0.003516460554605491	0.24139976275207592	-0.2540479145067671	0.8385403345401563	6.137099964153925	6.703188113240863	0.0	0.0	5696	29.97896385192871	29.97896385192871	2	29.21691722869873	29.21691722869873	-0.025419378301193507	0.0	True	False	-0.2548730952144762	0.8380608503541821	0.0	0.0	False	False
110	876	422	454	0.0	0.0	0.388874888165835	0.0015280443205272114	0.0006241098873302944	0.4817351598173516	1.291934761953197	2.448562059377897	300.0	6.0473721790462776	7.812810336578538	390.64051682892693	2881	21.3332462310791	21.3332462310791	73	19.371374130249023	19.371374130249023	-0.09196313020434493	0.0	True	False	1.2932386448771105	2.450776027907144	0.0	0.0	False	False
111	5370	1363	4007	4.729252934443373e-05	6.939328652173446e-05	-0.0477051965366234	0.004935365897816562	0.005508388366811651	0.25381750465549346	-0.15812410514888953	0.8961896032150496	4.158682543487468	7.218176838403408	0.0	0.0	9218	26.098146438598633	26.098146438598633	323	20.240806579589844	20.240806579589844	-0.2244350905452006	0.0	True	False	-0.1589567692146714	0.8956725087814406	0.0	0.0	False	False
112	1997	586	1411	0.0295500370054579	0.0349157016196069	0.0389888923253686	0.0021218814498316254	0.0019396895396983378	0.2934401602403605	0.13023759955657255	1.0944739369322987	1.4569792265296773	6.375024819828097	0.8302679296479827	1.2096831259509142	4021	24.168657302856445	24.168657302856445	81	21.99049949645996	21.99049949645996	-0.09012324429537309	0.0	True	False	0.13049935783159228	1.094672533027083	0.0	0.0	False	False
113	3768	1472	2296	0.0	0.0	0.2275542163368425	0.005330050331317666	0.0031562914125778762	0.39065817409766457	0.7560945654746369	1.688912475703297	300.0	7.29505641646263	5.515752511318275	275.78762556591374	10164	27.571887969970703	27.571887969970703	140	7.6958794593811035	7.6958794593811035	-0.720879489001156	0.0	True	False	0.7592423703339195	1.6926015235179646	0.0	0.0	False	False
114	1425	455	970	6.093759827630052e-06	9.467467690677831e-06	0.0918579524525667	0.0016475359380091973	0.0013334506403312456	0.3192982456140351	0.305986556066145	1.236263740589264	5.023766168307403	6.1224928095143865	1.8734004893230434	9.411525997951639	3172	22.055814743041992	22.055814743041992	13	24.81348114013672	24.81348114013672	0.11113581288818442	0.11113581288818442	True	False	0.30643873844234726	1.2366512821522009	0.2085095638932626	0.2082018862460389	True	True
115	4960	1561	3399	4.3520742565306136e-14	9.349671488910265e-14	0.0826700285407007	0.005652315602708477	0.004672576006686499	0.31471774193548385	0.27487371461029664	1.2098881777944004	13.029203648278276	7.3537223303996315	2.021344973169634	26.336515298850745	10871	25.869375228881836	25.869375228881836	56	23.789737701416016	23.789737701416016	-0.08038994019244854	0.0	True	False	0.27629288445675826	1.211078922592752	0.0	0.0	False	False
116	1970	539	1431	0.854265362523787	0.8658355480207233	-0.0034325785113428	0.0019516964188724336	0.0019671833673340334	0.2736040609137056	-0.010569090533579129	0.9927008339497791	0.06256458762390364	6.29156913955832	0.0	0.0	3742	26.340431213378906	26.340431213378906	31	23.670549392700195	23.670549392700195	-0.10136059653126016	0.0	True	False	-0.010593100833007796	0.9926843128935252	0.0	0.0	False	False
117	2733	659	2074	4.604486685044762e-06	7.279628597130627e-06	-0.0773050473973702	0.0023862113915342	0.002851109925821653	0.2411269667032565	-0.25605537764234754	0.8373743443973464	5.137890777600608	6.492239835020471	0.0	0.0	4583	28.82718849182129	28.82718849182129	30	26.122521018981935	26.122521018981935	-0.09382349144477649	0.0	True	False	-0.25672946917854844	0.836983177109285	0.0	0.0	False	False
118	2811	666	2145	1.9284706143096741e-07	3.267484172924693e-07	-0.0873347772887999	0.002411558098272803	0.002948713013928373	0.23692636072572038	-0.2893734056816566	0.8182573686391958	6.485786507382649	6.502790045915623	0.0	0.0	4661	30.72134017944336	30.72134017944336	1	37.97874069213867	37.97874069213867	0.19109113099680902	0.19109113099680902	True	False	-0.29015206270634764	0.8178158547221004	0.0	0.0	False	False
119	1493	428	1065	0.238704861169567	0.2620500798658572	0.0247124513002148	0.0015497700691603	0.0014640463216008006	0.28667113194909577	0.0831002313075544	1.0592919264851375	0.5816157036000225	6.061456918928017	0.5037084720236942	0.2929647573653531	2996	31.846725463867188	31.846725463867188	0					False	True	0.08322246824135959	1.0593816821709066			False	False
120	1641	489	1152	0.0134560528565816	0.0164625823776707	0.0484746700981306	0.0017706485135966976	0.0015836444718160772	0.2979890310786106	0.1618777292647522	1.118742281802125	1.78350203884393	6.194405391104672	1.0027362788573635	1.7883821977648833	3393	24.374798202514725	24.374798202514725	30	19.06756420135498	19.06756420135498	-0.21773447956636635	0.0	True	False	0.16214634890931023	1.1189506031204237	0.0	0.0	False	False
121	2626	802	1824	3.084242312523244e-05	4.5553447313254494e-05	0.063767824353262	0.002904008400622805	0.002507437080375456	0.3054074638233054	0.21233586140294136	1.1585624897537257	4.341478751677304	6.688354713946762	1.4201775595543091	6.165670698413962	5521	31.452547073364258	31.452547073364258	93	21.749034881591797	21.749034881591797	-0.308512762706901	0.0	True	False	0.2129079196651631	1.1590219747059658	0.0	0.0	False	False
122	1821	389	1432	3.147881955101184e-11	6.04016665743774e-11	-0.1453751265841233	0.0014085527030452257	0.0019685580587158183	0.21361889071938495	-0.4815761906048408	0.7161947307034056	10.218951078364455	5.966146739123692	0.0	0.0	2712	35.86427307128906	35.86427307128906	11	40.72401428222656	40.72401428222656	0.11933355040243337	0.11933355040243337	True	False	-0.482387096160771	0.7157922873021884	0.0	0.0	False	False
123	6587	1449	5138	0.0	0.0	-0.1291074243977451	0.0052467682948908285	0.007063164319610247	0.2199787460148778	-0.4285282296436925	0.7430193926247788	300.0	7.27931883541462	0.0	0.0	9994	30.296581268310547	30.296581268310547	149	21.59738082885742	21.59738082885742	-0.28713472198106615	0.0	True	False	-0.43116659198681084	0.7416618202339355	0.0	0.0	False	False
124	1237	214	1023	0.0	0.0	-0.2588435703001719	0.00077488503458015	0.0014063092835658395	0.17299919159256266	-0.857197834546108	0.5520237202296702	300.0	5.3706380281276624	0.0	0.0	1425	34.887516021728516	34.887516021728516	73	27.946643447875978	27.946643447875978	-0.1989500361541833	0.0	True	False	-0.8581114027421535	0.5516742689185288	0.0	0.0	False	False
125	4575	1002	3573	0.0	0.0	-0.1315470046097086	0.0036282000217257486	0.004911772307117052	0.21901639344262294	-0.4364718366153655	0.7389395043079092	300.0	6.910750787961936	0.0	0.0	6909	32.213035583496094	32.213035583496094	105	21.377010345458984	21.377010345458984	-0.33638634303650655	0.0	True	False	-0.4383332062801859	0.7379867370066112	0.0	0.0	False	False
126	2168	973	1195	0.0	0.0	0.3313632250454708	0.0035231922366658216	0.0016427562012328231	0.4488007380073801	1.1009024689864244	2.144888227111218	300.0	6.881411303642535	7.575762694291156	378.7881347145578	6724	23.27061710357665	23.27061710357665	87	16.653493881225586	16.653493881225586	-0.28435529633350487	0.0	True	False	1.10362076308129	2.148933387784931	0.0	0.0	False	False
127	1484	291	1193	2.6423307986078732e-14	5.759254993082208e-14	-0.1921291646221137	0.0010536988087047833	0.0016400068184692536	0.19609164420485176	-0.6363670629035223	0.6433309210299075	13.239633692500322	5.676753802268282	0.0	0.0	2008	35.358541488647454	35.358541488647454	29	23.659841537475586	23.659841537475586	-0.33085923396834577	0.0	True	False	-0.6372156888393814	0.6429526104710963	0.0	0.0	False	False
128	5486	2380	3106	0.0	0.0	0.3049937957252073	0.008617880291125032	0.004269791431823555	0.4338315712723296	1.0132382895924268	2.0184366248495245	300.0	7.7752758464868625	7.878207199803657	393.9103599901828	16364	22.058958053588867	22.058958053588867	296	14.051210403442383	14.051210403442383	-0.36301567964782766	0.0	True	False	1.0195503112402973	2.0272869547379053	0.0	0.0	False	False
129	1342	385	957	0.2551387769392972	0.279408075233523	0.0251670817935238	0.001394068870623167	0.0013155796523680434	0.28688524590163933	0.08472208808047199	1.0604834366693008	0.5537610464012216	5.955837369464831	0.504590978208766	0.27942282809750224	2618	33.00088882446289	33.00088882446289	77	29.52830390930176	29.52830390930176	-0.10522701172178657	0.0	True	False	0.08483385503252805	1.0605655965086163	0.0	0.0	False	False
130	1517	196	1321	0.0	0.0	-0.4080284561949716	0.000709707788680885	0.0018159673153377066	0.12920237310481214	-1.3523114924052066	0.39166402013400653	300.0	5.2832037287379885	0.0	0.0	1292	35.3511962890625	35.3511962890625	80	25.450031280517578	25.450031280517578	-0.2800800552146604	0.0	True	False	-1.353911126120579	0.39122999094145955	0.0	0.0	False	False
131	3323	549	2774	0.0	0.0	-0.2829158222253471	0.0019879059999275807	0.0038133938930710056	0.16521215768883538	-0.9387727017241421	0.5216764810248847	300.0	6.309918278226516	0.0	0.0	3771	32.53276443481445	32.53276443481445	72	25.788659858703614	25.788659858703614	-0.20730192140984294	0.0	True	False	-0.9414156079758111	0.520721684695663	0.0	0.0	False	False
132	1757	575	1182	2.4477357918328835e-09	4.541460208813903e-09	0.1076686582059743	0.0020820509106709633	0.0016248852132696209	0.3272623790552077	0.3583113648832299	1.2819245614334582	8.34280448664311	6.3561076606958915	2.2774656112486986	19.000450319701038	3825	21.85297966003418	21.85297966003418	200	15.952933311462402	15.952933311462402	-0.2699881865246082	0.0	True	False	0.35897051613281583	1.2825103922663441	0.0	0.0	False	False
133	4230	1189	3041	0.3090772113355662	0.3352069272697324	0.0127837245359744	0.0043053191874570015	0.004180436492007544	0.2810874704491726	0.04283598253088705	1.030136832512639	0.4746870149703614	7.081708586105575	0.3033519452832512	0.14399722939195891	8255	25.27628517150879	25.27628517150879	68	21.741392517089842	21.741392517089842	-0.13985016510272036	0.0	True	False	0.04301529039502672	1.0302648728184924	0.0	0.0	False	False
134	2116	875	1241	0.0	0.0	0.2688545615849223	0.003168338342325379	0.0017059920047949235	0.41351606805293006	0.893358537234473	1.8574952702601888	300.0	6.775366090936392	6.052831140226984	302.6415570113492	6012	25.147106170654297	25.147106170654297	113	21.745095825195314	21.745095825195314	-0.13528436720997336	0.0	True	False	0.8954717847757401	1.8602181073903672	0.0	0.0	False	False
135	4135	872	3263	0.0	0.0	-0.1524822987937502	0.003157475468008835	0.004485617978763768	0.21088270858524788	-0.5059292878892618	0.7042066285235777	300.0	6.771935555839602	0.0	0.0	6013	31.546716690063477	31.546716690063477	91	21.308101654052734	21.308101654052734	-0.3245540617301604	0.0	True	False	-0.5078543675040388	0.7032675875471893	0.0	0.0	False	False
136	1946	496	1450	0.0200848233053894	0.0243075085286249	-0.0452680356830088	0.0017959952203353007	0.0019933025035879445	0.25488180883864336	-0.14942095769186636	0.9016122624888323	1.6142595531978494	6.208590026096629	0.0	0.0	3435	32.59727096557617	32.59727096557617	37	40.65188980102539	40.65188980102539	0.19813639353233836	0.19813639353233836	True	False	-0.14970777533132384	0.9014330336222649	0.0	0.0	False	False
137	2579	703	1876	0.7293801025460329	0.7494088467807066	-0.0056592189616429	0.0025455335481768477	0.002578921032228265	0.27258627374951533	-0.018158246672685507	0.9874925391909383	0.12528118436022814	6.556778356158042	0.0	0.0	4875	35.64914321899414	35.64914321899414	46	33.287771224975586	33.287771224975586	-0.0662392355269957	0.0	True	False	-0.018208162803421857	0.9874583733051682	0.0	0.0	False	False
138	6415	2030	4385	0.0	0.0	0.0861447302724609	0.00735054495419488	0.006028021709126301	0.31644583008573657	0.2863574055226188	1.2195571832037237	300.0	7.616283561580385	2.18097920041873	109.04896002093649	14128	29.93427085876465	29.93427085876465	82	30.314844131469727	30.314844131469727	0.012554023733541366	0.012554023733541366	True	False	0.28827661895745926	1.2211806365292637	0.027563570245804907	0.027380064644416804	True	True
139	4062	638	3424	0.0	0.0	-0.3090947872222068	0.0023101712713183907	0.004706943291231119	0.15706548498276712	-1.0258711202653776	0.49111366814512647	300.0	6.459904454377535	0.0	0.0	4429	34.94974136352539	34.94974136352539	37	32.444129180908206	32.444129180908206	-0.07169186623029256	0.0	True	False	-1.0293427293846023	0.48993330435508076	0.0	0.0	False	False
140	1545	304	1241	1.2878587085651816e-14	2.848515074609687e-14	-0.1902799078277049	0.0011007712640764746	0.0017059920047949235	0.19676375404530744	-0.630306413292752	0.646039188799803	13.545381477873974	5.720311776607412	0.0	0.0	2071	33.129600524902344	33.129600524902344	57	30.320896911621094	30.320896911621094	-0.0847792780106131	0.0	True	False	-0.6311824108847244	0.6456470359346385	0.0	0.0	False	False
141	7050	2082	4968	5.999224930608449e-06	9.352958311955531e-06	0.0429174280673072	0.007538834775681645	0.0068294667847068335	0.29531914893617023	0.1427698455401405	1.1040227073609692	5.029051001389423	7.641564441260972	1.090984974963859	5.486619080842809	14501	29.821802139282227	29.821802139282227	73	23.821366119384766	23.821366119384766	-0.2012097052979067	0.0	True	False	0.14379901938199602	1.1048105638597185	0.0	0.0	False	False
142	1998	621	1377	1.707773010317659e-05	2.573121079304124e-05	0.0747759499812329	0.0022486149835246405	0.001892950032717655	0.3108108108108108	0.24903769257172392	1.1884141537535056	4.589539777397717	6.432940092739179	1.602044557147897	7.352647220193783	4261	25.7742977142334	25.7742977142334	86	19.08318519592285	19.08318519592285	-0.25960406729590535	0.0	True	False	0.24955024905177403	1.188836445073494	0.0	0.0	False	False
143	5178	1673	3505	0.0	0.0	0.0994262087210452	0.006057862910526125	0.004818293293155687	0.32309772112784857	0.33051203116030514	1.2574595840312948	300.0	7.422971251049421	2.4533813054288953	122.66906527144477	11565	26.504789352416992	26.504789352416992	146	21.689489364624023	21.689489364624023	-0.1816765990390283	0.0	True	False	0.3323084990812877	1.25902636896362	0.0	0.0	False	False
144	2763	678	2085	5.292181564842125e-05	7.714901047448421e-05	-0.0672580753810881	0.0024550095955389794	0.002866231531021286	0.24538545059717698	-0.2227088764926144	0.8569548634767272	4.112669639895417	6.520621127558696	0.0	0.0	4744	30.68584442138672	30.68584442138672	2	55.94723892211914	55.94723892211914	0.45152173704045206	0.45152173704045206	True	False	-0.2233053509342664	0.8566006333675592	0.0	0.0	False	False
145	2694	885	1809	3.6415315207705135e-14	7.860806023201733e-14	0.1101229938994548	0.0032045479233805264	0.0024868167096486838	0.3285077951002227	0.36623681935713215	1.288986201067951	13.104532920438762	6.786716950605081	2.4855456298667398	32.571914531841394	6034	26.488113403320312	26.488113403320312	161	21.46997833251953	21.46997833251953	-0.1894485648861558	0.0	True	False	0.36727361542280157	1.2899128668623607	0.0	0.0	False	False
146	5778	1576	4202	0.6282513448982818	0.6544892200912494	-0.0052815448550326	0.005706629974291198	0.005776453186259685	0.2727587400484597	-0.01725893446243809	0.9881082902126621	0.1840975021971684	7.3632795869630385	0.0	0.0	11026	28.89308738708496	28.89308738708496	6	60.96284866333008	60.96284866333008	0.5260541785596624	0.5260541785596624	True	False	-0.01736187933676625	0.9880377853230119	0.0	0.0	False	False
147	1357	344	1013	0.0383671587810683	0.044978731834725	-0.048432712726724	0.0012456095882970634	0.0013925623697479915	0.25350036845983787	-0.15950648578485094	0.8953312916750704	1.3469927935634645	5.84354441703136	0.0	0.0	2253	24.603992462158203	24.603992462158203	155	19.35586166381836	19.35586166381836	-0.21330403211639948	0.0	True	False	-0.15972039607212274	0.8951985495704841	0.0	0.0	False	False
148	4164	859	3305	0.0	0.0	-0.1645600099288501	0.003110403012637144	0.004543355016798729	0.2062920268972142	-0.5460352548926641	0.6848997529998292	300.0	6.756932389247553	0.0	0.0	5939	31.004724502563477	31.004724502563477	74	21.787324905395508	21.787324905395508	-0.2972901628719801	0.0	True	False	-0.5481121337092558	0.6839144925189816	0.0	0.0	False	False
149	802	332	470	0.0	0.0	0.2696585158298954	0.0012021580910308869	0.000646104949438851	0.4139650872817955	0.896423332637772	1.8614454426086409	300.0	5.808142489980444	5.206554447303317	260.3277223651658	2320	26.468122482299805	26.468122482299805	4	28.42490119934082	28.42490119934082	0.06884029968365882	0.06884029968365882	True	False	0.8972246669667836	1.8624796559589518	0.3587411693978052	0.35842076847164694	True	True
150	2485	591	1894	1.7384659338759434e-06	2.7977462520082382e-06	-0.0851742037243011	0.002139986240359199	0.002603665477100391	0.23782696177062373	-0.2821033511911626	0.822391152484643	5.553191677388847	6.3835066348840055	0.0	0.0	4094	35.6957893371582	35.6957893371582	43	29.26904640197754	29.26904640197754	-0.18004204570118928	0.0	True	False	-0.2827755126881826	0.8220080840601963	0.0	0.0	False	False
151	1302	380	922	0.1090273260750691	0.1233079833947255	0.0356709656250451	0.0013759640800955933	0.0012674654540055757	0.29185867895545314	0.11961125753354374	1.0864420750229151	0.9090088047340645	5.942799375126701	0.7108257065284627	0.6461468258656847	2649	26.891855239868164	26.891855239868164	11	24.120708465576172	24.120708465576172	-0.10304780944171026	0.0	True	False	0.11976637244851496	1.0865588928016137	0.0	0.0	False	False
152	5264	1532	3732	0.0021615798700085	0.0028213644233541	0.0339354202834824	0.00554730781764855	0.005130348236820834	0.29103343465045595	0.11300852853399768	1.0814811566722606	2.5495408142948324	7.334981878871814	0.8289155089548413	2.1133539216823416	10504	26.26212501525879	26.26212501525879	220	20.483545303344727	20.483545303344727	-0.22003473475800603	0.0	True	False	0.11361167305491282	1.0819333837786669	0.0	0.0	False	False
153	1306	632	674	0.0	0.0	0.3926754718083005	0.0022884455226853027	0.000926541991322948	0.48392036753445633	1.3045107516111614	2.4699995031583786	300.0	6.450470422144176	8.414708018636864	420.7354009318432	4296	22.314403533935547	22.314403533935547	130	16.6044282913208	16.6044282913208	-0.2558874241890923	0.0	True	False	1.3064771014863616	2.473368333350521	0.0	0.0	False	False
154	977	389	588	0.0	0.0	0.2411905653111396	0.0014085527030452257	0.0008083185324894561	0.39815762538382804	0.8018446280009819	1.7433287200214582	300.0	5.966146739123692	4.783922712631908	239.19613563159538	2630	20.30821990966797	20.30821990966797	93	17.30245590209961	17.30245590209961	-0.14800726114539609	0.0	True	False	0.8027099205896455	1.7443746388372428	0.0	0.0	False	False
155	3485	1077	2408	6.90906343248088e-08	1.197748834433944e-07	0.07117751077361	0.0038997718796393525	0.0033102568473377726	0.309038737446198	0.23681666036724103	1.1783896469493689	6.921634243094866	6.982862751468942	1.6536582366056787	11.446017476865737	7394	23.734411239624023	23.734411239624023	145	19.283305358886718	19.283305358886718	-0.18753807860657154	0.0	True	False	0.2376686006596005	1.179085715118283	0.0	0.0	False	False
156	2888	827	2061	0.1107790125738814	0.1249743131800823	0.0240458078348406	0.0029945323532606727	0.0028332389378584507	0.2863573407202216	0.08040047078427293	1.0573114938475638	0.9031792413160799	6.71901315438526	0.5402118208182976	0.48790810247664806	5730	27.956998825073242	27.956998825073242	59	21.82201156616211	21.82201156616211	-0.21944369985125037	0.0	True	False	0.08063222266540926	1.0574813520661444	0.0	0.0	False	False
157	2595	530	2065	0.0	0.0	-0.1700258963298291	0.0019191077959228012	0.00283873770338559	0.20423892100192678	-0.5638026889635981	0.6765166333939098	300.0	6.274762021241939	0.0	0.0	3685	34.08445358276367	34.08445358276367	25	30.92070198059082	30.92070198059082	-0.09282095705277035	0.0	True	False	-0.5651342208523094	0.6758925320587288	0.0	0.0	False	False
158	2236	586	1650	0.1059207464469234	0.1200970079663348	-0.0289680381341452	0.0021218814498316254	0.0022682407799449024	0.2620751341681574	-0.09543641021626925	0.935989071178395	0.9204678122465271	6.375024819828097	0.0	0.0	4094	35.52032356262208	35.52032356262208	8	60.99314880371094	60.99314880371094	0.41763420549192964	0.41763420549192964	True	False	-0.09564965024390482	0.9358507359238345	0.0	0.0	False	False
159	1225	127	1098	0.0	0.0	-0.5161803290938997	0.00045986167940036934	0.0015094111371996986	0.1036734693877551	-1.7097020025866616	0.3057232118857611	300.0	4.852030263919617	0.0	0.0	844	34.501670837402344	34.501670837402344	45	33.011558532714844	33.011558532714844	-0.043189569331584625	0.0	True	False	-1.7112192949495828	0.3054018496862097	0.0	0.0	False	False
160	3291	1625	1666	0.0	0.0	0.4097966583053235	0.005884056921461419	0.002290235842053459	0.4937708903068976	1.3613259535578655	2.569212024218681	300.0	7.3938782901077555	10.06547841377174	503.27392068858694	11116	22.892667770385742	22.892667770385742	259	16.100936126708984	16.100936126708984	-0.29667715933320066	0.0	True	False	1.3665303914887943	2.5784970437541763	0.0	0.0	False	False
161	3338	1121	2217	0.0	0.0	0.124458209541869	0.004059094036282	0.003047690793416878	0.33582983822648294	0.41375923087560285	1.3321524856897649	300.0	7.022868086082641	2.905776497838371	145.28882489191855	7843	29.989173889160156	29.989173889160156	4	41.77373580932617	41.77373580932617	0.2821045734084204	0.2821045734084204	True	False	0.41522195290289243	1.3335038155774155	0.8226307596577292	0.8197328393429073	True	True
162	3460	1034	2426	0.0001924361446536	0.0002734298384478	0.050248032288803	0.0037440706811022197	0.003335001292209899	0.29884393063583814	0.16732050007357024	1.122970866523181	3.5631540941349304	6.942156705699469	1.1615651315867241	4.138835554217615	7135	20.971847534179688	20.971847534179688	103	19.001852416992186	19.001852416992186	-0.0939352202507111	0.0	True	False	0.16791113194671325	1.1234306990963852	0.0	0.0	False	False
163	1761	601	1160	1.8651746813702643e-14	4.105212901643373e-14	0.1350347728373618	0.0021761958214143464	0.0015946420028703557	0.34128336172629187	0.4491538348093531	1.36523928581352	13.386664314887716	6.400257445308821	2.8747001753275705	38.482646253059045	4080	22.582746505737305	22.582746505737305	127	17.18640937805176	17.18640937805176	-0.23895840686670097	0.0	True	False	0.449992800057192	1.3660334393835023	0.0	0.0	False	False
164	1806	459	1347	0.0204104131916897	0.024635149255561	-0.0469366201239081	0.0016620197704312562	0.0018517092912641111	0.2541528239202658	-0.15488479137307642	0.8982040974869406	1.608444802146118	6.131226489483141	0.0	0.0	3051	24.36882972717285	24.36882972717285	162	19.117354965209962	19.117354965209962	-0.21549966989621783	0.0	True	False	-0.15516055998754652	0.8980324237647822	0.0	0.0	False	False
165	1273	191	1082	0.0	0.0	-0.3325756034597582	0.0006916029981533113	0.001487416075091142	0.15003927729772193	-1.1016870127113734	0.46597129441558766	300.0	5.2574953720277815	0.0	0.0	1251	42.32881546020508	42.32881546020508	86	35.4509220123291	35.4509220123291	-0.1624872648359873	0.0	True	False	-1.1028380012663828	0.46559968868725665	0.0	0.0	False	False
166	5731	1609	4122	0.2637037322507236	0.2866900139965494	0.0120663467171925	0.0058261215917731835	0.005666477875716901	0.28075379514918863	0.04035679813060522	1.0283681246509004	0.542587434161032	7.383989457978509	0.29799417195415573	0.1616878931555467	11263	28.39344024658203	28.39344024658203	0					False	True	0.04058681645659501	1.0285320971923402			False	False
167	1818	544	1274	0.0060417589102488	0.0075775132701165	0.0510477617604982	0.001969801209400007	0.0017513568203938216	0.2992299229922992	0.17033629567246145	1.125320769086955	2.1204732944016698	6.300785794663244	1.0732525120886032	2.275803290033388	3775	24.49007225036621	24.49007225036621	33	24.610877990722656	24.610877990722656	0.004908631882291415	0.004908631882291415	True	False	0.17065040801002418	1.1255658074427097	0.005277916439733396	0.005268201498587471	True	True
168	4598	1225	3373	0.1196914925035614	0.1340186537009952	-0.0192619624272319	0.004435673679255531	0.004636834030760094	0.2664201826881253	-0.06361196265437563	0.9568654887159179	0.8728347491307827	7.111512116496157	0.0	0.0	8462	24.99216651916504	24.99216651916504	113	20.257272720336914	20.257272720336914	-0.18945511567383366	0.0	True	False	-0.06390512553094574	0.9566710685981056	0.0	0.0	False	False
169	1065	329	736	0.0030026983499176	0.0038630703699513	0.0709363736743979	0.0011912952167143426	0.001011772856993605	0.3089201877934272	0.23685665494995867	1.178422314875812	2.4130673806454497	5.799092654460526	1.3735536878803967	3.3144775997894462	2227	23.419910430908203	23.419910430908203	76	20.395195960998535	20.395195960998535	-0.12915141066969368	0.0	True	False	0.23711431412837136	1.1786327948678488	0.0	0.0	False	False
170	2513	791	1722	7.697249837512744e-08	1.324162903081694e-07	0.0827616264415299	0.002864177861462143	0.002367218559433407	0.3147632311977716	0.2754209875232849	1.2103472246564861	6.878058583206394	6.674561391814426	1.8383142898183202	12.644033379715863	5435	31.425304412841797	31.425304412841797	102	29.035139656066896	29.035139656066896	-0.07605860313633658	0.0	True	False	0.27613820304326	1.2109490813220052	0.0	0.0	False	False
171	3156	945	2211	0.000261940027838	0.0003675346015603	0.0514613559920047	0.0034218054097114097	0.0030394426451261693	0.2994296577946768	0.17138783602886498	1.126141283137712	3.4347017679830243	6.852242569051878	1.1743910258546717	4.033682932806438	6590	24.881437301635742	24.881437301635742	25	19.089350509643555	19.089350509643555	-0.2327874680941927	0.0	True	False	0.1719396305123002	1.1265720861693858	0.0	0.0	False	False
172	1498	638	860	0.0	0.0	0.2909405175389629	0.0023101712713183907	0.0011822345883349189	0.4259012016021362	0.9667751426402766	1.9544668873480366	300.0	6.459904454377535	6.245275050323399	312.26375251617	4453	29.290688705444353	29.290688705444353	13	26.674259185791016	26.674259185791016	-0.08932632298150822	0.0	True	False	0.9684036327733327	1.9566743026298763	0.0	0.0	False	False
173	2599	686	1913	0.1346107550534474	0.1503488284054674	-0.0247725642589455	0.0024839772603830975	0.002629784613354302	0.2639476721816083	-0.08161856054363881	0.9449968591712878	0.8228999517937464	6.532334292222349	0.0	0.0	4748	28.33448028564453	28.33448028564453	54	23.198572540283205	23.198572540283205	-0.1812599946632301	0.0	True	False	-0.0818310795483832	0.9448576648195915	0.0	0.0	False	False
174	950	225	725	0.0024450620653415	0.0031821242531546	-0.0875371983971075	0.0008147155737408118	0.0009966512517939723	0.23684210526315788	-0.28858446583360653	0.8187049562232153	2.497282866359505	5.420534999272286	0.0	0.0	1569	30.79886817932129	30.79886817932129	6	24.62885284423828	24.62885284423828	-0.20033253492170944	0.0	True	False	-0.28884880294937254	0.8185549631368851	0.0	0.0	False	False
175	147	70	77	4.6851411639181606e-14	1.00172780123774e-13	0.3792256049035315	0.00025346706738603035	0.00010585123639742877	0.47619047619047616	1.2606906621023128	2.396104222854786	12.999250272959925	4.2626798770413155	5.373920716517421	69.85694034105408	488	10.382668495178223	10.382668495178223	2	15.389094352722168	15.389094352722168	0.32532296851233233	0.32532296851233233	True	False	1.2609020441037977	2.3964553229828485	1.748552973545706	1.7482598400473675	True	True
176	2524	435	2089	0.0	0.0	-0.2608308929636883	0.001575116775898903	0.002871730296548425	0.17234548335974642	-0.8651494197457872	0.5489895451701441	300.0	6.077642243349034	0.0	0.0	3023	33.18570327758789	33.18570327758789	22	34.318986892700195	34.318986892700195	0.03302205914922737	0.03302205914922737	True	False	-0.8670258279515366	0.5482759786560176	0.0	0.0	False	False
177	1858	769	1089	0.0	0.0	0.2695167501070145	0.002784516783140819	0.0014970389147636355	0.41388589881593113	0.8955907501900597	1.860371508307522	300.0	6.646390514847729	5.952445867248575	297.62229336242876	5374	22.197906494140625	22.197906494140625	9	26.461114120483398	26.461114120483398	0.1611121741485045	0.1611121741485045	True	False	0.8974505471334684	1.8627712838767254	0.9610029925702931	0.9590114951736983	True	True
178	1620	339	1281	2.2835733304304995e-11	4.4005340144347395e-11	-0.1567311414794695	0.0012275047977694897	0.0017609796600663152	0.20925925925925926	-0.519086284069088	0.6978136462820668	10.356494617729785	5.8289456176102075	0.0	0.0	2355	28.50068473815918	28.50068473815918	18	24.64729747772217	24.64729747772217	-0.13520332216010805	0.0	True	False	-0.5198586991753089	0.6974401386992988	0.0	0.0	False	False
179	1993	447	1546	7.370296595254899e-09	1.3452289314103454e-08	-0.1182836763884864	0.0016185682731650794	0.0021252728762392844	0.22428499749121927	-0.3917835309598896	0.7621867688317708	7.871203801023807	6.104793232414985	0.0	0.0	3125	32.1768798828125	32.1768798828125	4	38.31438293457031	38.31438293457031	0.160187965502116	0.160187965502116	True	False	-0.3925175446312501	0.7617990824552427	0.0	0.0	False	False
180	3881	875	3006	2.886579864025407e-15	6.612624280343917e-15	-0.1153626331670317	0.003168338342325379	0.004132322293645077	0.2254573563514558	-0.38264215978475313	0.7670315576344672	14.179626152573338	6.775366090936392	0.0	0.0	6038	26.36929702758789	26.36929702758789	87	21.237610626220704	21.237610626220704	-0.19460838853604448	0.0	True	False	-0.384039614524724	0.7662889385199014	0.0	0.0	False	False
181	2857	711	2146	0.0002733406415891	0.0003811489070606	-0.059141826838565	0.0025745012130209653	0.002950087705310158	0.2488624431221561	-0.19578679594358483	0.873096609380545	3.41890532122579	6.568077911411976	0.0	0.0	4928	29.34228515625	29.34228515625	49	26.220573806762694	26.220573806762694	-0.10638951032150172	0.0	True	False	-0.19633177777849653	0.8727668571331174	0.0	0.0	False	False
182	1477	503	974	4.131139874630208e-12	8.135446507495452e-12	0.1336273182389219	0.0018213419270739037	0.0013389494058583847	0.34055517941773866	0.4445933077266524	1.3609304193977982	11.0896186061666	6.222576268071369	2.766515765603218	30.679604708486682	3440	20.83262062072754	20.83262062072754	81	17.466150283813477	17.466150283813477	-0.1615961044077466	0.0	True	False	0.44528873070035857	1.3615865874660869	0.0	0.0	False	False
183	4200	1482	2718	0.0	0.0	0.1572170413081596	0.0053662599123728135	0.0037364111756910574	0.35285714285714287	0.5224849916130223	1.4364273140544614	300.0	7.301822342137932	3.8150925851917163	190.7546292595858	10246	24.691930770874023	24.691930770874023	128	22.450732803344728	22.450732803344728	-0.09076641224723325	0.0	True	False	0.5248454869463623	1.4387794780630525	0.0	0.0	False	False
184	4192	1292	2900	8.003129270406362e-09	1.4489536461340552e-08	0.069482805821488	0.0046782778723250176	0.003986605007175889	0.30820610687022904	0.2311263761941511	1.17375099119905	7.838945507938213	7.164720378771857	1.6559558575899251	12.980947731198516	8861	25.925052642822266	25.925052642822266	183	21.18297119140625	21.18297119140625	-0.18291501725181383	0.0	True	False	0.23212696264015964	1.1745653328734946	0.0	0.0	False	False
185	1826	543	1283	0.0112263717199556	0.0138479145666486	0.0471914632755722	0.0019661802512944927	0.0017637290428298847	0.2973713033953998	0.15753235942964672	1.1153777210135416	1.8586156244616296	6.298949246855942	0.9922883367848128	1.8442826067192966	3785	28.279401779174805	28.279401779174805	16	29.011666297912598	29.011666297912598	0.025240346804570813	0.025240346804570813	True	False	0.15782335677960546	1.1156027198440284	0.02509196673933262	0.02504570175057944	True	True
186	1321	442	879	3.002576853816663e-09	5.547971223718855e-09	0.1220516843370009	0.0016004634826375058	0.0012083537245888298	0.33459500378501134	0.4062575924761571	1.3252436175055364	8.25586580019654	6.093569770045136	2.475558984364027	20.437882755380254	3040	21.385231018066406	21.385231018066406	54	19.56377830505371	19.56377830505371	-0.08517339426793752	0.0	True	False	0.4068224595465555	1.3257625997068863	0.0	0.0	False	False
187	429	182	247	0.0	0.0	0.2879927247872295	0.0006590143752036789	0.000339548771300843	0.42424242424242425	0.9577316537781648	1.9422536916399393	300.0	5.209486152841421	4.989289788495264	249.4644894247632	1247	19.24117088317871	19.24117088317871	27	13.53114128112793	13.53114128112793	-0.29676102544480204	0.0	True	False	0.9581911537315868	1.9428724000961628	0.0	0.0	False	False
188	4295	875	3420	0.0	0.0	-0.1713997629722599	0.003168338342325379	0.004701444525703979	0.20372526193247964	-0.5687644312729105	0.6741939418295647	300.0	6.775366090936392	0.0	0.0	6096	30.0954532623291	30.0954532623291	29	26.281643295288085	26.281643295288085	-0.12672379225518482	0.0	True	False	-0.5709865979466882	0.6731562879589468	0.0	0.0	False	False
189	2101	632	1469	0.0016370065551098	0.002149169424691	0.0543135725537125	0.0022884455226853027	0.0020194216398418557	0.3008091385054736	0.18107574090809742	1.1337289315279535	2.667729346580189	6.450470422144176	1.1680237108955245	3.115971131057485	4332	23.825763702392578	23.825763702392578	92	20.64492130279541	20.64492130279541	-0.1335043207566836	0.0	True	False	0.18146307379872084	1.1340333544625683	0.0	0.0	False	False
190	1853	577	1276	2.55961624151535e-05	3.80552216039865e-05	0.0759434288321927	0.002089292826881993	0.0017541062031573912	0.3113869400971398	0.2529630288740581	1.1916520363932244	4.419585744722239	6.359573868672378	1.608737068167676	7.10995141348011	4027	30.28632926940918	30.28632926940918	12	28.875550079345704	28.875550079345704	-0.04658138586271129	0.0	True	False	0.25344590796488653	1.192050956570628	0.0	0.0	False	False
191	2962	701	2261	7.44000780983356e-08	1.2848321179289494e-07	-0.087964254317081	0.002538291631965818	0.0031081772142154086	0.23666441593517892	-0.29150127203375575	0.8170513903298285	6.89115361553911	6.553933404025811	0.0	0.0	4872	28.68516731262207	28.68516731262207	35	26.483151626586913	26.483151626586913	-0.07676495876899503	0.0	True	False	-0.2923273948050742	0.8165836604768908	0.0	0.0	False	False
192	912	458	454	0.0	0.0	0.4244279152079494	0.0016583988123257413	0.0006241098873302944	0.5021929824561403	1.4099051543787038	2.6571969330763676	300.0	6.129050210060545	8.64137948261024	432.068974130512	3150	19.929367065429688	19.929367065429688	56	17.095548629760742	17.095548629760742	-0.14219309757130247	0.0	True	False	1.4113973988424036	2.659946813469033	0.0	0.0	False	False
193	2209	748	1461	2.220446049250313e-16	5.303086575071226e-16	0.1298696719916404	0.00270847666292501	0.002008424108787577	0.33861475780896333	0.4318881072301206	1.3489979044897287	15.275471282787379	6.618738983517219	2.858554651841464	43.66576949448256	5177	32.353004455566406	32.353004455566406	59	20.486280822753905	20.486280822753905	-0.3667889221574538	0.0	True	False	0.43289883176200306	1.349943317731793	0.0	0.0	False	False
194	2905	752	2153	0.0220024100099043	0.0261351378159974	-0.0362078991702766	0.002722960495347069	0.0029597105449826514	0.25886402753872634	-0.11965612161703554	0.9204070111602107	1.5827752054353954	6.6240652277998935	0.0	0.0	5245	24.769819259643555	24.769819259643555	19	23.59012794494629	23.59012794494629	-0.047626157556154965	0.0	True	False	-0.12000027751268405	0.9201874736202325	0.0	0.0	False	False
195	2606	1242	1364	0.0	0.0	0.3799255155813251	0.004497229967049281	0.0018750790447544527	0.476592478894858	1.262137172153265	2.3985078680474037	300.0	7.1252830915107115	8.993084651910804	449.6542325955402	8628	23.057186126708984	23.057186126708984	66	18.427751541137695	18.427751541137695	-0.20078055319198923	0.0	True	False	1.2659305998340402	2.4048228121442903	0.0	0.0	False	False
196	2076	549	1527	0.2014748519815579	0.2222658686479594	-0.02364840254463	0.0019879059999275807	0.002099153739985373	0.26445086705202314	-0.07771727877910273	0.9475557424573107	0.6531272228426832	6.309918278226516	0.0	0.0	3623	24.415552139282227	24.415552139282227	220	20.169120597839356	20.169120597839356	-0.17392322390329149	0.0	True	False	-0.07787972744691807	0.9474490528952555	0.0	0.0	False	False
197	1461	161	1300	0.0	0.0	-0.4864991862114312	0.0005829742549878698	0.001787098796320226	0.11019849418206708	-1.6121966142713084	0.32709993678706484	300.0	5.087596335232384	0.0	0.0	1098	33.10667419433594	33.10667419433594	29	25.62019271850586	25.62019271850586	-0.226132091429193	0.0	True	False	-1.61393748014107	0.3267054710996914	0.0	0.0	False	False
198	2003	304	1699	0.0	0.0	-0.3267015051979263	0.0011007712640764746	0.0023356006576523572	0.15177234148776836	-1.0833325136575827	0.4719374244748195	300.0	5.720311776607412	0.0	0.0	1779	32.60050277709962	32.60050277709962	349	28.544954681396483	28.544954681396483	-0.12440139722482983	0.0	True	False	-1.085118683207412	0.4713534905019462	0.0	0.0	False	False
199	1460	377	1083	0.0918179182530241	0.1057083212707892	-0.037668816357584	0.001365101205779049	0.0014887907664729268	0.2582191780821918	-0.1238868889034741	0.9177118305189761	0.9758908240479043	5.934894195619588	0.0	0.0	2604	24.39929656982425	24.39929656982425	35	19.132988739013673	19.132988739013673	-0.2158385105791807	0.0	True	False	-0.12406721264549425	0.9175971320657044	0.0	0.0	False	False
200	1258	520	738	0.0	0.0	0.2685652718731968	0.001882898214867654	0.0010145222397571745	0.4133545310015898	0.8925639575123849	1.8564725165479867	300.0	6.255750041753367	5.583657014475652	279.1828507237826	3619	28.755943298339844	28.755943298339844	21	37.39030838012695	37.39030838012695	0.23092521714467318	0.23092521714467318	True	False	0.8938169526269757	1.8580855819310989	1.2912172983489583	1.2894072085291677	True	True
201	781	190	591	0.0216975669419077	0.0258413993552163	-0.072215589865683	0.0006879820400477966	0.0008124426066348104	0.24327784891165172	-0.23732345586870984	0.8483176854174647	1.5876839722638922	5.25227342804663	0.0	0.0	1313	30.238924026489258	30.238924026489258	17	28.174866104125975	28.174866104125975	-0.06825831238423598	0.0	True	False	-0.23750477064821496	0.848211077392404	0.0	0.0	False	False
202	2206	433	1773	0.0	0.0	-0.1916025491856018	0.0015678748596878733	0.0024373278199044317	0.19628286491387126	-0.6352317167355981	0.6438373972777718	300.0	6.073044534100405	0.0	0.0	2990	30.9289608001709	30.9289608001709	41	28.417043685913086	28.417043685913086	-0.08121569717414925	0.0	True	False	-0.6364902113193533	0.6432760086608338	0.0	0.0	False	False
203	2842	715	2127	0.0011128369197814	0.0014826818308067	-0.0528431580400526	0.002588985045443024	0.002923968569056247	0.25158339197748064	-0.17487174486889856	0.8858462670538733	2.8289520343727332	6.573680166960646	0.0	0.0	4904	24.20166778564453	24.20166778564453	101	21.368122100830078	21.368122100830078	-0.11708059584617553	0.0	True	False	-0.17535798398028035	0.8855477559260618	0.0	0.0	False	False
204	5623	1508	4115	0.1686581882401716	0.1869815469625606	-0.0153502079531584	0.005460404823116196	0.005656855036044408	0.26818424328650187	-0.05068930562431451	0.9654749242008449	0.7282012514729717	7.319202458767849	0.0	0.0	10466	24.90481948852539	24.90481948852539	90	22.53169822692871	22.53169822692871	-0.09528763148394101	0.0	True	False	-0.050975936629866325	0.9652831251360205	0.0	0.0	False	False
205	3420	1060	2360	4.045775203742608e-08	7.040903358451285e-08	0.0730121523560818	0.0038382155918456023	0.0032442716610121027	0.30994152046783624	0.2429158529043196	1.1833819974200468	7.152371616650267	6.966967138613983	1.6923867646327828	12.104579059754093	7210	22.67038345336914	22.67038345336914	210	19.282630729675294	19.282630729675294	-0.14943517522154567	0.0	True	False	0.24377415092464894	1.1840862326109582	0.0	0.0	False	False
206	3263	533	2730	0.0	0.0	-0.2888171479523355	0.0019299706702393454	0.003752907472272475	0.16334661354581673	-0.9583412656720824	0.5146482886344805	300.0	6.280395838960195	0.0	0.0	3731	35.7039680480957	35.7039680480957	0					False	True	-0.9609803240566173	0.5137077257544611			False	False
207	1819	318	1501	0.0	0.0	-0.2533352821965688	0.0011514646775536807	0.0020634117640589687	0.17482133040131942	-0.839775482323093	0.5587305140334069	300.0	5.765191102784844	0.0	0.0	2216	38.37217330932617	38.37217330932617	10	41.26536827087402	41.26536827087402	0.07011193847965554	0.07011193847965554	True	False	-0.8410948835011549	0.5582197666572473	0.0	0.0	False	False
208	1756	411	1345	1.019761427478727e-05	1.5627060782865135e-05	-0.0942621724004312	0.0014882137813665495	0.0018489599085005416	0.23405466970387243	-0.31191434024103515	0.8055721203287837	4.80612269861672	6.021023349349527	0.0	0.0	2866	27.959583282470703	27.959583282470703	11	20.854616165161133	20.854616165161133	-0.2541156298908088	0.0	True	False	-0.31243727915019726	0.805280174592218	0.0	0.0	False	False
209	1582	505	1077	1.965224580180447e-06	3.1513779875036453e-06	0.091693964882329	0.0018285838432849331	0.0014805426181822181	0.3192161820480405	0.3053588429043117	1.235725962194005	5.501499502874294	6.226536669287466	1.9013280326348874	10.460155226341792	3523	24.938478469848633	24.938478469848633	12	22.99714946746826	22.99714946746826	-0.07784472515945574	0.0	True	False	0.3058601687691276	1.2361554424498158	0.0	0.0	False	False
210	2086	1067	1019	0.0	0.0	0.4406085254792168	0.003863562298584205	0.0014008105180387002	0.5115052732502396	1.4636380094690136	2.758029732097226	300.0	6.97354301952014	10.206742624036993	510.3371312018497	7367	22.05588150024414	22.05588150024414	102	19.943070030212404	19.943070030212404	-0.09579356281943888	0.0	True	False	1.4671987588226116	2.7648452971161532	0.0	0.0	False	False
211	2225	605	1620	0.6855407887027716	0.7108725499481395	-0.0071413498285198	0.0021906796538364052	0.002227000038491359	0.27191011235955054	-0.022976440645754437	0.984200093988498	0.14820825555122252	6.406879986069314	0.0	0.0	3971	24.650882720947266	24.650882720947266	264	18.175403785705566	18.175403785705566	-0.2626875073215579	0.0	True	False	-0.023030579740492385	0.9841631612335773	0.0	0.0	False	False
212	1958	393	1565	2.220446049250313e-16	5.303086575071226e-16	-0.1795035014450205	0.0014230365354672846	0.002151392012493195	0.2007150153217569	-0.594924252653426	0.6620792161318438	15.275471282787379	5.976350909297934	0.0	0.0	2728	35.16084671020508	35.16084671020508	23	34.331565856933594	34.331565856933594	-0.023585349354820685	0.0	True	False	-0.5959785508138982	0.6615955561150754	0.0	0.0	False	False
213	209	65	144	0.1623162846694712	0.1803960688529519	0.0751691546124639	0.00023536227685845676	0.00019795555897700966	0.31100478468899523	0.25576103401452777	1.1939654039379228	0.7437729307301784	4.189654742026425	1.071550428984548	0.7969902029910172	452	19.933727264404297	19.933727264404297	3	18.418899536132812	18.418899536132812	-0.07599320027702575	0.0	True	False	0.25581339144030046	1.1940087354027127	0.0	0.0	False	False
214	832	353	479	0.0	0.0	0.2880574820347755	0.0012781982112466958	0.0006584771718749141	0.42427884615384615	0.9574431147690259	1.9418652797428018	300.0	5.869296913133774	5.619517918015029	280.9758959007515	2433	20.98397445678711	20.98397445678711	38	21.899600410461424	21.899600410461424	0.04181016714975864	0.04181016714975864	True	False	0.9583364268409262	1.943068048738195	0.23517219891705282	0.23495298345327206	True	True
215	1866	628	1238	3.0109248427834245e-13	6.229978130920542e-13	0.1258572891146302	0.002273961690263244	0.0017018679306495693	0.3365487674169346	0.41865449615190187	1.3366803421546665	12.205513477841183	6.444131256700441	2.697864524410645	32.928821814083726	4288	23.24532260894777	23.24532260894777	108	20.569912147521972	20.569912147521972	-0.11509457220421447	0.0	True	False	0.41947987241222684	1.3374452854335235	0.0	0.0	False	False
216	4566	1327	3239	0.0054120276392151	0.0068067238375562	0.0330782649156443	0.004805011406018032	0.004452625385600932	0.2906263688129654	0.11020441820151561	1.0793811652379552	2.1670618692365116	7.191429330036379	0.7925272853539743	1.7174556604201219	9234	25.159704208374023	25.159704208374023	55	23.086606979370117	23.086606979370117	-0.0823975199324445	0.0	True	False	0.1107135394258183	1.079762141688731	0.0	0.0	False	False
217	1046	246	800	0.0009205187052609	0.0012337698467527	-0.0915365898261494	0.0008907556939566209	0.0010997531054278314	0.23518164435946462	-0.3020500411605873	0.8110990213981892	2.908765848088585	5.5093883366279774	0.0	0.0	1722	34.53544998168945	34.53544998168945	0					False	True	-0.30235348265223294	0.8109284411934423			False	False
218	262	77	185	0.4194798514355062	0.4495142083401964	0.0399372868339532	0.00027881377412463336	0.000254317905630186	0.29389312977099236	0.13811274363119175	1.100464605036919	0.3472565764419373	4.356708826689592	0.6017170092563298	0.20895018862123457	527	38.4167366027832	38.4167366027832	12	48.93263244628906	48.93263244628906	0.21490558177201358	0.21490558177201358	True	False	0.13814647230904953	1.1004903330313938	0.12934392345809914	0.12931234393634763	False	False
219	2538	960	1578	0.0	0.0	0.2047825242275366	0.0034761197812941303	0.0021692630004563973	0.37825059101654845	0.6805669733302988	1.6027695133770654	300.0	6.8679744089702925	4.6741165564228595	233.70582782114298	6634	30.530258178710938	30.530258178710938	86	20.993186950683594	20.993186950683594	-0.3123809557129013	0.0	True	False	0.6824560790605503	1.604869599809661	0.0	0.0	False	False
220	618	71	547	0.0	0.0	-0.4661106875478401	0.00025708802549154506	0.0007519561858362798	0.11488673139158576	-1.5395801027323888	0.3439855571720351	300.0	4.276666119016055	0.0	0.0	472	47.087398529052756	47.087398529052756	25	42.75723648071289	42.75723648071289	-0.09196010362874837	0.0	True	False	-1.5402960272324382	0.34381489976551266	0.0	0.0	False	False
221	3749	855	2894	1.745270594710746e-13	3.644774404768023e-13	-0.1089141219932957	0.003095919180215085	0.003978356858885181	0.22806081621765803	-0.36121068176170823	0.778510994098864	12.438329347399897	6.752270376141742	0.0	0.0	5903	31.864919662475586	31.864919662475586	82	24.392581939697266	24.392581939697266	-0.23450044129807776	0.0	True	False	-0.362489913869946	0.7778209973678528	0.0	0.0	False	False
222	1666	215	1451	0.0	0.0	-0.4086106624592174	0.0007785059926856647	0.0019946771949697294	0.1290516206482593	-1.3545210825598062	0.39106461793696917	300.0	5.375278407684165	0.0	0.0	1496	35.622358322143555	35.622358322143555	9	51.159523010253906	51.159523010253906	0.30370034304260884	0.30370034304260884	True	False	-1.3562797035713547	0.39058820716657505	0.0	0.0	False	False
223	2837	1087	1750	0.0	0.0	0.2138097854613439	0.0039359814606945	0.0024057099181233814	0.38315121607331687	0.7105120541727059	1.6363848143284694	300.0	6.992096427415888	4.9679687956169	248.39843978084502	7557	24.16742515563965	24.16742515563965	52	21.715608406066895	21.715608406066895	-0.10145130206395213	0.0	True	False	0.7127251640981562	1.6388969728252138	0.0	0.0	False	False
224	1142	180	962	0.0	0.0	-0.307284276871353	0.0006517724589926495	0.0013224531092769674	0.15761821366024517	-1.0175239886046992	0.4939633850597383	300.0	5.198497031265826	0.0	0.0	1253	35.12641906738281	35.12641906738281	7	37.86193618774414	37.86193618774414	0.07224979480174637	0.07224979480174637	True	False	-1.0184941530784428	0.4936313227608037	0.0	0.0	False	False
225	2288	808	1480	0.0	0.0	0.1577679354410653	0.002925734149255893	0.002034543245041488	0.3531468531468531	0.5244989032738658	1.4384338765540916	300.0	6.695798917058491	3.5119391885395173	175.59695942697587	5585	25.02176856994629	25.02176856994629	71	28.169322967529297	28.169322967529297	0.11173695587967042	0.11173695587967042	True	False	0.525786190761929	1.4397179346760507	0.3933765017095295	0.3924133941619256	True	True
226	2977	1026	1951	0.0	0.0	0.1415083814426726	0.003715103016258102	0.002682022885862124	0.3446422573060128	0.470413879647408	1.3855068846399954	300.0	6.934397209928558	3.2620366945386543	163.1018347269327	7167	26.159927368164062	26.159927368164062	15	27.60462417602539	27.60462417602539	0.05233531884545799	0.05233531884545799	True	False	0.4719074544500952	1.3869419971566357	0.17126176953439404	0.17071973049426434	True	True
227	1572	426	1146	0.6631827492202291	0.6892802185182474	-0.0091567284668192	0.0015425281529492705	0.0015753963235253686	0.27099236641221375	-0.029354993284746556	0.979858279205431	0.1616041850364141	6.056784013228625	0.0	0.0	2872	21.26812171936035	21.26812171936035	110	8.768451690673828	8.768451690673828	-0.5877185674232852	0.0	True	False	-0.02940410887839029	0.9798249211495004	0.0	0.0	False	False
228	1823	560	1263	0.0002335904734489	0.0003287840833184	0.0674029665124938	0.002027736539088243	0.001736235215194189	0.30718595721338454	0.22462432883840933	1.1684729439560086	3.483089215141436	6.329720905522696	1.421809310137484	4.952288674127556	3876	31.37188720703125	31.37188720703125	44	20.878162002563478	20.878162002563478	-0.3344945471471623	0.0	True	False	0.2250440453932665	1.1688129318054046	0.0	0.0	False	False
229	1086	435	651	0.0	0.0	0.2455265584479692	0.001575116775898903	0.0008949240895418978	0.4005524861878453	0.8161712550084879	1.7607270216930413	300.0	6.077642243349034	4.960396897246783	248.01984486233914	2975	22.9075927734375	22.9075927734375	70	19.566202545166014	19.566202545166014	-0.14586387410142873	0.0	True	False	0.8171521555298806	1.7619245619021602	0.0	0.0	False	False
230	1497	296	1201	6.505906924303417e-14	1.3779019853831294e-13	-0.1876330062816693	0.001071803599232357	0.001651004349523532	0.19772879091516365	-0.6214689236061055	0.6500087645871081	12.860781674098341	5.6937321388027	0.0	0.0	2059	34.02133560180664	34.02133560180664	13	107.58927917480469	107.58927917480469	0.68378507726099	0.68378507726099	True	False	-0.6223072943329111	0.6496311449259943	0.0	0.0	False	False
231	196	57	139	0.5604374601639872	0.5879355598449305	0.0334783454840836	0.000206394612014339	0.00019108210206808572	0.29081632653061223	0.11863245409294443	1.085705223121751	0.2306702717765727	4.060443010546419	0.4817003190456651	0.11111394350912536	392	23.781455993652344	23.781455993652344	7	21.643539810180663	21.643539810180663	-0.08989845634524335	0.0	True	False	0.11865292907977043	1.0857206317543835	0.0	0.0	False	False
232	60	26	34	0.0002683825407863	0.0003754011240282	0.3041127209936856	9.41449107433827e-05	4.673950698068284e-05	0.43333333333333335	1.0166597127627863	2.0232291284563737	3.4255044313456957	3.295836866004329	3.350744561504963	11.477990343742741	179	16.520671844482422	16.520671844482422	3	24.579233169555664	24.579233169555664	0.3278605670682493	0.3278605670682493	True	False	1.0167264885852276	2.0233227767409434	1.0986491683164548	1.0985770120358695	True	True
233	3275	894	2381	0.7404508659275053	0.7573176282493164	-0.0048035865474663	0.003237136546330159	0.003273140180029583	0.2729770992366412	-0.015453446334356968	0.9893456512099293	0.12072193388937168	6.796823718274855	0.0	0.0	5925	24.149072647094727	24.149072647094727	333	16.576876831054687	16.576876831054687	-0.31356052162736026	0.0	True	False	-0.015507183792836443	0.989308800781241	0.0	0.0	False	False
234	221	26	195	2.362609796691117e-08	4.209570629818697e-08	-0.454442973316031	9.41449107433827e-05	0.00026806481944803394	0.11764705882352941	-1.4858406277663967	0.35704043443347777	7.375762199321127	3.295836866004329	0.0	0.0	182	42.213905334472656	42.213905334472656	0					False	True	-1.4860932069236377	0.3569779312184951			False	False
235	2752	612	2140	1.8844925619987407e-12	3.794337041871904e-12	-0.1230440611419304	0.002216026360575008	0.002941839557019449	0.22238372093023256	-0.40790237132923046	0.7537184579637758	11.420864094395206	6.418364935936212	0.0	0.0	4254	28.895603942871112	28.895603942871112	30	27.802139854431154	27.802139854431154	-0.037841883858936574	0.0	True	False	-0.40895382913972966	0.7531693367613491	0.0	0.0	False	False
236	919	281	638	0.0126622978738228	0.0155338025829138	0.0645039312459748	0.001017489227649636	0.0008770531015786956	0.3057671381936888	0.21571201735526202	1.1612769012447326	1.8087222185387637	5.641907070938114	1.217027156002978	2.2012640576276286	1943	29.46657943725586	29.46657943725586	24	26.485477447509766	26.485477447509766	-0.10116891904925207	0.0	True	False	0.21591319383672847	1.1614388466897558	0.0	0.0	False	False
237	3500	1132	2368	7.105427357601002e-15	1.6031843635994223e-14	0.1000830188627632	0.004098924575442662	0.003255269192066381	0.32342857142857145	0.3328010933299623	1.2594563247211026	13.7950165316135	7.0326242610280065	2.340465043048939	32.28675396052362	7820	24.9741268157959	24.9741268157959	104	21.916430473327637	21.916430473327637	-0.122434564580424	0.0	True	False	0.3340210950421003	1.2605218227591954	0.0	0.0	False	False
238	3887	686	3201	0.0	0.0	-0.2483432683756907	0.0024839772603830975	0.004400387113093111	0.1764857216362233	-0.8241526695005872	0.5648138341478242	300.0	6.532334292222349	0.0	0.0	4757	27.81804542541505	27.81804542541505	45	25.43544578552246	25.43544578552246	-0.08564942660262553	0.0	True	False	-0.8269286376048761	0.5637280899917793	0.0	0.0	False	False
239	1015	260	755	0.1154848265847268	0.1299566093647677	-0.0423553135960826	0.000941449107433827	0.001037891993247516	0.2561576354679803	-0.1388846679085649	0.9082210199278019	0.8862016281471607	5.564520407322694	0.0	0.0	1686	24.281410217285156	24.281410217285156	134	19.848562240600586	19.848562240600586	-0.18256138902216512	0.0	True	False	-0.13902556518661768	0.9081323250772492	0.0	0.0	False	False
240	1348	366	982	0.7239494450156467	0.7472489673839664	-0.0080121123306021	0.0013252706666183871	0.0013499469369126632	0.271513353115727	-0.025380494034399348	0.9825614252238524	0.1265346764355605	5.905361848054571	0.0	0.0	2562	31.723352432250977	31.723352432250977	0					False	True	-0.02541776451288591	0.9825360421315144			False	False
241	4115	1129	2986	0.8903899610913728	0.8923774386830947	-0.001777571402607	0.004088061701126118	0.004104828466009381	0.2743620899149453	-0.005507736070817337	0.9961896063152855	0.04945141819467277	7.029972911706386	0.0	0.0	7832	29.821670532226562	29.821670532226562	71	25.44438934326172	25.44438934326172	-0.14678189084795126	0.0	True	False	-0.005533651868574019	0.9961717114617284	0.0	0.0	False	False
242	3261	628	2633	0.0	0.0	-0.2018729253071529	0.002273961690263244	0.00361956240823935	0.19257896350812634	-0.6697330947556921	0.6286229746567512	300.0	6.444131256700441	0.0	0.0	4361	36.353302001953125	36.353302001953125	35	33.73324203491211	33.73324203491211	-0.07207213162920523	0.0	True	False	-0.6716817466526113	0.627774465161405	0.0	0.0	False	False
243	2788	710	2078	0.0049014658178798	0.0062344423575865	-0.045768904440488	0.0025708802549154505	0.002856608691348792	0.2546628407460545	-0.15137247840383594	0.9003934841255212	2.205202386107448	6.566672429803241	0.0	0.0	4864	24.31511116027832	24.31511116027832	106	21.13677215576172	21.13677215576172	-0.13071455785523214	0.0	True	False	-0.1517874433344346	0.9001345395945993	0.0	0.0	False	False
244	2903	937	1966	2.820410571757748e-12	5.628285985418794e-12	0.0987743674530965	0.003392837744867292	0.0027026432565888958	0.32276954874268	0.32852412430545286	1.2557281085255563	11.249623843232007	6.843749949006225	2.2483369589627578	25.29294506116718	6528	28.0900821685791	28.0900821685791	31	24.730382919311523	24.730382919311523	-0.11960446498891548	0.0	True	False	0.32952128200412645	1.2565963389878747	0.0	0.0	False	False
245	767	354	413	0.0	0.0	0.3536715004307545	0.0012818191693522107	0.0005677475406771179	0.46153846153846156	1.1751620130459983	2.258182386740305	300.0	5.872117789475416	6.900689762323148	345.0344881161574	2466	16.536300659179688	16.536300659179688	12	21.891835975646973	21.891835975646973	0.24463618868809894	0.24463618868809894	True	False	1.176191531143667	2.2597944178889535	1.689637378996361	1.6881584427737182	True	True
246	1145	215	930	1.9406698470447741e-13	4.034077598718071e-13	-0.2154261985755843	0.0007785059926856647	0.001278462985059854	0.18777292576419213	-0.7130545659922962	0.6100271820908229	12.394255752040227	5.375278407684165	0.0	0.0	1483	35.41464614868164	35.41464614868164	22	36.181400299072266	36.181400299072266	0.021191942380690155	0.021191942380690155	True	False	-0.7137782151781291	0.6097212719947191	0.0	0.0	False	False
247	6876	1502	5374	0.0	0.0	-0.1330094393675993	0.005438679074483108	0.007387591485711458	0.21844095404304828	-0.4415018383555873	0.7363676544545383	300.0	7.315218389752975	0.0	0.0	10442	26.854351234436027	26.854351234436027	72	23.561153411865234	23.561153411865234	-0.1226318146292747	0.0	True	False	-0.44433330088435596	0.7349238616426685	0.0	0.0	False	False
248	1240	354	886	0.3360841491879789	0.3627446706379868	0.0221878302006662	0.0012818191693522107	0.0012179765642613234	0.2854838709677419	0.07492871131858436	1.053308986934141	0.4403989593988866	5.872117789475416	0.4399902186763272	0.19377123445074307	2452	33.96998329162599	33.96998329162599	26	29.97568130493164	29.97568130493164	-0.11758327793110777	0.0	True	False	0.07501930951478819	1.0533751345869398	0.0	0.0	False	False
249	2804	778	2026	0.7497998147037501	0.7651366290954177	0.0049584460269636	0.0028171054060904515	0.002785124739495983	0.27746077032810273	0.017042484009953895	1.0118829981865463	0.11626100672348443	6.658011045870748	0.11346904678734863	0.013192025611451308	5355	24.76268196105957	24.76268196105957	91	21.47100067138672	21.47100067138672	-0.13292911062094034	0.0	True	False	0.017087127014564274	1.0119143105533377	0.0	0.0	False	False
250	856	294	562	3.3396020615583666e-08	5.857348928280105e-08	0.1392293049049931	0.0010645616830213275	0.0007725765565630516	0.34345794392523366	0.4636782527038168	1.3790533334942632	7.23229890383393	5.68697535633982	2.6369267963973138	19.07104277907461	2058	30.258005142211914	30.258005142211914	0					False	True	0.464098263145873	1.3794548744335493			False	True
251	1096	148	948	0.0	0.0	-0.38592833187944	0.0005359017996161785	0.0013032074299319802	0.13503649635036497	-1.2779211276329523	0.4123893190783512	300.0	5.003946305945459	0.0	0.0	983	38.90834426879883	38.90834426879883	53	31.012244415283202	31.012244415283202	-0.20294104007524227	0.0	True	False	-1.279030755031405	0.4120722579241275	0.0	0.0	False	False
252	2490	864	1626	0.0	0.0	0.146011491282272	0.0031285078031647174	0.0022352481867820673	0.3469879518072289	0.4854307615789075	1.4000038179791894	300.0	6.762729506931879	3.282836934902092	164.1418467451046	6018	24.553415489196794	24.553415489196794	30	22.398377418518066	22.398377418518066	-0.08776938066424685	0.0	True	False	0.48672130200478136	1.401256729938046	0.0	0.0	False	False
253	2942	728	2214	0.0001011857622563	0.0001456166899138	-0.0624279471680738	0.0026360575008147155	0.0030435667192715236	0.24745071380013597	-0.20671640484304632	0.8665071717330662	3.8367888453384666	6.591673732008658	0.0	0.0	5031	32.599369049072266	32.599369049072266	65	23.158119583129885	23.158119583129885	-0.2896144846156483	0.0	True	False	-0.20730761490593785	0.8661521536643235	0.0	0.0	False	False
254	6008	2051	3957	0.0	0.0	0.135217900163633	0.007426585074410689	0.005439653797722412	0.3413781624500666	0.4493535188457489	1.3654282622436478	300.0	7.62657020629066	3.4270261589208575	171.35130794604288	14097	21.61623764038086	21.61623764038086	260	14.439597129821777	14.439597129821777	-0.3320022952168394	0.0	True	False	0.45223698141790347	1.3681600235176472	0.0	0.0	False	False
255	5160	1690	3470	0.0	0.0	0.1081755198841242	0.006119419198319875	0.004770179094793219	0.32751937984496127	0.35957020225128833	1.2830436051258431	300.0	7.43307534889858	2.672712406552528	133.63562032762638	11682	25.320183563232415	25.320183563232415	148	21.030126762390136	21.030126762390136	-0.16943229460120882	0.0	True	False	0.36152576944473225	1.2847839446999278	0.0	0.0	False	False
256	2544	1144	1400	0.0	0.0	0.3329162788400293	0.004142376072708839	0.001924567934498705	0.449685534591195	1.106039194458937	2.1525387279309154	300.0	7.0431599159883405	7.790010919925218	389.50054599626094	7886	29.27194118499756	29.27194118499756	122	19.026359939575194	19.026359939575194	-0.3500137275034368	0.0	True	False	1.1092469227880324	2.15733006710561	0.0	0.0	False	False
257	3968	1456	2512	0.0	0.0	0.1837600299731777	0.005272115001629431	0.0034532247510433906	0.36693548387096775	0.6106458201644527	1.5269425894390167	300.0	7.284134806195205	4.448026472917507	222.40132364587538	10103	23.82861137390142	23.82861137390142	89	19.452716827392578	19.452716827392578	-0.1836403505787834	0.0	True	False	0.6132797923599727	1.5297329213669664	0.0	0.0	False	False
258	1334	416	918	0.0002979827464744	0.0004104118195307	0.0768689394872637	0.0015063185718941232	0.0012619666884784366	0.3118440779610195	0.2563004892319558	1.1944119371851882	3.3867801403839457	6.0330862217988015	1.5462829502256046	5.236920387238375	2898	28.222660064697266	28.222660064697266	14	25.228794860839844	25.228794860839844	-0.10608019219288058	0.0	True	False	0.2566518800813924	1.1947028902489576	0.0	0.0	False	False
259	6922	1631	5291	0.0	0.0	-0.0904655104304043	0.005905782670094507	0.00727349210102332	0.23562554175093903	-0.3002140437139955	0.8121318964458264	300.0	7.397561535524052	0.0	0.0	11352	27.351516723632812	27.351516723632812	65	24.62710952758789	24.62710952758789	-0.09960717073108141	0.0	True	False	-0.30220194907150244	0.8110136215958559	0.0	0.0	False	False
260	1419	469	950	1.1420949963536486e-08	2.059440374950957e-08	0.1140675274878968	0.0016982293514864032	0.0013059568126955498	0.33051444679351655	0.37970224598297975	1.3010733026492214	7.686250777247079	6.152732694704104	2.33620642311206	17.956668435454688	3082	20.920469284057617	20.920469284057617	201	16.568748474121094	16.568748474121094	-0.20801258092488106	0.0	True	False	0.38026740351103605	1.301583081496429	0.0	0.0	False	False
261	4148	1744	2404	0.0	0.0	0.2812303073271073	0.00631495093601767	0.0033047580818106334	0.420443587270974	0.9343403862964275	1.9110167006584202	300.0	7.4645098346365275	6.974393002407775	348.7196501203888	12093	24.956867218017578	24.956867218017578	115	22.427713012695314	22.427713012695314	-0.10134101300568464	0.0	True	False	0.9387025354224097	1.9168036167625797	0.0	0.0	False	False
262	3024	682	2342	3.455680186448263e-12	6.8352440692302636e-12	-0.1151842260182215	0.0024694934279610387	0.0032195272161399764	0.22552910052910052	-0.38188438176157824	0.7674345480907092	11.165245973264787	6.52649485957079	0.0	0.0	4741	26.778642654418945	26.778642654418945	33	26.42077293395996	26.42077293395996	-0.013363997760354407	0.0	True	False	-0.38297116217928107	0.7668566582692234	0.0	0.0	False	False
263	724	76	648	0.0	0.0	-0.5101431235235653	0.00027519281601911865	0.0008908000153965435	0.10497237569060773	-1.6863112065812906	0.31072038389191237	300.0	4.343805421853684	0.0	0.0	498	46.59228897094727	46.59228897094727	34	42.3401985168457	42.3401985168457	-0.09126167758688504	0.0	True	False	-1.687201478315492	0.31052870080339534	0.0	0.0	False	False
264	2022	279	1743	0.0	0.0	-0.3750748937738956	0.0010102473114386066	0.0023960870784508876	0.13798219584569732	-1.2438024609557576	0.4222582568877979	300.0	5.634789603169249	0.0	0.0	1882	34.0942497253418	34.0942497253418	71	32.41533279418945	32.41533279418945	-0.04924340452356185	0.0	True	False	-1.245806837060222	0.42167200915731357	0.0	0.0	False	False
265	3039	640	2399	0.0	0.0	-0.1532319839222534	0.0023174131875294203	0.0032978846249017094	0.21059559065482067	-0.5081996223967895	0.7030993069905703	300.0	6.46302945692067	0.0	0.0	4432	31.829286575317383	31.829286575317383	48	21.67992420196533	21.67992420196533	-0.3188686730170875	0.0	True	False	-0.5096197495754051	0.7024075466861068	0.0	0.0	False	False
266	1766	475	1291	0.4940680812952442	0.5219683964742698	-0.0136143425797833	0.0017199551001194917	0.001774726573884163	0.26896942242355604	-0.044266682279680225	0.9697826293850124	0.2823557913508693	6.16541785423142	0.0	0.0	3255	33.07667541503906	33.07667541503906	70	30.07883186340332	30.07883186340332	-0.09063315807950593	0.0	True	False	-0.04434746220138308	0.9697283304725611	0.0	0.0	False	False
267	3355	1043	2312	2.3143357230637207e-08	4.1399870105801216e-08	0.0749147687394605	0.003776659304051852	0.0031782864746864327	0.31087928464977643	0.24924094984655554	1.188581597899453	7.383001021497996	6.950814768442584	1.7324276750940955	12.790515294891106	7269	29.225282669067383	29.225282669067383	32	22.75846939086914	22.75846939086914	-0.22127461867264828	0.0	True	False	0.25010560478115984	1.1892941677409026	0.0	0.0	False	False
268	2280	687	1593	0.0008169441954921	0.0010982273765747	0.0553592513199709	0.002487598218488612	0.0021898833711831694	0.3013157894736842	0.18449631449928994	1.1364201476653315	2.9593077344136263	6.5337888379333435	1.2054599603153002	3.567326984087011	4664	25.664508819580078	25.664508819580078	145	19.388704299926758	19.388704299926758	-0.24453242272321832	0.0	True	False	0.18492520843340365	1.1367580403942885	0.0	0.0	False	False
269	1775	515	1260	0.0935751836643046	0.1071817792481448	0.0320549739853192	0.0018647934243400804	0.0017321111410488344	0.29014084507042254	0.10731192948732726	1.0772192598718553	0.9698790378201405	6.246106765481563	0.6702817687876752	0.6500922369801723	3497	24.79078483581543	24.79078483581543	108	22.02296562194824	22.02296562194824	-0.11164709920230115	0.0	True	False	0.10750207094365294	1.0773612424330603	0.0	0.0	False	False
270	2062	523	1539	0.0111543321517537	0.0137969562978992	-0.0481186409024637	0.001893761089184198	0.0021156500365667906	0.2536372453928225	-0.15893671013625088	0.8956849622033248	1.8602167113395016	6.261491684321042	0.0	0.0	3660	30.044628143310547	30.044628143310547	1	40.31436538696289	40.31436538696289	0.2547413842454639	0.2547413842454639	True	False	-0.1592590944435237	0.8954848350054375	0.0	0.0	False	False
271	569	214	355	8.735678846960582e-12	1.6979739403832474e-11	0.2008037103560953	0.00077488503458015	0.0004880154405336002	0.37609841827768015	0.6683918028578866	1.5893003590859835	10.770068979365684	5.3706380281276624	3.589690434117373	38.661213590013254	1439	34.592323303222656	34.592323303222656	59	22.841730880737305	22.841730880737305	-0.33968786425486064	0.0	True	False	0.6688043078236543	1.5897548473919043	0.0	0.0	False	False
272	2221	446	1775	0.0	0.0	-0.1792452086170494	0.0016149473150595648	0.002440077202668001	0.20081044574515983	-0.5942295649219922	0.6623980978416731	300.0	6.102558594613569	0.0	0.0	3101	35.130977630615234	35.130977630615234	21	33.2479133605957	33.2479133605957	-0.053601248727519514	0.0	True	False	-0.5954240163992051	0.6618499051023452	0.0	0.0	False	False
273	392	90	302	0.0212828113250778	0.025414846502553	-0.1051461434532458	0.0003258862294963247	0.00041515679729900635	0.22959183673469388	-0.3436817301009949	0.7880277120003636	1.5949125089514617	4.51085950651685	0.0	0.0	620	36.39530563354492	36.39530563354492	10	44.90397605895996	44.90397605895996	0.18948590241191468	0.18948590241191468	True	False	-0.3438121888203103	0.7879564561665687	0.0	0.0	False	False
274	4300	969	3331	0.0	0.0	-0.1156325655789011	0.0035087084042437627	0.004579096992725133	0.22534883720930232	-0.383595375183587	0.7665249330300729	300.0	6.877296071497429	0.0	0.0	6692	25.741655349731445	25.741655349731445	91	18.79582977294922	18.79582977294922	-0.26982824074111805	0.0	True	False	-0.3851475147429202	0.765700702085456	0.0	0.0	False	False
275	1001	325	676	1.963656054781993e-05	2.948767787950216e-05	0.1025549550991247	0.0011768113842922838	0.0009292913740865176	0.3246753246753247	0.34183132416685424	1.2673643367099223	4.530359426289367	5.786897381366708	1.978142794690283	8.961697856471515	2180	24.327919006347656	24.327919006347656	95	21.219118118286133	21.219118118286133	-0.1277873741379348	0.0	True	False	0.34218717400470844	1.267676978678909	0.0	0.0	False	False
276	3042	750	2292	4.5096456571025456e-05	6.638789836193584e-05	-0.0645350598420702	0.0027157185791360392	0.003150792647050737	0.2465483234714004	-0.2137340418839706	0.8623024942083429	4.177911079572106	6.621405651764134	0.0	0.0	5196	32.870452880859375	32.870452880859375	54	30.4558256149292	30.4558256149292	-0.07345889862491746	0.0	True	False	-0.21436519196941894	0.8619253367029062	0.0	0.0	False	False
277	4885	1239	3646	9.134656891185422e-05	0.0001323051917465	-0.04812706788147	0.004486367092732737	0.005012124777987342	0.25363357215967247	-0.15949040768540623	0.8953412697406695	3.8784231134646765	7.122866658599083	0.0	0.0	8670	30.308473587036133	30.308473587036133	3	64.85900268554687	64.85900268554687	0.5327021333649021	0.5327021333649021	True	False	-0.16025416235220025	0.8948674065331464	0.0	0.0	False	False
278	4022	777	3245	0.0	0.0	-0.2001753922738561	0.0028134844479849367	0.004460873533891642	0.19318746892093486	-0.664262460842207	0.6310112095346146	300.0	6.656726524178391	0.0	0.0	5331	35.29609680175781	35.29609680175781	108	21.358968925476074	21.358968925476074	-0.3948631474624595	0.0	True	False	-0.6666494406801222	0.6299680468117284	0.0	0.0	False	False
279	5746	1168	4578	0.0	0.0	-0.172614655500674	0.004229279067241192	0.006293337145810766	0.20327184128089104	-0.5729535734568003	0.6722391296708279	300.0	7.063903961472068	0.0	0.0	8154	32.56372833251953	32.56372833251953	22	30.956419944763184	30.956419944763184	-0.04935885631226142	0.0	True	False	-0.5759487560577305	0.6708449401579344	0.0	0.0	False	False
280	1819	459	1360	0.0115687017563046	0.0142310879139199	-0.0511079327711369	0.0016620197704312562	0.0018695802792273134	0.2523364485981308	-0.1687364749828859	0.8896214784003335	1.8467618984433154	6.131226489483141	0.0	0.0	3154	22.296344757080078	22.296344757080078	59	20.792159271240234	20.792159271240234	-0.0674633220031368	0.0	True	False	-0.16903807402656845	0.8894355202205798	0.0	0.0	False	False
281	1045	170	875	0.0	0.0	-0.2909408415807884	0.0006155628779375023	0.0012028549590616907	0.16267942583732056	-0.9630717244316269	0.5129635697493625	300.0	5.14166355650266	0.0	0.0	1163	36.482027435302726	36.482027435302726	27	28.56913185119629	28.56913185119629	-0.21689846043066482	0.0	True	False	-0.9639213996391955	0.512661548814371	0.0	0.0	False	False
282	1358	309	1049	7.620425890753069e-06	1.1757976718034804e-05	-0.1101987187065392	0.0011188760546040483	0.001442051259492244	0.22754050073637702	-0.3644271371001313	0.7767772551664341	4.929667404092423	5.736572297479192	0.0	0.0	2157	31.333450317382812	31.333450317382812	6	76.08702087402344	76.08702087402344	0.5881892869841584	0.5881892869841584	True	False	-0.3648955999732202	0.7765250658814237	0.0	0.0	False	False
283	546	79	467	1.5298873279334657e-13	3.209903786178159e-13	-0.3510714992099107	0.00028605569033566283	0.0006419808752934966	0.1446886446886447	-1.1586758845128866	0.4479234541074541	12.493507984965264	4.382026634673881	0.0	0.0	542	40.87681579589844	40.87681579589844	11	52.16604995727539	52.16604995727539	0.21640960300085915	0.21640960300085915	True	False	-1.1591912348449114	0.447763478319077	0.0	0.0	False	False
284	1890	899	991	0.0	0.0	0.3783043273091908	0.0032552413368577325	0.0013623191593487261	0.4756613756613757	1.2567742240003916	2.3896084162971896	300.0	6.802394763324311	8.549074400021238	427.4537200010619	6172	18.84820556640625	18.84820556640625	121	16.82478141784668	16.82478141784668	-0.10735367573483934	0.0	True	False	1.2595098264057718	2.3941438308727587	0.0	0.0	False	False
285	806	123	683	0.0	0.0	-0.3238973021780471	0.00044537784697831046	0.0009389142137590111	0.15260545905707196	-1.0711665810436255	0.47593399727101066	300.0	4.820281565605037	0.0	0.0	861	42.914886474609375	42.914886474609375	0					False	True	-1.071880717260635	0.4756984675245102			False	False
286	2073	568	1505	0.8877331656567204	0.8917051261294574	-0.0025698741571747	0.0020567042039323605	0.002068910529586108	0.27399903521466473	-0.007746738854672586	0.9946447604994766	0.04977873672996811	6.343880434126331	0.0	0.0	3854	24.496511459350586	24.496511459350586	122	19.358631324768066	19.358631324768066	-0.209739257898346	0.0	True	False	-0.007766008925468526	0.9946314751228703	0.0	0.0	False	False
287	1969	252	1717	0.0	0.0	-0.4127514643167094	0.0009124814425897093	0.002360345102524483	0.12798374809547994	-1.3686910910885484	0.3872424211423052	300.0	5.53338948872752	0.0	0.0	1735	31.003496170043945	31.003496170043945	29	25.678063583374023	25.678063583374023	-0.1717687759297107	0.0	True	False	-1.3707849613385097	0.38668080053668774	0.0	0.0	False	False
288	5067	1295	3772	0.0002827372803384	0.0003906124272983	-0.0436836255866074	0.004689140746641562	0.005185335892092225	0.2555752910992698	-0.1447481702561939	0.9045372553516694	3.408253943789533	7.16703787691222	0.0	0.0	8883	27.248185348510745	27.248185348510745	182	22.146853828430174	22.146853828430174	-0.18721729373289753	0.0	True	False	-0.14546920791998552	0.9040852939483505	0.0	0.0	False	False
289	1705	236	1469	0.0	0.0	-0.3734915027574128	0.0008545461129014737	0.0020194216398418557	0.13841642228739004	-1.2381495553341786	0.4239160352669743	300.0	5.4680601411351315	0.0	0.0	1635	33.992733001708984	33.992733001708984	17	44.38584899902344	44.38584899902344	0.23415381775266075	0.23415381775266075	True	False	-1.2398341546483511	0.42342132788315706	0.0	0.0	False	False
290	2451	534	1917	6.350475700855895e-13	1.2902097690879173e-12	-0.1344625657877269	0.00193359162834486	0.002635283378881441	0.2178702570379437	-0.44570100969204773	0.7342274666998141	11.889339674079766	6.282266746896006	0.0	0.0	3705	30.985694885253906	30.985694885253906	33	22.63922462463379	22.63922462463379	-0.26936527618724476	0.0	True	False	-0.44671727761296154	0.733710441929345	0.0	0.0	False	False
291	1963	790	1173	0.0	0.0	0.2489473692362842	0.002860556903356628	0.001612512990833558	0.402445236882323	0.8272832408129585	1.774340928155394	300.0	6.673297967767654	5.520707569685355	276.0353784842677	5467	25.188255310058594	25.188255310058594	63	20.999116897583008	20.999116897583008	-0.16631316305590682	0.0	True	False	0.8290861975956823	1.776559733730532	0.0	0.0	False	False
292	458	223	235	0.0	0.0	0.3978552908377163	0.0008074736575297824	0.0003230524747194255	0.4868995633187773	1.3218114865482917	2.499797941312341	300.0	5.4116460518550396	7.153175912475704	357.6587956237852	1526	20.810561180114746	20.810561180114746	35	17.50529708862305	17.50529708862305	-0.15882628358191503	0.0	True	False	1.3225091317428532	2.501007062926155	0.0	0.0	False	False
293	1137	514	623	0.0	0.0	0.3370933623974465	0.0018611724662345656	0.0008564327308519238	0.4520668425681618	1.120045232042056	2.173537869748243	300.0	6.244166900663736	6.99374936516324	349.687468258162	3596	31.68366241455078	31.68366241455078	2	45.87976837158203	45.87976837158203	0.30941973904611797	0.30941973904611797	True	False	1.1214951131500523	2.1757233320048877	2.166805373130066	2.164004103522763	True	True
294	1213	376	837	0.0010804455270581	0.0014438096477651	0.0730806769962296	0.0013614802476735344	0.0011506166865538686	0.3099752679307502	0.24382438941718831	1.1841274663723782	2.8404900604883614	5.932245187448011	1.4464260607025652	4.108558848656972	2593	23.816539764404297	23.816539764404297	39	21.391874313354492	21.391874313354492	-0.1018059497741842	0.0	True	False	0.24412736106198452	1.1843761639202315	0.0	0.0	False	False
295	1794	700	1094	0.0	0.0	0.2266990080782608	0.0025346706738603036	0.0015039123716725595	0.39018952062430323	0.7534487162276307	1.6858179113298009	300.0	6.55250788703459	4.9369786555576365	246.84893277788183	4890	33.25791549682617	33.25791549682617	10	36.111734771728514	36.111734771728514	0.07902747660676127	0.07902747660676127	True	False	0.7549371696738625	1.6875580963849999	0.3909277283250627	0.3901569652101608	True	True
296	933	246	687	0.3586205642852469	0.3861406075877119	-0.0254033398938455	0.0008907556939566209	0.0009444129792861503	0.26366559485530544	-0.08250835194371575	0.9444142060061819	0.41325452439530375	5.5093883366279774	0.0	0.0	1685	41.145179748535156	41.145179748535156	37	41.129417419433594	41.129417419433594	-0.0003830905393510565	0.0	True	False	-0.08258745586784677	0.9443624245696989	0.0	0.0	False	False
297	1177	409	768	5.9532379026450136e-12	1.1621755731685268e-11	0.1469803780375186	0.0014809718651555201	0.0010557629812107182	0.34749362786745963	0.4890819069279946	1.4035514083819032	10.934728256886924	6.016157159698354	2.9423936160437787	32.174274616237604	2852	30.39788246154785	30.39788246154785	11	42.898773193359375	42.898773193359375	0.2914043876142041	0.2914043876142041	True	False	0.4896945095866343	1.4041475162741852	0.8585003847157525	0.857426409803181	True	True
298	1471	251	1220	0.0	0.0	-0.2660678191311433	0.0009088604844841946	0.001677123485777443	0.17063222297756628	-0.8815782749978709	0.5427733248926387	300.0	5.529429087511423	0.0	0.0	1711	32.958011627197266	32.958011627197266	46	29.180472373962402	29.180472373962402	-0.1146167219055655	0.0	True	False	-0.8826897002896832	0.5423553434921748	0.0	0.0	False	False
299	658	115	543	2.142888089196049e-10	4.04267542877742e-10	-0.253483699171066	0.0004164101821341927	0.0007464574203091406	0.17477203647416414	-0.8371234686334947	0.5597585370583075	9.393331125139081	4.7535901911063645	0.0	0.0	788	35.89799499511719	35.89799499511719	17	33.673954010009766	33.673954010009766	-0.06195446250995171	0.0	True	False	-0.8376015238509851	0.5595730847271376	0.0	0.0	False	False
300	1808	804	1004	0.0	0.0	0.3241406260007509	0.002911250316833834	0.0013801901473119284	0.4446902654867257	1.0769504769679106	2.1095722181349497	300.0	6.690842277418564	7.205705781982983	360.28528909914917	5483	21.670854568481445	21.670854568481445	145	16.20694351196289	16.20694351196289	-0.25213177631053757	0.0	True	False	1.0791624534954671	2.1128091484559564	0.0	0.0	False	False
301	1506	328	1178	1.67754556912314e-08	3.0128718421451593e-08	-0.1346531566772559	0.0011876742586088278	0.0016193864477424818	0.21779548472775564	-0.44572276795008037	0.7342163934031337	7.521019341420873	5.796057750765372	0.0	0.0	2258	36.64492416381836	36.64492416381836	38	33.12306671142578	33.12306671142578	-0.09610764745066422	0.0	True	False	-0.4463480942165603	0.7338982213049469	0.0	0.0	False	False
302	3109	806	2303	0.0206378592734368	0.0248381944801784	-0.0353406060975977	0.0029184922330448637	0.0031659142522503696	0.25924734641363784	-0.11681744447081144	0.9222198062415649	1.604879976764153	6.693323668269949	0.0	0.0	5585	26.71739196777346	26.71739196777346	57	23.638202667236328	23.638202667236328	-0.11525036965626179	0.0	True	False	-0.11717711306749123	0.9219899224813528	0.0	0.0	False	False
303	3523	865	2658	5.500622588527904e-06	8.605503631529718e-06	-0.0669205790803677	0.0031321287612702323	0.00365392969278397	0.2455293783707068	-0.22174302673844615	0.8575287663056582	5.0652237077892055	6.763884908562435	0.0	0.0	5912	25.058837890625	25.058837890625	143	21.016890716552734	21.016890716552734	-0.16129826896659233	0.0	True	False	-0.2225000142462381	0.8570789357646684	0.0	0.0	False	False
304	3421	1185	2236	0.0	0.0	0.1448648411931018	0.004290835355034942	0.003073809929670789	0.346389944460684	0.48151661945516633	1.3962106483189891	300.0	7.078341579557671	3.408339108737552	170.4169554368776	8253	24.34749984741211	24.34749984741211	42	21.187094688415527	21.187094688415527	-0.12980409400567267	0.0	True	False	0.48327727698995915	1.397915616698189	0.0	0.0	False	False
305	1861	515	1346	0.8596603704193315	0.8693412304465762	0.0033804592149461	0.0018647934243400804	0.0018503345998823265	0.276732939279957	0.012093817844194277	1.0084180297574994	0.060809722502042106	6.246106765481563	0.07553927745712352	0.004593522500172446	3592	25.607864379882812	25.607864379882812	13	23.43608283996582	23.43608283996582	-0.08480916282980294	0.0	True	False	0.012113092960294836	1.0084315028089048	0.0	0.0	False	False
306	1662	505	1157	0.0016923078374195	0.0022152950991294	0.0605763092285889	0.0018285838432849331	0.0015905179287250013	0.3038507821901324	0.20203451873317313	1.150319416210834	2.6545684132842293	6.226536669287466	1.257975339353948	3.3393816005394994	3497	31.266651153564453	31.266651153564453	38	26.130858993530275	26.130858993530275	-0.16425782648771736	0.0	True	False	0.20237693986888772	1.150592474908933	0.0	0.0	False	False
307	1306	596	710	0.0	0.0	0.3446062010824707	0.0021580910308867727	0.0009760308810672004	0.4563552833078101	1.144951203430205	2.2113865091968643	300.0	6.391917113392602	7.318433191204981	365.92165956024905	4157	29.48708724975586	29.48708724975586	18	22.52143096923828	22.52143096923828	-0.23622734322716973	0.0	True	False	1.1466576075141415	2.2140036606961484	0.0	0.0	False	False
308	1314	371	943	0.4920470863959361	0.5210592966787153	0.01548050693962	0.0013433754571459608	0.0012963339730230562	0.2823439878234399	0.05260340791590856	1.0371347924585597	0.2831128510670761	5.918893854273146	0.31135398782729456	0.08814831518488908	2575	24.83486557006836	24.83486557006836	22	23.45842742919922	23.45842742919922	-0.0554236195475147	0.0	True	False	0.052669741560777084	1.037182479953619	0.0	0.0	False	False
309	1490	359	1131	0.0006757643698753	0.0009139102472109	-0.0777498662851178	0.001299923959879784	0.0015547759527985967	0.24093959731543624	-0.2569091938498378	0.8368789158809828	3.039096453122842	5.886104031450156	0.0	0.0	2507	38.85034942626953	38.85034942626953	6	68.53796005249023	68.53796005249023	0.4331557373969733	0.4331557373969733	True	False	-0.2572790152998916	0.836664417251246	0.0	0.0	False	False
310	2238	358	1880	0.0	0.0	-0.2996565325576309	0.0012963030017742695	0.002584419797755404	0.15996425379803395	-0.9938075673606441	0.502150746098851	300.0	5.883322388488279	0.0	0.0	2235	34.26596450805664	34.26596450805664	271	28.4265079498291	28.4265079498291	-0.17041564835726605	0.0	True	False	-0.9956711613903089	0.5015025141750525	0.0	0.0	False	False
311	666	145	521	0.0001730773656094	0.0002467039274877	-0.1348514310011956	0.0005250389252996342	0.0007162142099098752	0.21771771771771772	-0.44438438463372343	0.7348978395100416	3.6078239365554254	4.983606621708336	0.0	0.0	989	38.36509323120119	38.36509323120119	26	44.59867286682129	44.59867286682129	0.13977051860342465	0.13977051860342465	True	False	-0.44466198454774286	0.7347564458369406	0.0	0.0	False	False
312	2417	391	2026	0.0	0.0	-0.2938443935663059	0.0014157946192562552	0.002785124739495983	0.16177079023582955	-0.9746422477780428	0.5088660164290723	300.0	5.971261839790462	0.0	0.0	2685	36.299049377441406	36.299049377441406	52	33.432311630249025	33.432311630249025	-0.07897555986614788	0.0	True	False	-0.9766235533795857	0.5081676518647917	0.0	0.0	False	False
313	1988	381	1607	0.0	0.0	-0.2044726110256631	0.001379585038201108	0.0022091290505281565	0.19164989939637828	-0.6778000604030225	0.625117778842353	300.0	5.945420608606575	0.0	0.0	2648	39.399349212646484	39.399349212646484	19	35.07063293457031	35.07063293457031	-0.1098677101165603	0.0	True	False	-0.6790006125637351	0.6245977976243897	0.0	0.0	False	False
314	863	164	699	4.785758456193885e-10	8.99081818757764e-10	-0.2090150376347642	0.0005938371293044139	0.0009609092758675677	0.19003476245654694	-0.6909727584517551	0.6194360452221689	9.046200784553593	5.10594547390058	0.0	0.0	1145	36.73224639892578	36.73224639892578	3	42.07550048828125	42.07550048828125	0.12699205065531322	0.12699205065531322	True	False	-0.6915043645546	0.6192078366885695	0.0	0.0	False	False
315	716	290	426	0.0	0.0	0.2536066888579077	0.0010500778505992685	0.0005856185286403202	0.40502793296089384	0.8432561370639959	1.79409481587046	300.0	5.673323267171493	4.784064662590321	239.20323312951606	1980	19.122241973876953	19.122241973876953	50	15.507908821105957	15.507908821105957	-0.18901199753190892	0.0	True	False	0.8439251362017384	1.794926957231062	0.0	0.0	False	False
316	450	91	359	0.0001041640049246	0.0001494237642529	-0.1754347661924702	0.00032950718760183943	0.0004935142060607393	0.20222222222222222	-0.5768844071774986	0.6704100087915249	3.825580327131328	4.5217885770490405	0.0	0.0	632	40.027347564697266	40.027347564697266	5	56.040156555175784	56.040156555175784	0.28573812021229267	0.28573812021229267	True	False	-0.5771227374069579	0.670299267595466	0.0	0.0	False	False
317	1628	368	1260	4.4155851441907146e-07	7.315858781334431e-07	-0.1139044363820172	0.0013325125828294166	0.0017321111410488344	0.22604422604422605	-0.3769958787857117	0.7700393739336152	6.135734686339296	5.910796644040527	0.0	0.0	2523	32.3590087890625	32.3590087890625	53	26.426604080200196	26.426604080200196	-0.1833308537827489	0.0	True	False	-0.37757488448486853	0.7697303912892521	0.0	0.0	False	False
318	4054	874	3180	0.0	0.0	-0.1402973972884768	0.0031647173842198647	0.00437151859407563	0.21558954119388257	-0.46545958228384166	0.7242403278564952	300.0	6.774223886357614	0.0	0.0	6094	34.6049690246582	34.6049690246582	24	33.61534652709961	33.61534652709961	-0.02859769927415408	0.0	True	False	-0.46720883817499104	0.7233627245566001	0.0	0.0	False	False
319	822	170	652	8.219330454029006e-07	1.3419924995850997e-06	-0.1631803842905652	0.0006155628779375023	0.0008962987809236826	0.20681265206812652	-0.5389424474553159	0.6882752571886083	5.872249911438193	5.14166355650266	0.0	0.0	1187	38.27128601074219	38.27128601074219	3	86.97819519042969	86.97819519042969	0.5599898810621305	0.5599898810621305	True	False	-0.5393493912050715	0.6880811414488733	0.0	0.0	False	False
320	1282	150	1132	0.0	0.0	-0.4571368777328672	0.0005431437158272079	0.0015561506441803814	0.11700468018720749	-1.514411943196139	0.3500391167388099	300.0	5.017279836814924	0.0	0.0	1036	39.62581253051758	39.62581253051758	14	49.855552673339844	49.855552673339844	0.20518757880087846	0.20518757880087846	True	False	-1.5158765592335648	0.34968393927838454	0.0	0.0	False	False
321	2003	388	1615	0.0	0.0	-0.1987225110108715	0.0014049317449397112	0.0022201265815824348	0.19370943584623065	-0.658730531879895	0.6334354295587659	300.0	5.963579343618446	0.0	0.0	2694	36.812923431396484	36.812923431396484	22	38.57027130126953	38.57027130126953	0.04556223771791829	0.04556223771791829	True	False	-0.659910366844418	0.6329176182827657	0.0	0.0	False	False
322	3915	716	3199	0.0	0.0	-0.2294829277145882	0.002592606003548539	0.004397637730329541	0.18288633461047255	-0.7615441418218243	0.5898646502383363	300.0	6.57507584059962	0.0	0.0	4970	32.76936340332031	32.76936340332031	42	34.08826446533203	34.08826446533203	0.038690765948294285	0.038690765948294285	True	False	-0.7641590092094184	0.5887964959641689	0.0	0.0	False	False
323	1442	314	1128	3.297028139392921e-08	5.8053554297545954e-08	-0.134761161511918	0.001136980845131622	0.0015506518786532423	0.217753120665742	-0.4460107813347882	0.7340698322546645	7.23617118566603	5.752572638825633	0.0	0.0	2197	35.17875671386719	35.17875671386719	1	57.25423049926758	57.25423049926758	0.3855693036636444	0.3855693036636444	True	False	-0.4466100073322643	0.7337649983317236	0.0	0.0	False	False
324	2933	422	2511	0.0	0.0	-0.3539159716891998	0.0015280443205272114	0.003451850059661606	0.1438799863620866	-1.174262313524526	0.44311027512930673	300.0	6.0473721790462776	0.0	0.0	2882	36.119781494140625	36.119781494140625	72	31.03551483154297	31.03551483154297	-0.14076127961688886	0.0	True	False	-1.1770463282975019	0.44225601556715743	0.0	0.0	False	False
325	1172	262	910	6.986219984295161e-06	1.0816595768788023e-05	-0.1201218109389752	0.0009486910236448565	0.0012509691574241583	0.2235494880546075	-0.3970778794455967	0.7593948502101494	4.96590940017727	5.572154032177765	0.0	0.0	1828	32.96133041381836	32.96133041381836	6	25.441165924072266	25.441165924072266	-0.22815112118755435	0.0	True	False	-0.3975160763473333	0.759164230481001	0.0	0.0	False	False
326	2630	462	2168	0.0	0.0	-0.2507990122482915	0.0016728826447478002	0.0029803309157094234	0.17566539923954372	-0.8319084574816706	0.561785597050949	300.0	6.137727054086234	0.0	0.0	3234	32.44622802734375	32.44622802734375	0					False	True	-0.8338007274328056	0.5610492299607394			False	False
327	1536	268	1268	0.0	0.0	-0.2543661694544545	0.0009704167722779447	0.001743108672103113	0.17447916666666666	-0.8428658111007703	0.5575349647607412	300.0	5.594711379601839	0.0	0.0	1865	35.87274169921875	35.87274169921875	11	30.060697555541992	30.060697555541992	-0.16201839804743262	0.0	True	False	-0.8439837055889878	0.5571031175335404	0.0	0.0	False	False
328	4748	1022	3726	0.0	0.0	-0.1411736647000289	0.0037006191838360432	0.005122100088530125	0.21524852569502947	-0.4684567015145822	0.7227373203416548	300.0	6.930494765951626	0.0	0.0	7151	32.7723274230957	32.7723274230957	3	68.7236328125	68.7236328125	0.5231287101409632	0.5231287101409632	True	False	-0.4705181769897422	0.7217053341919293	0.0	0.0	False	False
329	1692	637	1055	0.0	0.0	0.2015052627631016	0.0023065503132128763	0.0014502994077829528	0.3764775413711584	0.6698343833768217	1.5908903280744136	300.0	6.45833828334479	4.326017041663178	216.3008520831589	4363	24.720033645629883	24.720033645629883	96	21.243109703063965	21.243109703063965	-0.14065207161158472	0.0	True	False	0.6710703922545083	1.5922538852207362	0.0	0.0	False	False
330	871	206	665	0.0034364574984515	0.0044084840480135	-0.0883361348713035	0.0007459173697360322	0.0009141697688868849	0.2365097588978186	-0.29103316951468905	0.8173165370571329	2.355710726352311	5.332718793265369	0.0	0.0	1442	35.57963180541992	35.57963180541992	0					False	True	-0.29127772944604224	0.8171780005474661			False	False
331	2010	480	1530	2.7972408283671868e-05	4.145086244016062e-05	-0.0828319033801981	0.0017380598906470651	0.002103277814130728	0.23880597014925373	-0.27413099377548455	0.8269482798124531	4.382466428947093	6.175867270105761	0.0	0.0	3349	29.820196914672852	29.820196914672852	11	22.360767364501953	22.360767364501953	-0.2501468910991842	0.0	True	False	-0.2746605286071162	0.8266448078025725	0.0	0.0	False	False
332	1598	329	1269	3.2520652837320085e-12	6.460961559272884e-12	-0.1656474340825602	0.0011912952167143426	0.0017444833634848976	0.20588235294117646	-0.5486463096616969	0.6836613114659599	11.189702842870268	5.799092654460526	0.0	0.0	2237	26.37725830078125	26.37725830078125	66	20.127620697021484	20.127620697021484	-0.2369327976583018	0.0	True	False	-0.5494471864153745	0.6832818989838672	0.0	0.0	False	False
333	1097	421	676	0.0	0.0	0.214953689955614	0.0015244233624216968	0.0009292913740865176	0.3837739288969918	0.7147064119433022	1.6411492102096243	300.0	6.045005314036012	4.320404058172873	216.02020290864363	2885	24.483603286743154	24.483603286743154	62	22.005309295654296	22.005309295654296	-0.10122260036907028	0.0	True	False	0.7155644372008894	1.642125553966406	0.0	0.0	False	False
334	890	268	622	0.0380713591715029	0.0447487965131016	0.0549626994000848	0.0009704167722779447	0.000855058039470139	0.30112359550561796	0.18411196600772683	1.1361174342152622	1.3492186402306914	5.594711379601839	1.0300533113442962	1.3897671280970723	1825	23.819490432739258	23.819490432739258	51	19.290111541748047	19.290111541748047	-0.19015431517232206	0.0	True	False	0.1842769234975723	1.136247345103904	0.0	0.0	False	False
335	2158	314	1844	0.0	0.0	-0.3482129785820556	0.001136980845131622	0.0025349309080111514	0.14550509731232622	-1.1548341518377718	0.4491178127944637	300.0	5.752572638825633	0.0	0.0	2193	36.1716423034668	36.1716423034668	5	69.84944915771484	69.84944915771484	0.4821484959488524	0.4821484959488524	True	False	-1.156856298176253	0.4484887500071939	0.0	0.0	False	False
336	3161	1064	2097	0.0	0.0	0.125961487555079	0.003852699424267661	0.0028827278276027032	0.3366023410313192	0.4187688541028667	1.3367863008494847	300.0	6.970730078143525	2.9191246470845504	145.95623235422752	7379	29.348825454711914	29.348825454711914	69	19.41429557800293	19.41429557800293	-0.33849838018352485	0.0	True	False	0.42017132846677896	1.3380864509364232	0.0	0.0	False	False
337	2161	511	1650	3.896926417557012e-06	6.182756047643457e-06	-0.0884447540174143	0.0018503095919180216	0.0022682407799449024	0.23646459972235076	-0.2928332784994492	0.8162973740967587	5.208817889074865	6.238324625039508	0.0	0.0	3556	26.60525894165039	26.60525894165039	21	27.008697509765625	27.008697509765625	0.014937357418637524	0.014937357418637524	True	False	-0.2934390928815791	0.8159546676620646	0.0	0.0	False	False
338	2153	331	1822	0.0	0.0	-0.3201020887989945	0.001198537132925372	0.002504687697611886	0.15373896888063168	-1.0615743241239546	0.47910895224522493	300.0	5.805134968916488	0.0	0.0	2291	28.837299346923828	28.837299346923828	26	26.339207649230957	26.339207649230957	-0.08662710289336963	0.0	True	False	-1.0634638179251716	0.4784818752737292	0.0	0.0	False	False
339	1689	394	1295	1.044818914852641e-05	1.5956588189416184e-05	-0.0961552565297371	0.0014266574935727994	0.001780225339411302	0.23327412670219064	-0.31814809518887976	0.8020988252681155	4.797059963167564	5.978885764901122	0.0	0.0	2707	32.68984603881836	32.68984603881836	51	19.122140884399414	19.122140884399414	-0.4150434094522085	0.0	True	False	-0.3186606272860857	0.8018139221069475	0.0	0.0	False	False
340	702	163	539	0.003599211100481	0.0046041190430654	-0.0987828707197297	0.0005902161711988992	0.0007409586547820014	0.23219373219373218	-0.3250686090121775	0.798260423266847	2.3368534558767293	5.099866427824199	0.0	0.0	1123	31.29483146667481	31.29483146667481	19	28.546295166015625	28.546295166015625	-0.08782716416242864	0.0	True	False	-0.32528785043556496	0.7981391235817601	0.0	0.0	False	False
341	1281	389	892	0.0061826455366995	0.0077326123843401	0.0602030370114067	0.0014085527030452257	0.001226224712552032	0.3036690085870414	0.20103487412296417	1.1495226349945415	2.1116737593242565	5.966146739123692	1.1994035586988645	2.5327490217445225	2669	23.172945022583008	23.172945022583008	54	19.460330390930174	19.460330390930174	-0.16021332756948825	0.0	True	False	0.2012966419955653	1.1497312275152924	0.0	0.0	False	False
342	1829	366	1463	8.881784197001252e-16	2.077042241902897e-15	-0.1811449506688179	0.0013252706666183871	0.002011173491551147	0.2001093493712411	-0.6002739272971809	0.659628698518917	14.682554670899286	5.905361848054571	0.0	0.0	2539	37.70717239379897	37.70717239379897	23	22.849222946166993	22.849222946166993	-0.3940351000722452	0.0	True	False	-0.6012667512902468	0.6591749159169911	0.0	0.0	False	False
343	1875	204	1671	0.0	0.0	-0.4927279924044311	0.0007386754535250028	0.002297109298962383	0.1088	-1.633706891697896	0.3222591234523697	300.0	5.3230099791384085	0.0	0.0	1401	35.728904724121094	35.728904724121094	27	32.47495803833008	32.47495803833008	-0.09107322799050788	0.0	True	False	-1.6359602748534492	0.3217561713796414	0.0	0.0	False	False
344	612	167	445	0.8810977959833632	0.8870244627724889	-0.0050252497705311	0.0006047000036209581	0.0006117376648942313	0.272875816993464	-0.01400062119902934	0.9903424455089497	0.052064402828245204	5.123963979403259	0.0	0.0	1156	26.355480194091797	26.355480194091797	13	28.83604621887207	28.83604621887207	0.08602309782527812	0.08602309782527812	True	False	-0.014012401887503856	0.9903343586521515	0.0	0.0	False	False
345	1308	370	938	0.461418536194832	0.4909405752404729	0.0166171757498338	0.0013397544990404462	0.0012894605161141324	0.28287461773700306	0.05638051245271569	1.0398536615921223	0.30897107286076536	5.916202062607435	0.33355850406362075	0.10305992886236887	2565	24.43158531188965	24.43158531188965	25	22.475984573364258	22.475984573364258	-0.08004395595130276	0.0	True	False	0.05645154428382071	1.0399048605814685	0.0	0.0	False	False
346	1685	483	1202	0.2116081414037327	0.2328726850251862	0.0246609531465218	0.0017489227649636094	0.0016523790409053167	0.28664688427299706	0.08281461579719362	1.0590822354214464	0.6328814493722853	6.182084906716632	0.5119669863753675	0.32401440836800366	3379	27.75858497619629	27.75858497619629	2	31.978983688354493	31.978983688354493	0.13197413505342603	0.13197413505342603	True	False	0.08295251295299622	1.0591834705430714	0.06767890708731492	0.06756640020279826	False	False
348	2366	452	1914	0.0	0.0	-0.2061852085675163	0.001636673063692653	0.0026311593047360867	0.19103972950126796	-0.6837142479018361	0.6225604149389136	300.0	6.115892125483034	0.0	0.0	3137	29.29623794555664	29.29623794555664	27	25.044439697265624	25.044439697265624	-0.14513120272276758	0.0	True	False	-0.6851536785547516	0.6219395729623487	0.0	0.0	False	False
349	970	239	731	0.0206892755803713	0.0248381944801784	-0.0649011859473073	0.0008654089872180179	0.001004899400084681	0.2463917525773196	-0.21356849342454964	0.8624014486208442	1.604879976764153	5.480638923341991	0.0	0.0	1662	31.91192626953125	31.91192626953125	11	30.060697555541992	30.060697555541992	-0.058010560013005766	0.0	True	False	-0.21377154552213717	0.8622800784798079	0.0	0.0	False	False
350	2929	588	2341	0.0	0.0	-0.1794057975587402	0.002129123366042655	0.003218152524758192	0.200751109593718	-0.595055002682864	0.6620192152640725	300.0	6.3784261836515865	0.0	0.0	4099	32.83774185180664	32.83774185180664	17	29.601317596435546	29.601317596435546	-0.09855806376628287	0.0	True	False	-0.5966319744270479	0.6612959749406928	0.0	0.0	False	False
351	512	213	299	0.0	0.0	0.273326705176087	0.0007712640764746352	0.000411032723153652	0.416015625	0.9089437818094623	1.8776703251239548	300.0	5.365976015021851	4.877370532192829	243.86852660964146	1484	30.77101707458496	30.77101707458496	7	35.7923698425293	35.7923698425293	0.14029115115976065	0.14029115115976065	True	False	0.9094621712607847	1.878345131204045	0.6846421696298359	0.6842519265940266	True	True
352	1670	379	1291	5.061012788853958e-07	8.323790264452114e-07	-0.111668742236346	0.0013723431219900787	0.001774726573884163	0.22694610778443114	-0.3696121377247774	0.773990552789931	6.079678871293022	5.940171252720432	0.0	0.0	2551	26.713394165039062	26.713394165039062	102	21.952069091796876	21.952069091796876	-0.17823736825901115	0.0	True	False	-0.3701951914093229	0.7736778138860783	0.0	0.0	False	False
353	735	356	379	0.0	0.0	0.3934290780660693	0.00128906108556324	0.0005210080336964352	0.48435374149659866	1.30706590600618	2.4743779907193764	300.0	5.877735781779639	7.682588044876746	384.1294022438373	2420	20.567172050476074	20.567172050476074	72	18.781167030334473	18.781167030334473	-0.08683765642444073	0.0	True	False	1.3081733529452961	2.476278111161341	0.0	0.0	False	False
354	1614	395	1219	0.0016110792257055	0.0021213330567208	-0.0687883199299859	0.001430278451678314	0.001675748794395658	0.24473358116480792	-0.22727644334563557	0.8542460380609161	2.673391140375212	5.981414211254481	0.0	0.0	2745	33.54474639892578	33.54474639892578	20	30.114674949645995	30.114674949645995	-0.10225361099732831	0.0	True	False	-0.2276327554450397	0.8540350852215898	0.0	0.0	False	False
355	2064	465	1599	7.832329673718164e-09	1.4237716694329778e-08	-0.1157772207944258	0.0016837455190643444	0.0021981315194738783	0.22529069767441862	-0.38350420457912193	0.766573374833581	7.846559653013948	6.144185634125646	0.0	0.0	3253	32.87419891357422	32.87419891357422	2	77.15416717529297	77.15416717529297	0.5739154459553093	0.5739154459553093	True	False	-0.38424937246087865	0.7661775334777007	0.0	0.0	False	False
356	2916	433	2483	0.0	0.0	-0.3378705331391783	0.0015678748596878733	0.003413358700971632	0.14849108367626887	-1.1210071332376472	0.4597727497773821	300.0	6.073044534100405	0.0	0.0	3007	36.81218338012695	36.81218338012695	24	32.157049369812015	32.157049369812015	-0.12645634088707738	0.0	True	False	-1.1236778731774493	0.4589223985060541	0.0	0.0	False	False
357	746	89	657	0.0	0.0	-0.4475570728494568	0.00032226527139081	0.0009031722378326066	0.1193029490616622	-1.4797675919376516	0.3585465666915084	300.0	4.499809670330265	0.0	0.0	623	39.03258895874025	39.03258895874025	0					False	True	-1.480607797660479	0.3583378149020018			False	False
358	1956	544	1412	0.7315169402165225	0.7498883702219602	0.0063824930440782	0.001969801209400007	0.0019410642310801224	0.278118609406953	0.02201680150475127	1.0153779258062476	0.12500338168145445	6.300785794663244	0.13872315016505715	0.017340862888136358	3800	31.448680877685547	31.448680877685547	8	57.006099700927734	57.006099700927734	0.4483277922419635	0.4483277922419635	True	False	0.0220567178658424	1.015406019583158	0.062306200077095066	0.062193443646350446	False	False
359	1116	537	579	0.0	0.0	0.3879140120333705	0.0019444545026614042	0.000795946310053393	0.48118279569892475	1.2887198084481089	2.4431116708166067	300.0	6.2878585601617845	8.103287879200497	405.1643939600249	3716	19.206602096557617	19.206602096557617	43	20.47464027404785	20.47464027404785	0.06193213460739064	0.06193213460739064	True	False	1.2903774045338121	2.445920316845194	0.5024994175981168	0.5018539156970822	True	True
360	4236	819	3417	0.0	0.0	-0.1997427869767486	0.002965564688416555	0.004697320451558625	0.193342776203966	-0.6628617684162066	0.6316241469855761	300.0	6.709304340258298	0.0	0.0	5636	32.8726692199707	32.8726692199707	97	21.496231842041016	21.496231842041016	-0.34607586325902334	0.0	True	False	-0.6653713972013309	0.6305263652755789	0.0	0.0	False	False
361	2484	511	1973	0.0	0.0	-0.1660878950556561	0.0018503095919180216	0.002712266096261389	0.20571658615136876	-0.550686659170017	0.6826951182907017	300.0	6.238324625039508	0.0	0.0	3563	36.26871871948242	36.26871871948242	14	33.86249885559082	33.86249885559082	-0.066344220277047	0.0	True	False	-0.5519346654638113	0.6821048068451608	0.0	0.0	False	False
362	1839	629	1210	2.4424906541753444e-15	5.6239913011524586e-15	0.1364835651903429	0.002277582648368758	0.001663376571959595	0.3420337139749864	0.45393891869783687	1.3697749847492748	14.249955359727991	6.4457198193855785	2.925963085041106	41.694843346047755	4365	30.620344161987305	30.620344161987305	38	21.692317962646484	21.692317962646484	-0.2915717129797727	0.0	True	False	0.4548251556522551	1.3706166859484017	0.0	0.0	False	False
363	1106	101	1005	0.0	0.0	-0.5772263979088048	0.0003657167686569866	0.0013815648386937133	0.09132007233273057	-1.9110977341424178	0.2658901551118702	300.0	4.624972813284271	0.0	0.0	669	39.04206848144531	39.04206848144531	38	31.642613792419432	31.642613792419432	-0.18952517058727206	0.0	True	False	-1.9125661946540031	0.265619654043814	0.0	0.0	False	False
364	934	307	627	7.763911704206095e-06	1.1938343682152522e-05	0.1104891247083845	0.0011116341383930188	0.0008619314963790629	0.3286937901498929	0.3682346663662255	1.2907724282649973	4.923055922754287	5.730099782973574	2.1100213818284552	10.387753260948761	2141	27.203947067260742	27.203947067260742	8	26.771479988098143	26.771479988098143	-0.015897218079910992	0.0	True	False	0.36859364457767363	1.2910936443341907	0.0	0.0	False	False
365	2776	514	2262	0.0	0.0	-0.2229111915323153	0.0018611724662345656	0.0031095519055971935	0.1851585014409222	-0.7394110949862043	0.598983806315151	300.0	6.244166900663736	0.0	0.0	3577	31.107425689697266	31.107425689697266	21	24.533578872680664	24.533578872680664	-0.21132725293928292	0.0	True	False	-0.7412182355289652	0.598233980310169	0.0	0.0	False	False
366	1405	363	1042	0.1010231263605287	0.1151253394311609	-0.037342803865421	0.0013144077923018431	0.0014324284198197505	0.25836298932384344	-0.12275639943467453	0.9184312272816355	0.9388290763359168	5.8971538676367405	0.0	0.0	2476	24.222942352294922	24.222942352294922	65	23.035768127441408	23.035768127441408	-0.04901032284135537	0.0	True	False	-0.12292852373150964	0.9183216581109089	0.0	0.0	False	False
367	1184	123	1061	0.0	0.0	-0.5151919823976288	0.00044537784697831046	0.0014585475560736614	0.10388513513513513	-1.7062577093429425	0.3064539680967837	300.0	4.820281565605037	0.0	0.0	821	37.54616928100586	37.54616928100586	40	35.30361633300782	35.30361633300782	-0.0597278761306955	0.0	True	False	-1.7077224172404524	0.30614299609336754	0.0	0.0	False	False
368	1525	791	734	0.0	0.0	0.4530987136427559	0.002864177861462143	0.0010090234742300354	0.5186885245901639	1.5050905745586594	2.838424907380256	300.0	6.674561391814426	10.04581944013302	502.290972006651	5421	20.167922973632812	20.167922973632812	116	16.837099075317383	16.837099075317383	-0.1651545329020787	0.0	True	False	1.5077705637452272	2.8437025424006426	0.0	0.0	False	False
369	967	194	773	6.267856678121575e-09	1.1486806728475866e-08	-0.1797594739252295	0.0007024658724698556	0.0010626364381196422	0.20062047569803515	-0.5943674214850869	0.662334805489597	7.939800686102719	5.272999558563747	0.0	0.0	1342	35.50090789794922	35.50090789794922	16	27.951723098754883	27.951723098754883	-0.21264765455844664	0.0	True	False	-0.5948891178908475	0.6620953403151717	0.0	0.0	False	False
370	1385	268	1117	3.3306690738754696e-14	7.22449475444486e-14	-0.199300089024396	0.0009704167722779447	0.0015355302734536096	0.19350180505415163	-0.6600171231075098	0.6328707855024616	13.141192519924935	5.594711379601839	0.0	0.0	1800	39.099857330322266	39.099857330322266	76	20.02903175354004	20.02903175354004	-0.4877466793719639	0.0	True	False	-0.6608350537379089	0.6325120834377038	0.0	0.0	False	False
371	685	336	349	0.0	0.0	0.4041321404919047	0.0012166419234529457	0.0004797672922428915	0.4905109489051095	1.3425777642126366	2.5360404631448863	300.0	5.820082930352362	7.813913928164604	390.6956964082302	2328	21.195655822753906	21.195655822753906	24	17.879829978942873	17.879829978942873	-0.15643893595646316	0.0	True	False	1.3436401290738456	2.537908628219929	0.0	0.0	False	False
372	141	74	67	0.0	0.0	0.4637752070907291	0.00026795089980808924	9.210432257958088e-05	0.524822695035461	1.539616638389088	2.9071724206373153	300.0	4.31748811353631	6.6472765356476184	332.3638267823809	518	11.198928833007812	11.198928833007812	0					False	True	1.5398687561089996	2.9076805070368894			False	True
373	1058	251	807	0.0015483429037752	0.0020447234229267	-0.0865815231786477	0.0009088604844841946	0.001109375945100325	0.23724007561436672	-0.2856401447980037	0.8203775145900505	2.689365428008745	5.529429087511423	0.0	0.0	1682	24.99349594116211	24.99349594116211	75	20.880823135375977	20.880823135375977	-0.16454972187435848	0.0	True	False	-0.2859313412865756	0.8202119446412552	0.0	0.0	False	False
374	223	73	150	0.0333836783242247	0.0393419201248737	0.1078498911290212	0.0002643299417025745	0.0002062037072677184	0.3273542600896861	0.3633163830544195	1.2863795555652862	1.405144447688487	4.30406509320417	1.563737362093722	2.1972768719890343	503	16.320640563964844	16.320640563964844	8	17.602348136901856	17.602348136901856	0.07281457922366728	0.07281457922366728	True	False	0.3633986403953653	1.2864529024440927	0.11388865737997124	0.11386287803718181	True	True
375	1211	403	808	3.837451512112011e-08	6.704341357736549e-08	0.1185119754282559	0.0014592461165224319	0.0011107506364821098	0.33278282411230387	0.394584614781877	1.3145642123176675	7.173643881309889	6.0014148779611505	2.368065977766526	16.98766201194296	2789	26.45599937438965	26.45599937438965	32	22.421314811706544	22.421314811706544	-0.1525054678746637	0.0	True	False	0.39508641132987243	1.3150215220724923	0.0	0.0	False	False
376	1001	255	746	0.0934273315690901	0.1071817792481448	-0.0455803569764002	0.0009233443169062534	0.0010255197708114528	0.2547452547452547	-0.1495552542191625	0.9015283377806284	0.9698790378201405	5.545177444479562	0.0	0.0	1785	34.300241851806646	34.300241851806646	0					False	True	-0.1497044277520434	0.9014351252784788			False	False
377	2863	941	1922	4.6629367034256575e-15	1.0574033231505658e-14	0.1104545301561584	0.003407321577289351	0.002642156835790365	0.32867621376178835	0.3673131167427961	1.2899481854550205	13.97575932905131	6.848005274576363	2.515362160875751	35.15409618580194	6503	30.272750854492188	30.272750854492188	84	29.470437240600585	29.470437240600585	-0.026502831465431448	0.0	True	False	0.3684187386730109	1.2909371273937968	0.0	0.0	False	False
378	1522	231	1291	0.0	0.0	-0.3266959723115398	0.0008364413223739001	0.001774726573884163	0.15177398160315375	-1.0826998298800081	0.472144434705847	300.0	5.44673737166631	0.0	0.0	1605	30.860210418701172	30.860210418701172	12	29.953139305114746	29.953139305114746	-0.029392901126712476	0.0	True	False	-1.084056879845976	0.47170052776659094	0.0	0.0	False	False
379	1303	186	1117	0.0	0.0	-0.3579219388345541	0.0006734982076257378	0.0015355302734536096	0.1427475057559478	-1.1857635808376852	0.4395918119039443	300.0	5.231108616854587	0.0	0.0	1280	39.51858901977539	39.51858901977539	22	43.17502975463867	43.17502975463867	0.08468878320739172	0.08468878320739172	True	False	-1.1870102260209663	0.43921212091219836	0.0	0.0	False	False
380	303	64	239	0.0049969629102664	0.0063379557816655	-0.1515996368980893	0.00023174131875294203	0.00032855124024656467	0.21122112211221122	-0.4953908753351701	0.7093694596600693	2.1980507950992783	4.174387269895637	0.0	0.0	441	41.252685546875	41.252685546875	7	52.70582962036133	52.70582962036133	0.21730317416466102	0.21730317416466102	True	False	-0.49553220228357553	0.7092999729647297	0.0	0.0	False	False
381	1040	283	757	0.7953863690365135	0.8079829857407116	-0.0066911539136291	0.0010247311438606654	0.0010406413760110855	0.2721153846153846	-0.020633438440325946	0.9857997782252796	0.09259778436987155	5.648974238161206	0.0	0.0	1962	32.57479743957521	32.57479743957521	19	24.485425186157226	24.485425186157226	-0.24833223501768215	0.0	True	False	-0.020658037764944126	0.9857829695433863	0.0	0.0	False	False
382	447	182	265	4.440892098500626e-16	1.0439584043072153e-15	0.2574438041102068	0.0006590143752036789	0.0003642932161729692	0.407158836689038	0.8564483179409823	1.8105754752575693	14.981316805107445	5.209486152841421	4.461655652937875	66.84147681196082	1248	22.387632369995117	22.387632369995117	26	19.239967346191406	19.239967346191406	-0.1405983880645793	0.0	True	False	0.856872106663511	1.8111074062295396	0.0	0.0	False	False
383	2349	560	1789	4.669165871717951e-06	7.35598412772407e-06	-0.0838040234994473	0.002027736539088243	0.002459322882012988	0.23839931885908897	-0.2775065506332002	0.8250156829776008	5.133359216526033	6.329720905522696	0.0	0.0	3886	25.213462829589844	25.213462829589844	34	24.17557773590088	24.17557773590088	-0.04116392503099294	0.0	True	False	-0.2781322213880877	0.8246579661656804	0.0	0.0	False	False
384	1000	308	692	0.0051880809548172	0.0065618263344026	0.0690629121056614	0.0011152550964985334	0.0009512864361950742	0.308	0.23072013319062457	1.1734205256559262	2.1829752678555945	5.733341276897746	1.3227972630331535	2.8876337095884455	2093	23.172924041748047	23.172924041748047	63	18.69371795654297	18.69371795654297	-0.19329481584349895	0.0	True	False	0.2309553123353112	1.1736118249409098	0.0	0.0	False	False
385	2534	290	2244	0.0	0.0	-0.4680065646226712	0.0010500778505992685	0.003084807460725067	0.11444356748224152	-1.5525203125332592	0.3409139848379376	300.0	5.673323267171493	0.0	0.0	1984	35.12644577026367	35.12644577026367	46	33.15424919128418	33.15424919128418	-0.05614563431433354	0.0	True	False	-1.5554635094239302	0.34021920585247095	0.0	0.0	False	False
386	2563	418	2145	0.0	0.0	-0.2896327246836788	0.0015135604881051526	0.002948713013928373	0.1630901287553648	-0.9607506582202863	0.5137895105408903	300.0	6.037870919922137	0.0	0.0	2844	34.9677734375	34.9677734375	82	33.22594985961914	33.22594985961914	-0.04981225301616998	0.0	True	False	-0.9628273972440393	0.5130504498980224	0.0	0.0	False	False
387	1968	411	1557	1.20570220474292e-13	2.5415976053031506e-13	-0.1578285006300808	0.0014882137813665495	0.002140394481438917	0.20884146341463414	-0.5230041125119804	0.6959212121363593	12.59489320737359	6.021023349349527	0.0	0.0	2850	29.156986236572266	29.156986236572266	27	25.42687644958496	25.42687644958496	-0.1279319390804714	0.0	True	False	-0.5239483426877634	0.6954658873444277	0.0	0.0	False	False
388	582	145	437	0.1044618565551371	0.1187427179576116	-0.0584951446722531	0.0005250389252996342	0.0006007401338399529	0.24914089347079038	-0.19100014883365013	0.8759982246959688	0.9253930145266573	4.983606621708336	0.0	0.0	1015	31.501333236694336	31.501333236694336	0					False	True	-0.19111104521469713	0.8759308914781949			False	False
389	882	139	743	0.0	0.0	-0.3073557234427477	0.000503313176666546	0.0010213956966660985	0.15759637188208617	-1.0168039052454745	0.4942099954563914	300.0	4.941642422609304	0.0	0.0	939	44.138343811035156	44.138343811035156	34	39.75310134887695	39.75310134887695	-0.0993522203944099	0.0	True	False	-1.017553531228108	0.49395327008433665	0.0	0.0	False	False
390	650	149	501	0.0028019248790553	0.0036151272146433	-0.1060331673917312	0.0005395227577216932	0.0006887203822741794	0.22923076923076924	-0.3488405014363192	0.7852149240802772	2.441876415479961	5.0106352940962555	0.0	0.0	1037	36.2728385925293	36.2728385925293	6	76.93531799316406	76.93531799316406	0.5285281254605038	0.5285281254605038	True	False	-0.3490575014420845	0.7850968264752312	0.0	0.0	False	False
391	752	150	602	2.0155060309612338e-07	3.402113563539827e-07	-0.1828869421387769	0.0005431437158272079	0.0008275642118344431	0.19946808510638298	-0.6039340393798653	0.6579573439115389	6.468251193605424	5.017279836814924	0.0	0.0	1031	37.42427062988281	37.42427062988281	19	46.582210540771484	46.582210540771484	0.1965973663459596	0.1965973663459596	True	False	-0.6043462737723466	0.6577693666252357	0.0	0.0	False	False
392	1367	392	975	0.2559281547545582	0.2795906118851499	0.0248997413837754	0.00141941557736177	0.0013403240972401696	0.2867593269934162	0.08381449614772052	1.0598165018697676	0.5534774154547056	5.973809611869261	0.500691842701232	0.2771216270375319	2683	23.289134979248047	23.289134979248047	61	20.842578887939453	20.842578887939453	-0.10505139385763428	0.0	True	False	0.08392713598262702	1.059899251316324	0.0	0.0	False	False
393	1107	201	906	1.2212453270876722e-14	2.7145502567443804e-14	-0.2333138501934503	0.0007278125792084585	0.0012454703918970192	0.18157181571815717	-0.7722634662384333	0.5854981566567081	13.566302113476079	5.308267697401205	0.0	0.0	1394	29.350954055786133	29.350954055786133	13	35.227359771728516	35.227359771728516	0.1668136855563741	0.1668136855563741	True	False	-0.7730126471907734	0.5851941906891561	0.0	0.0	False	False
394	700	333	367	0.0	0.0	0.3783964593155439	0.0012057790491364015	0.0005045117371150177	0.4757142857142857	1.2572062264386155	2.39032407082397	300.0	5.811140992976701	7.305802639082986	365.29013195414933	2304	18.336801528930664	18.336801528930664	27	18.163315200805663	18.163315200805663	-0.009461100827823516	0.0	True	False	1.258217184267739	2.391999659663564	0.0	0.0	False	False
395	1094	514	580	0.0	0.0	0.368153415493627	0.0018611724662345656	0.0007973210014351779	0.46983546617915906	1.2231387250061587	2.334540674914778	300.0	6.244166900663736	7.6374823416035005	381.87411708017504	3538	22.081016540527344	22.081016540527344	60	18.53967742919922	18.53967742919922	-0.16037935141384344	0.0	True	False	1.2246739568289353	2.337026279068785	0.0	0.0	False	False
396	25	12	13	0.0014727542538568	0.0019506391149903	0.3858561838047645	4.345149726617663e-05	1.7870987963202262e-05	0.48	1.2862324025890128	2.438903037447411	2.709823071387467	2.5649493574615367	3.2991209745668972	8.940034132179683	80	13.668222427368164	13.668222427368164	4	14.070747375488281	14.070747375488281	0.028607218748119185	0.028607218748119185	True	False	1.2862676881618285	2.438962689099837	0.09438126451251067	0.09437867539594337	True	True
397	362	171	191	0.0	0.0	0.3725810332058847	0.000619183836043017	0.00026256605392089476	0.4723756906077348	1.2381278992256135	2.3589223007624547	300.0	5.147494476813453	6.373256522852489	318.66282614262445	1175	14.158974647521973	14.158974647521973	22	17.976900100708008	17.976900100708008	0.21237952215330322	0.21237952215330322	True	False	1.238640995168181	2.359761403056615	1.3541101028704605	1.3535491748838344	True	True
398	427	55	372	3.9346303992715563e-13	8.066890635949443e-13	-0.4095619603197323	0.00019915269580330955	0.0005113851940239416	0.1288056206088993	-1.349417034021661	0.39245059883113526	12.093293830812785	4.02535169073515	0.0	0.0	385	44.41263122558603	44.41263122558603	0					False	True	-1.3498692707419409	0.39232759795260724			False	False
399	1127	464	663	0.0	0.0	0.2656227422115811	0.0016801245609588298	0.0009114203861233153	0.41171251109139306	0.8828458459902162	1.8440091903027405	300.0	6.142037405587356	5.422472209439322	271.1236104719661	3189	22.328250885009766	22.328250885009766	59	20.588759231567384	20.588759231567384	-0.07790541509053907	0.0	True	False	0.8839546668014098	1.8454269963213292	0.0	0.0	False	False
400	18	9	9	0.0025240381315356	0.0032754136446806	0.4206182900611924	3.258862294963247e-05	1.2372222436063103e-05	0.5	1.3972637149777558	2.6340152804432027	2.4847338461276545	2.302585092994046	3.217318601089262	7.994180421902567	63	4.756751680374153	4.756751680374153	0					False	True	1.3972912613244421	2.6340655739485763			False	True
401	543	118	425	0.0006406575104225	0.0008716824914536	-0.135888632680335	0.00042727305645073687	0.0005842438372585354	0.21731123388581952	-0.4470083578099455	0.7335624224031022	3.059641677131752	4.77912349311153	0.0	0.0	817	26.8104248046875	26.8104248046875	9	26.01967544555664	26.01967544555664	-0.029494100331920382	0.0	True	False	-0.44723655424366626	0.7334464012858125	0.0	0.0	False	False
402	295	98	197	0.0072729240894047	0.0090709525448408	0.1173781395943215	0.0003548538943404425	0.0002708142022116035	0.33220338983050846	0.3936066913696692	1.3136734436640805	2.0423471050846964	4.59511985013459	1.8086699206585661	3.69393177651079	666	34.383636474609375	34.383636474609375	20	38.78179092407227	38.78179092407227	0.11340771905231721	0.11340771905231721	True	False	0.3937263519623393	1.313782407414306	0.20517948799509336	0.20511713022042352	True	True
403	574	291	283	0.0	0.0	0.4327248435227673	0.0010536988087047833	0.00038903766104509535	0.5069686411149826	1.4374108632360247	2.708343753965412	300.0	5.676753802268282	8.159827583296837	407.9913791648418	2017	14.280463218688965	14.280463218688965	20	17.682039070129395	17.682039070129395	0.19237463722081563	0.19237463722081563	True	False	1.4383688361286584	2.710142735329458	1.570790038306434	1.5697438711211338	True	True
404	706	52	654	0.0	0.0	-0.6789561146205879	0.0001882898214867654	0.0008990481636872522	0.07365439093484419	-2.24274014930136	0.21128464816389358	300.0	3.970291913552122	0.0	0.0	317	36.919307708740234	36.919307708740234	47	33.303924560546875	33.303924560546875	-0.09792662356281014	0.0	True	False	-2.2437677346021765	0.21113421048327513	0.0	0.0	False	False
405	637	186	451	0.2585771112299992	0.2817988420928875	0.0359546924025202	0.0006734982076257378	0.0006199858131849399	0.29199372056514916	0.12171335775213521	1.0880262454100935	0.5500607957323496	5.231108616854587	0.6366957945234996	0.3502213953750367	1281	23.277790069580078	23.277790069580078	21	17.798377990722656	17.798377990722656	-0.23539228004371587	0.0	True	False	0.12178898829830409	1.0880832846136594	0.0	0.0	False	False
406	856	105	751	0.0	0.0	-0.43383234786948	0.0003802006010790455	0.0010323932277203768	0.12266355140186916	-1.4352663902314227	0.3697785922644818	300.0	4.663439094112067	0.0	0.0	724	33.15960693359375	33.15960693359375	11	32.631195068359375	32.631195068359375	-0.01593540798877941	0.0	True	False	-1.4362095906736734	0.36953691863552957	0.0	0.0	False	False
407	1753	370	1383	1.25963683927921e-11	2.4378316415360568e-11	-0.1520021659802633	0.0013397544990404462	0.0019011981810083637	0.21106674272675413	-0.5035134813263635	0.705386817061227	10.612996290381533	5.916202062607435	0.0	0.0	2586	29.220104217529297	29.220104217529297	4	29.059071350097657	29.059071350097657	-0.005511029879730389	0.0	True	False	-0.5043264100189191	0.7049894582020677	0.0	0.0	False	False
408	1082	278	804	0.1187917552211674	0.1333437452357604	-0.0405929627681604	0.001006626353333092	0.0011052518709549707	0.25693160813308685	-0.13315137840565683	0.9118374836587109	0.8750273509775042	5.631211781821365	0.0	0.0	1938	25.11220932006836	25.11220932006836	8	24.475667190551757	24.475667190551757	-0.025347914291551848	0.0	True	False	-0.1332954372273143	0.9117464376152893	0.0	0.0	False	False
409	1108	165	943	0.0	0.0	-0.336409458460058	0.0005974580874099286	0.0012963339730230562	0.14891696750902528	-1.1139275858154711	0.46203447685569715	300.0	5.111987788356544	0.0	0.0	1131	42.00370788574219	42.00370788574219	24	39.05641098022461	39.05641098022461	-0.07016754124504354	0.0	True	False	-1.114938426869017	0.461710860413806	0.0	0.0	False	False
410	603	59	544	0.0	0.0	-0.5441285979882806	0.00021363652822536843	0.0007478321116909254	0.0978441127694859	-1.7967067604312064	0.2878308708656946	300.0	4.0943445622221	0.0	0.0	405	37.724693298339844	37.724693298339844	8	32.23751678466797	32.23751678466797	-0.14545317758523305	0.0	True	False	-1.7974794325927537	0.2876767569679016	0.0	0.0	False	False
411	948	280	668	0.0972757951681309	0.1111369771768213	0.0429998589287669	0.0010138682695441214	0.0009182938430322392	0.29535864978902954	0.14433692549319765	1.1052225671867155	0.9541414197989708	5.638354669333745	0.8138227778118479	0.7765020206861389	1941	33.447662353515625	33.447662353515625	19	29.145268630981445	29.145268630981445	-0.12863062527543015	0.0	True	False	0.14447332150478687	1.105327062642844	0.0	0.0	False	False
412	1469	444	1025	0.0053860805433252	0.0067931184380703	0.0572773947845936	0.0016077053988485352	0.0014090586663294091	0.30224642614023145	0.1911915473276764	1.141706281966851	2.167930813415754	6.09807428216624	1.165900257726473	2.5275910940945896	3082	26.235300064086914	26.235300064086914	26	26.884593963623047	26.884593963623047	0.024151151414623487	0.024151151414623487	True	False	0.19147694377600644	1.1419321586350382	0.02819986556770068	0.028157833658700598	True	True
413	452	204	248	0.0	0.0	0.3357967766612528	0.0007386754535250028	0.00034092346268262775	0.45132743362831856	1.11611870635722	2.1676302810890764	300.0	5.3230099791384085	5.941111011842533	297.0555505921267	1426	22.186046600341797	22.186046600341797	2	35.128211975097656	35.128211975097656	0.3684265337481607	0.3684265337481607	True	False	1.1166912291829707	2.168490659793838	2.189985733041872	2.188862936706172	True	True
414	2116	634	1482	0.0025992889158017	0.0033633450236166	0.0518593443000078	0.002295687438896332	0.002037292627805058	0.2996219281663516	0.17292367938549624	1.1273407726416274	2.4732285789634187	6.453624998892692	1.1159845801827433	2.7600849573904536	4223	24.81762313842774	24.81762313842774	215	18.588076400756837	18.588076400756837	-0.25101302823899524	0.0	True	False	0.1732956493658726	1.12763147232288	0.0	0.0	False	False
415	813	202	611	0.0490348082519247	0.0571860491041927	-0.0600715507332987	0.0007314335373139732	0.0008399364342705063	0.24846248462484624	-0.1971668757776417	0.8722618058703995	1.2427099071518608	5.313205979041787	0.0	0.0	1407	27.396777343750003	27.396777343750003	7	23.270256805419923	23.270256805419923	-0.1506206546322668	0.0	True	False	-0.19732515686949093	0.8721661134518287	0.0	0.0	False	False
416	1760	253	1507	0.0	0.0	-0.354374441076193	0.000916102400695224	0.0020716599123496776	0.14375	-1.1748366348063488	0.4429339128307481	300.0	5.537334267018537	0.0	0.0	1745	34.97239456176758	34.97239456176758	26	27.99103546142578	27.99103546142578	-0.19962485233922014	0.0	True	False	-1.1765078669584135	0.4424211108960888	0.0	0.0	False	False
417	1102	201	901	2.3092638912203256e-14	5.0578511568679326e-14	-0.2309104434957029	0.0007278125792084585	0.0012385969349880952	0.1823956442831216	-0.7642839379266171	0.5887455119348928	13.296033955280674	5.308267697401205	0.0	0.0	1353	35.22881317138672	35.22881317138672	54	30.229154586791992	30.229154586791992	-0.14191958611468386	0.0	True	False	-0.7650231902518954	0.5884439097343042	0.0	0.0	False	False
418	686	59	627	0.0	0.0	-0.6057972391207115	0.00021363652822536843	0.0008619314963790629	0.08600583090379009	-2.001390170552435	0.24975921782688534	300.0	4.0943445622221	0.0	0.0	406	39.420536041259766	39.420536041259766	7	51.42168426513672	51.42168426513672	0.23338691439972117	0.23338691439972117	True	False	-2.002327585816108	0.24959698530473448	0.0	0.0	False	False
419	15	6	9	0.1622723533563161	0.1803960688529519	0.2445270310296388	2.1725748633088314e-05	1.2372222436063103e-05	0.4	0.8497759196752632	1.8022209813558765	0.7437729307301784	1.9459101490553132	1.6535875865189074	1.2298936854442102	30	9.031519889831543	9.031519889831543	12	7.723540210723877	7.723540210723877	-0.1448238718468971	0.0	True	False	0.8497877938098046	1.8022358146379391	0.0	0.0	False	False
420	1882	283	1599	0.0	0.0	-0.3314437381594889	0.0010247311438606654	0.0021981315194738783	0.1503719447396387	-1.0989366371956866	0.4668604764024066	300.0	5.648974238161206	0.0	0.0	1905	37.04753112792969	37.04753112792969	76	27.694607734680176	27.694607734680176	-0.25245740022331625	0.0	True	False	-1.1006338494542582	0.4663115763162192	0.0	0.0	False	False
421	1561	245	1316	0.0	0.0	-0.3094715148507691	0.0008871347358511062	0.0018090938584287828	0.15695067264573992	-1.025648876753614	0.49118932878754745	300.0	5.5053315359323625	0.0	0.0	1686	35.05361557006836	35.05361557006836	29	24.28052978515625	24.28052978515625	-0.3073316577965512	0.0	True	False	-1.0269823991165161	0.4907355188649049	0.0	0.0	False	False
422	795	259	536	9.915473288146792e-05	0.0001431526529381	0.1047532644505409	0.0009378281493283122	0.0007368345806366471	0.32578616352201256	0.34942008257911716	1.2740483975303118	3.8442005991219386	5.560681631015528	1.9430138347056256	7.469334947477582	1732	20.072280883789062	20.072280883789062	81	16.765092849731445	16.765092849731445	-0.16476393755174057	0.0	True	False	0.3497086759538046	1.2743032807133194	0.0	0.0	False	False
423	24	12	12	0.0004871646310389	0.0006668808516356	0.4206182900611925	4.345149726617663e-05	1.649629658141747e-05	0.5	1.3972637149777576	2.6340152804432058	3.175951752439475	2.5649493574615367	3.583910667936519	11.382327366419517	79	12.475522994995117	12.475522994995117	5	13.903054237365723	13.903054237365723	0.10267752811709425	0.10267752811709425	True	False	1.3973009838437296	2.634083325336718	0.367996903603875	0.367987088376206	True	True
424	1629	176	1453	0.0	0.0	-0.4961346564205105	0.0006372886265705906	0.0019974265777332988	0.10804174340085942	-1.6445272678873	0.31985118472530144	300.0	5.176149732573829	0.0	0.0	1182	34.06338882446289	34.06338882446289	50	31.534377670288087	31.534377670288087	-0.07424426169713842	0.0	True	False	-1.6464937408995794	0.3194155068909529	0.0	0.0	False	False
425	669	123	546	4.725723368181889e-09	8.696105706203558e-09	-0.2266692412014113	0.00044537784697831046	0.000750581494454495	0.18385650224215247	-0.74844673910947	0.5952440752694159	8.06067518978861	4.820281565605037	0.0	0.0	861	39.925662994384766	39.925662994384766	0					False	True	-0.748888939114881	0.5950616551524146			False	False
426	1960	248	1712	0.0	0.0	-0.4184337894522281	0.0008979976101676503	0.0023534716456155595	0.12653061224489795	-1.387522516195208	0.38222061149788994	300.0	5.517452896464707	0.0	0.0	1669	35.26844787597656	35.26844787597656	67	30.79545021057129	30.79545021057129	-0.126827176549839	0.0	True	False	-1.3896273613708985	0.3816633706452406	0.0	0.0	False	False
427	1360	229	1131	0.0	0.0	-0.2730088325228623	0.0008291994061628707	0.0015547759527985967	0.16838235294117648	-0.9044068108753276	0.5342523259935621	300.0	5.438079308923196	0.0	0.0	1587	38.55931091308594	38.55931091308594	16	38.13568115234375	38.13568115234375	-0.010986445315297882	0.0	True	False	-0.9054564668121383	0.5338637635069262	0.0	0.0	False	False
428	444	191	253	0.0	0.0	0.2985311361336593	0.0006916029981533113	0.0003477969195915517	0.43018018018018017	0.9926223598993733	1.9897985254630124	300.0	5.2574953720277815	5.21870746334225	260.9353731671125	1312	20.91763248443605	20.91763248443605	25	19.072626876831055	19.072626876831055	-0.08820336665623076	0.0	True	False	0.9931170033382628	1.9904808661555786	0.0	0.0	False	False
429	275	53	222	0.0006545319986057	0.0008878696899516	-0.2014588147824191	0.0001919107795922801	0.00030518148675622324	0.19272727272727272	-0.6589308244748562	0.6333474943987032	3.05165076968057	3.9889840465642745	0.0	0.0	364	50.46672172546384	50.46672172546384	7	79.70751953125	79.70751953125	0.36685118264559796	0.36685118264559796	True	False	-0.6590959007243686	0.633275029570846	0.0	0.0	False	False
430	584	76	508	0.0	0.0	-0.4044318299370759	0.00027519281601911865	0.000698343221946673	0.13013698630136986	-1.3354524061870912	0.39626778555340253	300.0	4.343805421853684	0.0	0.0	518	42.37948226928711	42.37948226928711	14	42.06732292175293	42.06732292175293	-0.00736581314397987	0.0	True	False	-1.3360648008567075	0.3960996136422895	0.0	0.0	False	False
431	18	11	7	3.096413709879897e-07	5.168363404223323e-07	0.6169129351826	3.9830539160661914e-05	9.622839672493525e-06	0.6111111111111112	2.013935075426252	4.038823430012916	6.286646957300087	2.4849066497880004	5.004440661167991	31.461151655520588	77	3.3280882835388184	3.3280882835388184	0					False	True	2.013977036570724	4.0389409019063205			False	True
432	10	6	4	0.0002762690522397	0.0003828543347396	0.5967095490806826	2.1725748633088314e-05	5.498765527139157e-06	0.6	1.9277784316765363	3.804688738417961	3.4169664313888193	1.9459101490553132	3.7512836153293065	12.818010188199128	30	12.171222686767578	12.171222686767578	12	12.171222686767578	12.171222686767578	0.0	0.0	True	False	1.9278002221950654	3.8047462050094545	0.0	0.0	False	False
433	30	16	14	3.5747452789003376e-06	5.691704362504438e-06	0.4786102370350016	5.7935329688235507e-05	1.924567934498705e-05	0.5333333333333333	1.583676839208639	2.9973277329181314	5.244757666048647	2.833213344056216	4.486894353518687	23.53267355736752	109	13.672722816467285	13.672722816467285	3	12.899022102355957	12.899022102355957	-0.05658717173579289	0.0	True	False	1.583731038260277	2.9974403384012747	0.0	0.0	False	False
434	307	71	236	0.0494115577659495	0.0574761384375941	-0.1010353641855621	0.00025708802549154506	0.0003244271661012103	0.23127035830618892	-0.32856132158324947	0.7963302010642244	1.2405124178443538	4.276666119016055	0.0	0.0	481	39.2213134765625	39.2213134765625	16	36.14102745056152	36.14102745056152	-0.07853602424206585	0.0	True	False	-0.3286601203695412	0.7962756685669052	0.0	0.0	False	False
435	921	141	780	0.0	0.0	-0.3222571999713847	0.0005105550928775754	0.0010722592777921358	0.15309446254071662	-1.0663328641682686	0.47753127762038916	300.0	4.955827057601261	0.0	0.0	964	42.15559005737305	42.15559005737305	23	36.08774261474609	36.08774261474609	-0.14393933128130143	0.0	True	False	-1.0671454944772538	0.47726237316832104	0.0	0.0	False	False
436	474	189	285	7.993605777301127e-15	1.7945644970041032e-14	0.2422352342267004	0.0006843610819422819	0.00039178704380866497	0.3987341772151899	0.8059708177860063	1.748321876161077	13.746040928420394	5.247024072160486	4.228948282382048	58.13129617379676	1288	20.947123146057116	20.947123146057116	35	18.980741500854492	18.980741500854492	-0.09387358977610998	0.0	True	False	0.8063915184066364	1.7488317741849195	0.0	0.0	False	False
437	1011	99	912	0.0	0.0	-0.5437413536657631	0.0003584748524459572	0.001253718540187728	0.09792284866468842	-1.7997924131333356	0.2872159127716153	300.0	4.605170185988092	0.0	0.0	650	39.144500732421875	39.144500732421875	43	33.571502685546875	33.571502685546875	-0.14236988446908716	0.0	True	False	-1.8010866388423796	0.28695837010061837	0.0	0.0	False	False
438	546	101	445	1.705195995516107e-07	2.9001250075255e-07	-0.2234203471337724	0.0003657167686569866	0.0006117376648942313	0.184981684981685	-0.7366819893589884	0.6001179595173634	6.537583281787789	4.624972813284271	0.0	0.0	695	40.03953170776367	40.03953170776367	12	49.668446731567386	49.668446731567386	0.19386382416674083	0.19386382416674083	True	False	-0.7370387167235446	0.5999695899539957	0.0	0.0	False	False
439	831	171	660	4.93306081539302e-07	8.143177595998036e-07	-0.1659295350866406	0.000619183836043017	0.000907296311977961	0.20577617328519857	-0.5480862700962579	0.6839267533626189	6.089206093498838	5.147494476813453	0.0	0.0	1187	35.83784942626954	35.83784942626954	10	71.73031311035156	71.73031311035156	0.5003806916172836	0.5003806916172836	True	False	-0.548503867083566	0.6837288151896412	0.0	0.0	False	False
441	9	5	4	0.0047264779645161	0.0060289449036016	0.5175283030475343	1.8104790527573596e-05	5.498765527139157e-06	0.5555555555555556	1.6867703321727419	3.2193520094305836	2.2197586849804147	1.791759469228055	3.022286715083462	6.708747184307443	20	12.04013442993164	12.04013442993164	15	12.02390193939209	12.02390193939209	-0.0013481984469539633	0.0	True	False	1.6867868986583883	3.2193889775032245	0.0	0.0	False	False
442	12	7	5	0.0002131244668248	0.000300921023913	0.5667463257146137	2.5346706738603035e-05	6.873456908923946e-06	0.5833333333333334	1.8447226919489772	3.5918390187861857	3.521547469121196	2.0794415416798357	3.835992998518158	13.508631435498247	42	11.82505989074707	11.82505989074707	7	11.82505989074707	11.82505989074707	0.0	0.0	True	False	1.8447477232479592	3.59190133907828	0.0	0.0	False	False
443	517	68	449	4.218847493575595e-15	9.61554581023067e-15	-0.3991191382304748	0.0002462251511750009	0.0006172364304213704	0.13152804642166344	-1.3168815075761628	0.4014016612021349	14.017026058732464	4.23410650459726	0.0	0.0	476	38.307376861572266	38.307376861572266	0					False	True	-1.3174186152691068	0.40125224931226533			False	False
445	1089	109	980	0.0	0.0	-0.5331812876871376	0.0003946844335011044	0.0013471975541490934	0.10009182736455463	-1.7653230456132185	0.29416080898371333	300.0	4.700480365792417	0.0	0.0	722	35.616390228271484	35.616390228271484	41	27.699419021606445	27.699419021606445	-0.22228449194103692	0.0	True	False	-1.7667000495815852	0.29388017631849267	0.0	0.0	False	False
447	44	14	30	0.4391967760079232	0.4695222676846607	0.0896250710363126	5.069341347720607e-05	4.124074145354368e-05	0.3181818181818182	0.32450737254244366	1.252236772669721	0.3283438059468672	2.70805020110221	0.8787822554727144	0.2885427103604832	93	14.234905815124511	14.234905815124511	5	15.006508827209473	15.006508827209473	0.05141788946179858	0.05141788946179858	True	False	0.3245193900639638	1.2522472037342323	0.045186802219332294	0.04518512887288606	False	False
448	17	9	8	0.0006227478732521	0.0008498899546814	0.4717708125025419	3.258862294963247e-05	1.0997531054278314e-05	0.5294117647058824	1.557728387171002	2.9438994310835795	3.070637303895821	2.302585092994046	3.5868021632336067	11.01376852411934	47	10.150430679321289	10.150430679321289	16	8.784307479858398	8.784307479858398	-0.13458770791331948	0.0	True	False	1.5577579167999378	2.9439596885496746	0.0	0.0	False	False
450	197	27	170	2.962598627975765e-06	4.733831971391882e-06	-0.3784668671445638	9.776586884889742e-05	0.00023369753490341417	0.13705583756345177	-1.2350045005217556	0.42484117426503315	5.3247871615299625	3.332204510175204	0.0	0.0	189	44.96889114379883	44.96889114379883	0					False	True	-1.2352022613297624	0.42478294215542567			False	False
451	21	7	14	0.4648702503303461	0.493443835457034	0.1195882944282323	2.5346706738603035e-05	1.924567934498705e-05	0.3333333333333333	0.44617331545870265	1.3624216967809673	0.3067622722531103	2.0794415416798357	0.9277913269538484	0.2846113756330909	38	15.895962715148926	15.895962715148926	11	11.105978965759277	11.105978965759277	-0.3013333533315835	0.0	True	False	0.4461804971928931	1.3624284789314274	0.0	0.0	False	False
453	8	6	2	1.806796712244818e-09	3.3661897253025862e-09	0.8977395446360901	2.1725748633088314e-05	2.7493827635695786e-06	0.75	2.7757753382314867	6.848439729152332	8.47286140994964	1.9459101490553132	5.401409402162095	45.765393282918374	30	13.511605262756348	13.511605262756348	12	9.27439193725586	9.27439193725586	-0.3135980694447924	0.0	True	False	2.7758010952845265	6.848561998374161	0.0	0.0	False	False
457	10	6	4	0.0002762690522397	0.0003828543347396	0.5967095490806826	2.1725748633088314e-05	5.498765527139157e-06	0.6	1.9277784316765363	3.804688738417961	3.4169664313888193	1.9459101490553132	3.7512836153293065	12.818010188199128	28	15.358667373657227	15.358667373657227	14	13.031512260437012	13.031512260437012	-0.15152064020942915	0.0	True	False	1.9278002221950654	3.8047462050094545	0.0	0.0	False	False
